SP_CODE,DBw,Hl,Hw,Tl,Tw,Al,Aw,FWl,FWw,HWl,HWw,Wsp1,Wsp2,Bl,n,VOUCHER_NR,FAMILY,SPECIES,LABEL_DATA
A001,0.548,0.16,0.34,1.12,0.54,1.75,0.48,4.56,1.4,2.75,1.04,10.06,9.66,3.03,1,993,Micropterigidae,"""Micropterix aureatella (Scopoli, 1763)""","""Italy, Campiglio, 1939"""
A002,0.275,0.21,0.67,0.69,0.67,1.17,0.31,3.66,1.16,3.28,1.47,7.71,7.99,2.09,2,2568/3755,Micropterigidae,"""Micropterix sp. cf. ibericella Caradja, 1920""","""Spain, Guadalajara, Durón, 730 m, VI-2014, 18-V-2015, E.G.B. leg."""
A003,0.294,0.33,0.65,0.75,0.63,1.50,0.35,3.83,1.26,3.50,1.48,8.26,8.29,2.60,2,6983/6984,Micropterigidae,"""Micropterix tunbergella (Fabricius, 1787)""","""Bulgaria, Rila, VII-1996"""
A004,0.598,0.27,0.87,1.18,0.85,1.96,0.44,5.49,1.76,4.72,2.10,11.34,11.83,3.42,1,994,Eriocraniidae,"""Eriocrania semipurpurella (Stephens, 1835)""","""No loc. (Spain? Europe): MNCN"""
A005,1250.72,4.36,6.8,19.65,8.56,24.77,8.83,55.53,24.22,40.78,25.30,107.57,119.62,48.78,1,6380,Hepialidae,"""Trictena atripalpis (Walker, 1856)""","""Australia, Victoria, Lakes Entrance, 6-V-1953, A.L. Brown leg."""
A006,573.88,1.89,5.23,16.04,6.91,29.33,5.95,43.49,19.44,33.36,22.31,86.03,93.89,47.26,1,2945,Hepialidae,"""Aenetus virescens (Doubleday, 1843)""","""New Zealand, N. Carrington, 3-III-2014"""
A007,970.45,2.16,5.83,20.30,10.65,30.87,6.86,53.38,19.93,37.43,20.75,115.92,117.42,53.33,1,915,Hepialidae,"""Abantiades hyalinatus (H.-S., 1853)""","""Australia, Queensland, Herceton, VII-1999"""
A008,1127.1,2.73,5.42,19.36,14.45,35.86,9.79,57.58,20.37,38.49,23.90,123.10,129.61,57.95,1,916,Hepialidae,"""Abantiades magnifica (Lucas, 1898)""","""Australia, Queensland (no label data)"""
A009,196.16,1.32,4.01,9.88,5.23,19.06,3.6,31.07,13.64,22.05,13.34,57.04,67.37,30.26,1,2878,Hepialidae,"""Oxycanus sp. A""","""Indonesia, Papua New Guinea, W. Papua, Arfak, Mybri area, 1500 m, VIII-2014"""
A010,68.98,1.60,4.15,6.92,4.54,11.29,3.71,22.53,9.37,17.74,8.05,45.71,49.60,19.81,1,4092,Hepialidae,"""Oxycanus sp. B""","""Vietnam, Kon Tum, Ngoc Linh, 1900 m, III-2016, L.T. Le leg."""
A011,314.814,1.54,4.59,11.38,6.15,16.35,4.13,33.65,14.55,27.22,12.57,70.13,73.46,29.27,2,7579/7581,Hepialidae,"""Oxycanus stellans Tyndale, 1935""","""Australia, Victoria, Paul's Range, Toolangi, (-37,528395 / 145,419524), 401 m,, 25-V-2017, K. Green, Australia, Victoria (no loc.), 2017"""
A012,50.639,1.83,3.89,6.79,4.18,10.36,4.27,21.54,9.17,17.32,8.00,41.65,47.26,18.98,1,4103,Hepialidae,"""Hepialiscus sp.""","""Vietnam, Kon Tum, Ngoc Linh, 1900 m, III-2016, L.T. Le leg."""
A013,347.38,2.32,4.73,16.30,5.8,25.25,5.01,46.31,18.36,38.99,17.54,90.53,98.42,43.87,1,3779,Hepialidae,"""Endoclita sp.""","""Vietnam, Quang Ngai, 900 m, V-2015"""
A014,20.31,1.11,2.07,4.26,3.51,8.08,2.01,12.64,5.63,9.98,4.89,27.79,28.79,13.46,1,7344,Hepialidae,"""Eudalaca albistriata (Hampson, 1910)""","""Rep. South Africa, Kwazulu-Natal prov., 45 km SW Estcourt, Giant`s Castle Camp, 29°16'23.05''S, 29°31'16.70''E, 21/22-II-2019, S.A. Knyazev leg."""
A015,46.13,1.12,2.81,6.52,4.19,8.72,1.53,16.88,6.66,14.56,6.27,36.13,37.95,16.34,1,2312,Hepialidae,"""Eudalaca ammon (Wallengren, 1860)""","""Rep. South Africa, OF Kimberley Wintersjoek, 8-III-2004, P. Cluck leg."""
A016,40.42,1.24,2.97,5.67,3.54,7.66,1.54,17.49,7.61,14.90,6.55,35.05,38.52,14.57,1,2313,Hepialidae,"""Gorgopis aurifuscata Janse, 1942""","""Rep. South Africa, Cape prov., Somerset East, Withoskloof, 300 m, 3-IV-1993, P. Cluck leg."""
A017,18.919,0.64,1.95,3.64,3.35,6.57,1.47,12.58,5.11,10.83,5.19,27.85,28.52,10.87,2,511/6300,Hepialidae,"""Korscheltellus lupulina (Linnaeus, 1758)""","""Spain, Madrid, Collado-Villalba, 13-VI-1998, Miraflores de la Sierra, 18-VI-1998"""
A018,50.24,0.99,1.94,5.11,3.45,8.95,2.47,17.05,7.19,13.89,6.77,35.93,37.55,15.06,1,7342,Hepialidae,"""Korscheltellus fusconebulosa (De Geer, 1778)""","""Poland, Tomaszóv, Boleslawiecki, 28-VI-2009, X. Dobrzanski leg."""
A019,91.45,0.83,2.25,5.65,4.97,13.59,3.53,24.19,9.1,20.81,9.34,51.78,53.35,20.08,1,2109,Hepialidae,"""Sthenopis auratus (Grote, 1818)""","""U.S.A., NY, Cambridge, V-2002"""
A020,521.790,1.66,3.88,12.79,7.42,24.22,5.38,46.02,19.35,38.04,17.08,90.00,99.46,38.68,2,7151/7258,Hepialidae,"""Sthenopis purpurascens (Packard, 1863)""","""Canada, Québec, St. Zenon, 27-VII-2002, R. Denis leg."""
A021,57.67,0.91,2.39,5.85,2.89,9.65,2.57,17.69,7.74,14.93,7.18,35.87,38.28,16.42,1,7343,Hepialidae,"""Pharmacis carna (Denis & Schiffermüller, 1775)""","""Austria, Austria OÖ, NP Kalkalpen Lackerb. Str., 600 m., 28-VI-2008, F. Stöckl leg."""
A022,40.503,0.64,1.84,5.06,3.27,8.73,2.30,15.24,6.55,13.18,6.46,31.83,33.76,14.45,6,203/755/2054/3844/3845/5370,Hepialidae,"""Triodia sylvina (L., 1761)""","""Russia, Tver region, Kimri distr., Shchelkovo,V-2014, A. Azarov leg., Spain, Guadalajara, Durón, 1982, 23-IX-2017, E.G.B. leg."""
A023,43.09,0.63,1.57,5.6,3.12,10.78,2.02,21.16,8.51,17.78,7.42,42.14,45.44,17.01,1,2308,Hepialidae,"""Hepialus humuli (L., 1758)""","""Slovakia, Martin, 5-VI-2007, Jagelka leg."""
A024,203.04,1.19,2.50,9.64,5.83,20.87,4.91,36.61,17.13,31.07,15.71,72.96,79.06,31.71,1,2939,Hepialidae,"""Zenophassus schamyl (Cristoph, 1888)""","""Russia, Krasnodarski krai, Apsheronski dirtr., Kamyshanova Polyana Nat. Res., VII-2012, A.I. Gubin leg."""
A025,14.385,0.41,1.52,3.09,2.20,8.21,1.63,13.78,5.49,10.92,4.52,28.50,29.78,11.73,3,5759/5760/5841,Hepialidae,"""Phymatopus hecta (L., 1758)""","""Belgique, Barvaux s/o, 20-VI-2000, Herzet leg., Austria, Saltzburg, Gaisbergspitze, 1230 m, 22-VII-2009, F. Grünwald leg."""
A026,41.36,0.84,1.71,5.05,3.17,8.00,1.72,15.01,6.42,12.92,5.99,32.56,33.20,13.89,1,7345,Hepialidae,"""Thitarodes variabilis (Bremer, 1861)""","""Russia, Russian Far East, Khabarovski Krai, Lazo distr., 7 km W Khor vill., river Khor, 47°53'39.67''N, 135°4'55.99''E, 17-VI-2016, S.A. Knyazev leg."""
A027,0.484,0.25,0.69,1.11,0.86,1.82,0.51,4.92,1.39,4.17,1.79,10.54,10.71,3.20,2,2646/4803,Opostegidae,"""Opostegoides menthinella (Mann, 1835)""","""Spain, Guadalajara, 2015, 2017"""
A028,0.741,0.24,0.71,1.29,1.05,2.31,0.59,5.72,1.69,4.89,2.01,12.36,12.50,3.85,5,940/960/6040/6041/6907,Opostegidae,"""Psudopostega crepusculella (Zeller, 1839)""","""Spain, Guadalajara, Durón, VI-2012, 2-VI-2018, 6-VI-2019, E.G.B. leg."""
A029,0.118,0.21,0.36,0.57,0.6,1.00,0.36,2.51,0.69,2.24,0.59,5.53,5.63,1.79,1,1106,Nepticulidae,"""Stigmella sp (cf. ilicifoliella, suberivora)""","""Spain, Guadalajara, Durón, VI-2013"""
A030,0.052,0.15,0.32,0.40,0.38,0.92,0.21,2.17,0.48,1.76,0.76,4.62,4.72,1.48,4,1274/1275/1108/1282,Nepticulidae,"""Trifurcula sp. A""","""Spain, Guadalajara, Durón, VI-2012"""
A031,0.044,0.11,0.28,0.39,0.38,0.79,0.2,1.92,0.42,1.6,0.39,4.17,4.23,1.29,2,1103/1102,Nepticulidae,"""Trifurcula sp. B""","""Spain, Guadalajara, Durón, IX-2012"""
A032,0.121,0.17,0.40,0.64,0.54,1.12,0.36,2.90,0.74,2.66,0.98,6.14,6.34,1.93,2,1107/6160,Nepticulidae,"""Trifurcula sp. C""","""Spain, Guadalajara, Durón, IX-2012, 8-VII-2018, E.G.B. leg."""
A033,0.175,0.14,0.42,0.74,0.58,1.18,0.33,3.35,0.83,3.03,1.26,7.07,7.29,2.08,4,2747/2748/2749/4025,Nepticulidae,"""Trifurcula serotinella (Herrich-Schäffer, 1855)""","""Spain, Guadalajara, Durón, 725 m., 10-V-2014, 8-VI-2014, 1-VI-2014, 7-IX-2014, E.G.B. leg."""
A034,0.077,0.12,0.27,0.47,0.42,0.85,0.26,2.23,0.48,1.89,0.41,4.81,4.89,1.45,3,177/1269/1101,Nepticulidae,"""Ectoedemia sp. A""","""Spain, Guadalajara, Durón, VI-2013"""
A035,0.123,0.11,0.29,0.54,0.53,1.04,0.31,2.48,0.59,2.12,0.59,5.41,5.49,1.70,2,1280/1281,Nepticulidae,"""Ectoedemia sp. B (cf. suberis)""","""Spain, Guadalajara, Durón, IX-2012"""
A036,0.1,0.31,0.29,0.62,0.41,0.82,0.26,2.85,0.55,2.37,0.98,6.02,6.12,1.75,1,2050,Nepticulidae,"""Ectoedemia sp. D (cf. decentella)""","""Spain, Guadalajara, Durón, IX-2013"""
A037,0.14,0.12,0.29,0.72,0.63,1.30,0.26,3.03,0.78,2.54,0.86,6.6,6.70,2.14,2,180/799,Nepticulidae,"""Ectoedemia sp. C""","""Spain, Guadalajara, Durón, VI-2012"""
A038,0.042,0.13,0.29,0.46,0.37,0.68,0.16,1.89,0.62,1.57,0.84,4.14,4.16,1.28,1,3739,Heliozelidae,"""Coptodisca lucifluella (Clemens, 1860)""","""Italy, lab. culture, 2014, U. Bernardo leg."""
A039,0.88,0.71,1.33,1.68,1.39,2.12,0.57,5.79,1.65,4.65,2.68,13.46,12.97,4.51,1,565,Adelidae,"""Adela sp. A""","""Spain, Madrid, Cantoblanco, 1982"""
A040,1.147,0.59,1.12,1.74,1.61,4.04,0.66,6.13,1.63,4.55,2.57,14.15,13.88,6.38,1,530,Adelidae,"""Adela sp. B""","""Manzanares el Real, Madrid, VII-1989"""
A041,3.46,0.78,2.06,2.58,1.97,4.57,0.83,11.94,4.09,7.89,4.16,30.72,25.85,7.93,1,5957,Adelidae,"""Adela sp. C""","""Vietnam, Quang Nam, Tay Giang, Axan mt., 1300 m, II-2018, T. Le Luong leg."""
A042,2.896,0.91,1.48,2.19,1.9,4.27,0.75,8.84,2.61,7.57,3.57,19.62,19.58,7.37,1,5083,Adelidae,"""Nemaphora  raddaella (Hübner, 1793)""","""Spain, Burgos, Monasterio de Rodilla, 20-VI.-2017, E.G.B. leg."""
A043,1.087,0.63,1.38,1.67,1.23,2.39,0.74,6.34,2.07,4.92,2.35,13.65,13.93,4.70,2,5080/5122,Adelidae,"""Nemaphora sp. C""","""Spain, Burgos, Temiño, 20-VI-2017, E.G.B. leg."""
A044,5.561,0.82,1.78,2.67,1.82,4.51,0.69,11.38,4.09,8.32,4.18,22.91,24.58,8.00,2,5119/5071,Adelidae,"""Nemophora decisella Walker, 1863""","""Vietnam, Kon Tum, Dakglei-Dak Man, Thac che, 28-IV-2017, V. Golovizin leg."""
A045,4.005,0.85,1.63,2.35,2.06,3.23,0.71,11.05,4.16,8.61,4.33,23.51,24.16,6.45,1,5125,Adelidae,"""Nemophora sp. A""","""Vietnam, Lam Dong, Lac Duong, Bidoup Nui Ba Natl. Park, X-2016"""
A046,0.897,0.52,1.21,1.37,1.17,2.14,0.62,5.84,1.75,4.78,2.50,12.21,12.87,4.04,3,4898/4920/4921,Adelidae,"""Nemophora sp. B""","""Spain, Madrid, Alcobendas, 28-IV-2017, 9-V-2017E.G.B. leg."""
A047,1.69,0.53,1.35,1.76,1.35,3.00,0.72,5.69,1.88,4.78,1.35,11.74,12.73,5.30,2,501/771,Adelidae,"""Cauchas sp. A""","""Spain, Valladolid, 6-VI-2012"""
A048,1.88,0.38,0.96,1.61,1.37,3.15,1.02,5.43,1.63,4.76,1.38,12.12,12.23,5.14,2,83/704,Adelidae,"""Cauchas sp. B""","""Spain, Ávila, Hoyocasero , 1982"""
A049,0.170,0.27,0.46,0.70,0.57,1.57,0.35,3.36,0.64,3.1,1.06,7.24,7.31,2.56,8,596/593/1105/1123/5296-5298/5303,Tischeriidae,"""Coptotriche marginea (Haworth, 1828)""","""Spain, Guadalajara, Durón, IX-2012, Budia, 950 m, 16-IX-2017, E.G.B. leg."""
A050,0.309,0.21,0.50,1.07,0.74,1.89,0.36,4.31,1.26,3.78,2.08,9.41,9.37,3.18,2,7697/7698,Tischeriidae,"""Coptotriche angusticollella (Duponchel, 1843)""","""Spain, Madrid, San Lorenzo del Escorial, 15-VIII-2005, C. Gómez de Aizpurua leg."""
B001,0.281,0.24,0.52,0.68,0.61,1.33,0.4,3.67,0.91,3.26,0.7,7.76,7.95,2.25,1,2653,Meessiidae,"""Eudarcia sp. A""","""Spain, Guadalajara, Durón, 2015"""
B002,0.204,0.25,0.56,0.78,0.65,1.57,0.31,4.20,1.06,3.63,1.45,8.84,9.05,2.60,1,7670,Meessiidae,"""Eudarcia sp. B""","""Spain, Madrid, Alcobendas, 16-XII-2020, E.G.B. leg."""
B003,0.301,0.25,0.42,0.74,0.54,1.12,0.34,3.27,0.84,2.82,1.32,7.15,7.10,2.12,1,4305,Meessiidae,"""Eudarcia sp. cf. pagenstecherella (Hübner, 1825)""","""Spain, Madrid, Cantoblanco, VII-20014, MLM leg."""
B004,4.526,0.64,1.40,2.49,1.76,4.02,1.07,9.65,3.70,8.09,4.75,20.37,21.07,7.15,2,2329/2332,Psychidae,"""Diplodoma sp.""","""Bulgaria, Stara Kresna, 4-IX-2013, Kalimantsi, 5-IX-2013, A. Szabó leg."""
B005,1.896,0.61,1.1,1.81,1.31,2.97,0.90,7.68,2.73,6.56,3.13,16.63,16.67,5.40,3,518/779/6234,Psychidae,"""Dissoctena granigerella Staudinger, 1859""","""Spain, Guadalajara, Durón, 1982, IX-2018, E.G.B. leg."""
B006,3.640,0.59,1.38,2.52,1.78,4.20,0.96,9.51,3.40,7.63,4.45,19.18,20.81,7.31,3,2331/2330/7474,Psychidae,"""Eochorica balcanica (Rebel, 1919)""","""Bulgaria, Kalimantsi, 5-IX-2013, A. Szabó leg."""
B007,1.216,0.35,0.91,1.68,1.35,2.35,0.91,8.3,3.82,6.9,3.8,16.39,17.95,4.38,2,2327/2328,Psychidae,"""Psychidae indet (Epichnopteryginae?)""","""Romania, Torda Maroslekence, 28-V-2005, A. Szabó leg."""
B008,5.249,0.29,1.33,2.65,2.11,4.71,1.03,6.98,4.18,6.35,4.88,16.09,16.08,7.65,2,4580/4680,Psychidae,"""Basicladus tracyi (Jones, 1911)""","""U.S.A., Louisiana, St. Tammany Parish  4.2 m NE Abita Springs, 10-VI-2016, V.A. Brou leg."""
B009,14.948,0.40,2.43,4.01,3.00,6.51,1.18,10.75,4.79,8.49,6.32,21.88,24.50,10.92,2,2325/2326,Psychidae,"""Psychini indet. A""","""Greece, Amfissa, IX-2013, A. Szabó leg."""
B010,8.348,0.70,2.02,3.66,2.20,5.17,1.50,11.21,5.16,5.88,4.56,22.23,24.64,9.54,2,7116/7117,Psychidae,"""Acanthopsychini indet.""","""Vietnam, Dông Tiên, Bình Thuân, V-2019, V. Nhon leg."""
B011,6.215,0.62,1.75,3.36,2.19,4.44,1.17,11.92,5.73,9.02,6.73,24.36,26.03,8.42,1,2212,Psychidae,"""Canephora hirsuta (Poda, 1761)""","""Slovakia, Muzla, 10-VII-1981, A. Titz leg."""
B012,91.144,0.98,2.68,7.58,4.87,12.44,2.28,20.48,7.23,10.81,8.57,41.68,45.83,21.01,2,2203/5970,Psychidae,"""Dappula tertius (Templeton, 1847)""","""Malaysia, Sabah, Borneo,Trusmadi Mt., VII-2011, V. Gromenko leg., Vietnam, Thua Thien Hue, Bach Ma mt., 1400 m., III-2017, T. Le Luong leg."""
B013,43.798,1.15,2.64,5.99,2.95,10.26,1.88,18.04,6.79,11.53,8.51,35.76,39.04,17.40,3,4831/4855/5067,Psychidae,"""Eumeta variegata (Snellen, 1879)""","""Thailand, Pattava, Koh-Larn ist., 27-XI-2016, 4-XII-2016, V. Golovizin leg."""
B014,14.600,0.42,1.87,4.05,3.15,7.7,1.63,11.14,4.9,8.75,7.01,23.27,25.44,12.17,2,5524/5525,Psychidae,"""Oiketicoides sp. (obscura / hispnolusitanica)""","""Spain, Madrid, Lozoyuela, 22/28-VII-2000, L. Romera leg."""
B015,38.130,1.00,2.46,5.81,4.79,12.34,2.68,13.82,5.16,6.75,6.24,28.50,32.44,19.15,2,2887/2888,Psychidae,"""Thyridopteryx ephemeraeformis (Haworth, 1803)""","""U.S.A., Louisiana, St Tammany Parish 4.2 mi NE Abita Springs, 24-VI-2014, V.A. Brou leg."""
B016,0.325,0.27,0.69,0.94,0.71,1.72,0.53,4.39,1.21,3.96,1.83,9.79,9.50,2.93,3,7532/7533/7534,Psychidae,"""Eumasia parietariella (Heydenreich, 1851)""","""Spain, Guadalajara, Durón, VIII/IX-2015, E.G.B. leg."""
B017,1.607,0.57,1.00,2.26,1.84,4.13,0.83,8.50,4.37,7.05,4.73,17.40,18.86,6.97,2,1133/1325,Psychidae,"""Apterona hecocoidella (Vallot, 1827)""","""Spain: Guadalajara, 1983"""
B018,35.50,0.83,1.97,5.24,4.49,11.56,1.78,15.04,5.54,8.39,7.22,30.96,34.57,17.61,1,3949,Psychidae,"""Oiketicus (Oiketicus) abbotii Grote, 1880""","""U.S.A., Louisiana, St. Tamany Parish, 30° 30.986'N, 89° 57.276'W, 2-VII-2015, V.A. Brou leg."""
B019,0.914,0.29,0.9,1.66,1.47,2.51,0.42,6.92,3.09,5.46,3.2,13.43,15.31,4.46,1,2211,Psychidae,"""Ptilocephala plumifera (Ochsenheimer, 1810)""","""Czeck Republic, Moravia, Bzenec, 1-V-1978, A. Titz leg."""
B020,1.267,0.35,1.11,2.13,2.02,3.90,1.02,7.98,3.68,6.16,2.9,15.76,17.98,6.38,2,559/560,Psychidae,"""Ptilocephala sp.""","""Spain, Madrid, El Pardo, 1984"""
B021,3.13,0.39,1.30,2.30,2.36,3.37,0.73,7.68,3.86,5.26,3.07,17.26,17.73,6.06,1,7659,Psychidae,"""Ptylocepfala sp. cf. albida (Esper, 1786)""","""Spain, Madrid, Cantoblanco, 21-IV-2021, E.G.B. leg."""
B022,2.87,0.44,1.04,2.60,1.98,4.37,0.83,8.49,3.8,6.56,3.85,17.70,18.97,7.41,1,544,Psychidae,"""Oreopsyche sp.""","""Spain, Madrid, Miraflores, 03-1998"""
B023,4.169,0.64,1.44,2.82,1.98,4.56,0.84,12.00,5.59,8.77,5.71,24.46,25.99,8.02,2,6111/6112,Psychidae,"""Sterrhopterix fusca (Haworth, 1809)""","""Russia, Omsk reg., Krutinsky distr., 44 km NW Krutinka, 5 km SWGulyai Pole, 7/8-VI-2016, S.A. Knyazev leg."""
B024,10.225,0.35,1.76,3.48,2.87,4.32,1.20,9.87,5.04,8.74,5.79,20.63,22.62,8.15,2,2323/2324,Psychidae,"""Megalophanes sp.""","""Hungary, Bugac, VI-2005, A. Szabó leg."""
B025,7.49,0.27,1.53,2.9,2.31,4.5,1.19,9.44,4.93,7.99,5.40,20.00,21.19,7.67,1,2210,Psychidae,"""Megalophanes viciella (D. & Schiff., 1775)""","""Czeck Republic, Moravia, Rohatec, 22-VI-1978, A. Titz leg."""
B026,8.34,0.95,1.93,3.12,2.14,6.04,0.97,10.63,3.5,8.41,4.01,22.19,23.41,10.11,1,5902,Eriocottidae,"""Compsoctena sp.""","""Thailand, Pattaya, Voh-Larn ist., 20-V-2017, V. GoloVizin leg."""
B027,2.622,0.71,1.28,1.90,1.49,5.50,1.19,12.09,2.95,10.53,4.68,25.21,25.68,8.12,4,7722-7725,Eriocottidae,"""Eriocottis paradoxella (Staudinger, 1859)""","""Spain, Guadalajara, Durón, 730 m, 6-XII-2021, E.G.B. leg."""
B028,2.348,0.61,1.26,2.16,1.89,5.63,1.21,12.25,3.13,10.72,4.63,25.45,26.39,8.41,2,7726/7727,Eriocottidae,"""Eriocottis sp. (hispanica, andalusiella?)""","""Spain, Los Yébenes, Quintos de Mora, Toledo, II-2021, A, Martín leg."""
B029,0.711,0.39,0.99,1.39,1.16,2.70,0.71,6.05,1.64,6.07,2.31,12.87,13.27,4.50,5,572/581/851/1115/7138,Tineidae,"""Crassicornella agenjoi (Petersen, 1957)""","""Spain, Guadalajara, Durón, VII-1981, IX-2012, 22-IX-2019, E.G.B. leg."""
B030,0.702,0.49,0.98,1.41,0.98,2.34,0.58,6.38,1.77,5.07,2.35,13.25,13.74,4.25,2,617/6227,Tineidae,"""Ateliotum cf. petrinella H.-S.""","""Spain, Guadalajara, Durón, IX-2012, IX-2018, E.G.B. leg."""
B031,0.597,0.38,0.77,1.31,1.14,2.52,0.40,5.72,1.30,4.57,1.56,12.48,12.58,4.22,4,114/168/718/746,Tineidae,"""Nemapogon sp. cf. nevadella (Caradja, 1920)""","""Spain, Guadalajara, Durón, 3-VI-2012"""
B032,1.257,0.29,0.89,1.38,1.20,2.85,0.64,6.21,1.61,5.16,2.51,13.55,13.62,4.54,3,2611/2612/2613,Tineidae,"""Nemapogon cf. inconditella (Lucas, 1956)""","""Spain, Guadalajara, Durón, 730 m., VI-2014, E.G.B. leg."""
B033,0.208,0.25,0.64,0.94,0.71,1.24,0.40,4.96,1.45,4.04,2.27,10.32,10.64,2.44,2,6086/6088,Tineidae,"""Lichenotinea pustulatella (Zeller, 1852)""","""Spain, Guadalajara, Durón, 730 m, 9-VI-2018, E.G.B. leg."""
B034,0.167,0.22,0.56,0.69,0.63,1.54,0.47,3.47,0.84,2.86,1.05,7.00,7.57,2.46,4,586/614/616/6154,Tineidae,"""Infurcitinea sp. A (cf. albicomella Stainton, 1851)""","""Spain, Guadalajara, Durón, IX-2012, 29-VI-2018, E.G.B. leg."""
B035,0.149,0.21,0.43,0.78,0.67,1.00,0.38,3.27,0.59,2.28,0.73,6.78,7.23,2.00,2,610/1326,Tineidae,"""Infurcitinea sp. B (cf. atrifasciella)""","""Spain, Guadalajara, Durón, IX-2012"""
B036,0.11,0.21,0.36,0.75,0.63,0.95,0.39,3.15,0.60,1.95,0.55,6.50,6.94,1.91,1,1104,Tineidae,"""Infurcitinea sp. C""","""Spain, Guadalajara, Durón, IX-2012"""
B037,0.299,0.27,0.68,0.91,0.75,1.66,0.47,4.38,1.22,3.81,1.77,9.51,9.52,2.84,6,2638/2639/2640/2641/5181/5182,Tineidae,"""Infurcitinea sp. D""","""Spain, Guadalajara, Durón, 2015, 10-V-2015, E.G.B. leg."""
B038,0.844,0.39,0.92,1.33,1.13,2.82,0.68,6.74,1.67,5.83,2.74,14.20,14.62,4.55,6,2545/2608/3685/4246/4939/4940,Tineidae,"""Reisserita chrysopterella (Herrich-Schäffer, 1854)""","""Spain, Guadalajara, Durón, 22-VI-2014, 30-V-2015, Madrid, Cantoblanco, VII-2014, VI-2016, 23-V-2017, E.G.B. leg."""
B039,1.687,0.56,1.10,1.67,1.32,3.46,0.93,7.23,1.61,5.51,2.55,15.54,15.78,5.70,2,7702/7703,Tineidae,"""Phereoeca allutella (Rebel, 1892)""","""Spain, Tenerife, Santa Cruz de Tenerife, 7-III-2011, C. Gómez de Aizpurua leg."""
B040,0.968,0.54,0.94,1.17,1.06,2.21,0.86,5.06,1.47,4.45,2.67,10.64,11.19,3.92,4,4248/4249/4919/4941,Tineidae,"""Ceratuncus danubiella (Mann, 1866)""","""Spain, Madrid, Valdelatas, VI-2016, 9/23-V-2017, E.G.B. leg."""
B041,2.576,0.26,1.07,1.67,1.55,2.91,0.92,6.55,1.8,5.46,2.50,13.92,14.65,4.84,2,2665/2666,Tineidae,"""Cephimallota crassiflavella Bruand 1851""","""Spain, Guadalajara, Durón, 22-VI-2014"""
B042,1.515,0.42,1.16,1.46,1.29,3.34,0.70,6.90,1.67,5.71,2.80,14.73,15.11,5.23,5,4214-4216/4886/4887,Tineidae,"""Anomalotinea liguriella (Millière, 1879)""","""Spain, Alicante, 3 m, 12-VI-2016, 12-IV-2017, E.G.B. leg."""
B043,2.226,0.55,1.35,2.05,1.53,5.51,0.67,9.49,2.34,7.97,3.3,21.66,20.52,8.11,1,2455,Tineidae,"""Trichophaga bipartitella (Ragonot, 1892)""","""Spain, Madrid, Cantoblanco, IV-2014"""
B044,2.123,0.49,1.26,2.02,1.51,3.90,0.94,9.01,2.33,7.41,3.26,19.30,19.53,6.41,4,6158/6162/7701/7712,Tineidae,"""Trichophaga tapetzella (L., 1758)""","""Spain, Guadalajara, Durón, 8-VII-2018, E.G.B. leg., no data, C. Gómez leg."""
B045,0.533,0.39,0.83,1.11,1.01,2.83,0.49,5.95,1.35,4.99,1.96,12.14,12.90,4.33,1,4050,Tineidae,"""Monopis sp.""","""Spain, Alicante, El Saladar, 24-III-2016, E.G.B. leg."""
B046,2.251,0.36,1.21,1.78,1.63,4.23,0.62,8.32,2.33,7.1,3.63,18.14,18.27,6.37,1,3500,Tineidae,"""Monopis sp. (obviella / crocicapitella)""","""Spain, Madrid, Alcobendas, 13-IV-2015"""
B047,0.351,0.31,0.66,0.99,0.98,2.66,0.37,4.79,1.03,4.00,1.70,10.45,10.56,3.97,3,889/890/3909,Tineidae,"""Tineola bisselliella (Hummel, 1823)""","""Spain, Madrid, 1994, no data, Cantoblanco, 2015"""
B048,0.275,0.24,0.75,1.05,0.86,1.94,0.47,4.8,0.92,3.95,1.7,9.81,10.46,3.23,1,2014,Tineidae,"""Tinea pellionella (L., 1758)""","""Spain, Madrid, Alcobendas, VIII-2013"""
B049,0.562,0.38,0.96,1.18,1.21,3.06,0.48,5.29,1.37,4.08,2.15,11.22,11.79,4.62,1,2028,Tineidae,"""Tinea trinotella Thünberg, 1894""","""Spain, Guadalajara, Durón, IX-2013"""
B050,20.702,1.03,2.60,4.65,3.37,9.58,2.02,19.11,6.60,16.16,7.48,40.35,41.57,15.27,2,4117/4118,Tineidae,"""Scardia boletella (Fabricius, 1794)""","""Russia, Omsk, Davidovka, 2015, S.A. Knyazev leg."""
B051,18.78,0.87,2.69,4.49,3.17,10.08,1.89,19.06,6.54,16.28,7.65,41.01,41.29,15.44,1,4119,Tineidae,"""Scardiinae indet.""","""Vietnam, Quang Ngai, Bato mt., 900 m, V-2015"""
B052,0.78,0.48,0.91,1.36,1.35,3.61,0.81,6.57,1.67,5.55,2.47,14.61,14.49,5.44,1,3856,Tineidae,"""Rhodobates unicolor (Staudinger, 1871)""","""Spain, Cantabria, Medio Cudeyo, VIII-2015"""
B053,61.73,0.98,3.28,4.64,4.14,10.12,2.70,17.51,7.04,14.90,8.25,36.17,39.17,15.74,1,7465,Tineidae,"""Acrolophus sp.""","""Rep. Dominicana, La Vega, near Constanza Town, 1-V-2019, V. Golovizin leg."""
B054,7.73,0.97,2.06,3.62,2.15,5.81,1.59,11.71,4.8,10.53,5.55,23.94,25.57,10.41,1,1308,Tineidae,"""Acrolophus sp. cf. propinquus""","""U.S.A., Ohio, Portage Co., Triangle Lake, Ravena Bog, 15-VII-1985"""
B055,13.425,1.09,2.14,3.38,2.03,7.22,1.21,12.23,3.95,10.22,5.02,24.72,26.49,11.69,1,1309,Tineidae,"""Acrolophus sp. cf. variabilis""","""U.S.A., Arizona, Santa Croz Co., Ruby Mine, 19-VII-1996, W.F. Babcock col."""
B056,16.326,0.61,2.04,3.65,2.94,6.25,2.05,14.41,5.26,11.55,6.37,30.62,31.77,10.51,2,5938/5901,Tineidae,"""Acrolophus walsinghami Möschler, 1890""","""Rep. Dominicana, La Vega prov., near Constanza, 15-XII-2017, V. Golovizin leg."""
B057,26.81,1.09,2.51,4.03,3.52,7.83,1.57,13.46,5.36,11.42,6.52,28.22,30.44,12.95,1,4698,Tineidae,"""Acrolophus plumifrontella (Clemens, 1895)""","""U.S.A., Ohio, Morgan Co., Ohio Power, 24-VII-1988"""
B058,12.584,0.93,1.63,3.36,1.82,9.12,1.44,17.87,5.37,15.33,7.13,37.33,37.58,13.42,2,3405/5272,Tineidae,"""Coryptilum sp. (near C. rutilella)""","""Indonesia, East Java, Mt. Argopuro, II-2017, E. Sanjaya leg., Vietnam, Lam Dong, Bao Loc, Maria past., II-2015"""
B059,1.495,0.45,1.13,1.62,1.27,3.15,0.62,7.00,1.82,5.76,2.70,14.92,15.29,5.22,8,4213/4221/6095-6099/6284,Tineidae,"""Myrmecozela sp.""","""Spain, Alicante, 3 m, 12-VI-2016, 18-VI-2018, 1-IX-2018, E.G.B. leg."""
B060,3.84,0.59,1.58,2.36,1.79,5.25,1.36,11.61,3.56,9.43,4.49,22.95,25.03,8.20,1,6245,Tineidae,"""Euplocamus anthracinalis (Scopoli, 1763)""","""Hungary, Kiskunfélegyháza, 27-IV-2016, A. Szabó leg."""
C001,1.003,0.44,0.83,1.35,1.06,2.91,0.54,6.74,1.37,5.58,2.51,14.37,14.55,4.70,14,80/81/701/702/4217/4138/4142/4143/4145/4243/4332/4895/5215/6164,Plutellidae,"""Plutella (Plutella) xylostella (L., 1758)""","""Spain, Madrid, VI-2016, Guadalajara, Durón, 1989, 30-IV-2017, Alicante, 3 m, 12-VI-2016, Huesca, Panticosa, 31-VII-2016, E.G.B. leg."""
C002,1.543,0.64,1.15,1.79,1.34,3.63,0.82,9.43,2.11,7.82,3.26,19.80,20.21,6.07,1,5778,Plutellidae,"""Rhigognostis sp. A (cf. annulatella)""","""Spain, Guadalajara, Durón, I-2018, E.G.B. leg."""
C003,1.21,0.38,0.79,1.31,0.73,2.57,0.55,6.12,1.61,5.29,2.53,12.81,12.97,4.26,1,6133,Plutellidae,"""Rhigognostis sp. B (cf. incarnatella)""","""Spain, Madrid, Rascafría, 26-VI-2018, E.G.B. leg."""
C004,0.119,0.21,0.44,0.67,0.56,1.26,0.29,2.85,0.74,2.32,1.09,6.22,6.26,2.16,2,4916/4928,Glyphipterigidae,"""Chrysoclista sp. (cf. simpliciella)""","""Spain, Madrid, Alcobendas, 9-V-2017, E.G.B. leg."""
C005,1.023,0.35,0.84,1.44,1.12,3.07,0.70,6.72,2.03,5.72,2.84,13.96,14.57,4.86,9,5045-5048/5050-5053/5059,Glyphipterigidae,"""Chrysoclista thrasonella (Scopoli, 1763)""","""Spain, Madrid, Rascafría, 13-VI-2017, E.G.B. leg."""
C006,0.430,0.31,0.55,0.99,0.81,2.06,0.48,4.66,1.26,3.82,1.94,9.89,10.14,3.37,3,2556/3751/4949,Glyphipterigidae,"""Crhysoclista sp. (= Glyphipteryx)""","""Spain, Guadalajara, Durón, 1-V-2014, 3-V-2015, 28-V-2017, E.G.B. leg."""
C007,7.44,0.73,1.34,3.09,1.93,6.85,0.92,14.03,2.72,11.72,4.85,28.31,29.99,10.67,1,2864,Ypsolophidae,"""Ypsolopha mucronella (Scopoli, 1763)""","""Bulgaria, Kalimantsi, 4-IV-2014, A. Szabó leg."""
C008,3.449,0.63,1.30,2.27,1.52,5.12,0.84,10.72,2.68,8.72,4.00,22.63,22.97,8.02,1,4373,Ypsolophidae,"""Ypsolopha nemorella (L., 1758)""","""Spain, Huesca, Yésero, 29-VII-2016"""
C009,3.014,0.68,1.05,1.92,1.43,4.75,0.64,8.90,1.84,7.69,3.38,18.67,19.24,7.35,2,2399/2400,Ypsolophidae,"""Ypsolopha sp. (cf scabrella)""","""Spain, Guadalajara, Durón, 2014"""
C010,2.225,0.53,1.00,2.05,1.43,3.01,0.90,7.82,2.31,6.77,3.54,17.00,17.09,5.59,4,2565/2566/2873/7140,Ypsolophidae,"""Ypsolopha sp. B (cf. sylvella)""","""Spain, Guadalajara, Durón, 730 m, VI-2014, 22-IX-2019, E.G.B. leg."""
C011,2.414,0.49,1.04,1.84,1.33,3.38,0.79,8.04,2.03,7.42,3.71,17.00,17.42,5.72,1,3658,Ypsolophidae,"""Ypsolopha sp. C (cf. vitella)""","""Spain, Guadalajara, Durón, 7-VII-2015"""
C012,1.536,0.74,1.04,1.88,1.39,3.49,0.88,8.87,1.96,7.75,3.92,19.18,19.13,6.11,1,3657,Ypsolophidae,"""Ypsolopha ustella (Clerck, 1759)""","""Spain, Guadalajara, Durón, 7-VII-2015"""
C013,1.320,0.34,0.91,1.28,1.14,2.78,0.63,6.65,1.49,5.50,2.34,14.12,14.46,4.41,7,2656/3706/4018/4254/4309/6905/6919,Yponomeutidae,"""Zelleria oleastrella (Millière, 1864)""","""Spain, Guadalajara, Durón, 730 m, VI/VII-2014/2015, 6-VI-2019, 23-VI-2019, E.G.B. leg."""
C014,0.463,0.34,0.57,0.95,0.74,1.91,0.41,4.43,1.36,3.04,1.71,9.45,9.61,3.22,1,3758,Yponomeutidae,"""Cedestis subfasciella (Stephens, 1834)""","""Spain, Guadalajara, Durón, 6-VIII-2014, E.G.B. leg."""
C015,7.82,0.54,1.4,2.86,2.35,5.68,1.44,12.52,2.98,10.97,4.89,26.98,27.39,9.04,1,995,Yponomeutidae,"""Yponomeuta gigas (Rebel, 1892)""","""Spain, Tenerife, La Laguna"""
C016,5.220,0.37,1.18,2.06,1.68,4.11,0.91,9.85,2.71,8.62,3.85,21.11,21.39,6.55,4,5130/5135/5136/5138,Yponomeutidae,"""Yponomeuta mahalebellus Guenée, 1845""","""Spain, Madrid, Rascafría, 11-VII-2017, E.G.B. leg."""
C017,3.886,0.46,1.36,2.30,2.29,5.08,1.01,10.46,2.90,9.04,3.95,22.44,23.22,7.85,2,79/700,Yponomeutidae,"""Yponomeuta malinellus (Zeller, 1838)""","""Spain, Guadalajara, Durón, 1989"""
C018,12.184,0.73,1.56,2.92,2.60,6.08,1.55,12.36,3.46,11.38,4.69,27.88,27.32,9.73,3,525/7684/7713,Yponomeutidae,"""Yponomeuta padella (L., 1758)""","""Spain, Madrid, Cantoblanco, 1984, Canarias, La Palma, 4-VI-2009, C. Gómez de Aizpurua leg."""
C019,1.281,0.54,0.92,1.56,1.26,3.76,0.70,7.83,1.89,6.55,3.04,16.55,16.93,5.87,5,3783-3785/5078/5120,Yponomeutidae,"""Parahyponomeuta egregiella (Duponchel, 1839)""","""Spain, León, Truchillas, 16-VII-2015, Burgos, Temiño, 20-VI-2017, E.G.B. leg."""
C020,84.58,0.46,2.66,5.52,4.27,11.62,4.43,26.41,9.02,22.63,12.05,54.51,57.09,17.58,1,2764,Yponomeutidae,"""Nosymna sp. A""","""Malaysia, Pahang, Brinchang, 1500m, III/IV-2014, A. Vishnyakov leg."""
C021,76.97,0.91,3.00,6.54,4.08,11.57,3.75,26.48,8.93,21.15,11.41,53.57,57.04,19.02,1,4164,Yponomeutidae,"""Nosymna sp. B""","""Vietnam, Lam Dong, Lac Duong, Bidoup Nui Ba Natl. Pk., 20-III-2016, Vo Van Nhon leg."""
C022,1.091,0.29,0.71,1.17,0.98,2.45,0.66,5.14,1.24,4.32,2.01,11.05,11.26,3.91,2,4318/4319,Argyresthiidae,"""Argyresthia cf. pruniella (Clerck, 1759)""","""Spain, Huesca, Yésero, 29-VII-2016"""
C023,0.374,0.20,0.76,1.06,0.86,2.25,0.60,5.19,1.19,4.42,1.72,10.89,11.24,3.52,1,2728,Argyresthiidae,"""Argyresthia sp.""","""Spain, Guadalajara, Durón, 725 m., 5-VII-2014"""
C024,0.102,0.17,0.39,0.66,0.50,1.05,0.39,2.64,1.51,1.97,1.11,5.68,5.79,1.89,2,182a/3164,Lyonetiidae,"""Leucoptera sp. A""","""Spain, Guadalajara, Durón, VI-2012"""
C025,0.087,0.09,0.3,0.72,0.54,0.97,0.18,3.02,0.99,2.68,1.37,6.72,6.58,1.78,1,2717,Lyonetiidae,"""Leucoptera sp. B (similar to spartifoliella)""","""Spain, Guadalajara, Durón, 725 m., 7-V-2014"""
C026,0.139,0.16,0.43,0.78,0.66,1.31,0.34,3.91,0.83,3.46,1.05,8.57,8.50,2.26,2,102/3651,Lyonetiidae,"""Phyllobrostis sp.""","""Spain, Guadalajara, Durón, 3-VI-2012"""
C027,0.790,0.27,0.80,1.33,1.20,2.09,0.89,5.35,1.34,4.85,2.26,11.57,11.90,3.69,3,2856/3169/6171,Heliodinidae,"""Heliodines roesella (L., 1758)""","""Spain, Lérida, Barruera, VIII-2014, Guadalajara, Durón, 22-VII-2018, E.G.B. leg."""
C028,0.286,0.27,0.57,1.21,0.72,2.03,0.37,4.68,1.05,3.96,1.60,9.90,10.09,3.52,5,2049/2128/4015/4016/5117,Bedelliidae,"""Bedellia somnulentella (Zeller, 1847)""","""Spain: no loc., 1982, Guadalajara, Durón, 730 m, 6-VIII-2014, 28-VI-1982, Budia, VI-2017, E.G.B. leg."""
C029,0.696,0.42,0.93,1.42,1.16,2.32,0.64,5.99,1.51,5.28,2.5,13.11,13.15,4.17,2,937/959,Praydidae,"""Prays oleae (Bernard 1788)""","""Spain, no data"""
C030,1.283,0.36,0.95,1.85,1.44,4.99,0.95,11.32,2.10,9.33,3.67,24.03,24.08,7.20,2,936/958,Praydidae,"""Distagmos ledereri Herrich-Schäffer 1854""","""Spain, Guadalajara, Durón, IV-1982"""
C031,13.550,0.73,1.56,3.27,2.18,8.23,1.22,13.14,3.70,11.90,4.74,27.72,28.47,12.24,2,3149/3150,Attevidae,"""Atteva niveigutta Walker, 1854""","""Vietnam, Lao Cai, Sapa, 11-V-2014, N. Vo Van leg."""
C032,8.50,0.91,1.44,3.51,2.52,6.64,1.46,12.15,3.74,10.87,4.03,27.04,26.82,11.06,1,2057,Attevidae,"""Atteva punctella (Cramer, 1782)""","""U.S.A., Tennessee, Franklin, 2011"""
C033,7.69,0.66,1.54,3.01,1.89,6.83,1.26,12.24,3.71,11.14,4.21,26.73,26.37,10.49,1,4168,Attevidae,"""Atteva sciodoxa Meyrick, 1908""","""Vietnam, Lam Dong, Lac Duong, Bidoup Nui Ba Natl. Pk., 20-III-2016, Vo Van Nhon leg."""
C034,0.075,0.14,0.33,0.48,0.37,0.90,0.32,2.43,0.62,2.04,1.03,5.07,5.23,1.52,1,1271,Bucculatricidae,"""Bucculatrix sp. A""","""Spain, Guadalajara, Durón, VI-2012"""
C035,0.354,0.08,0.42,0.93,0.78,1.88,0.52,4.00,1.17,3.96,2.35,9.11,8.78,2.91,1,4019,Bucculatricidae,"""Bucculatrix sp. B (cf. alaternella)""","""Spain, Guadalajara, Durón, 730 m, 7-IV-2015, E.G.B. leg."""
C036,0.261,0.17,0.44,0.72,0.54,1.54,0.39,4.2,1.26,3.64,1.55,8.74,8.94,2.43,1,6026,Bucculatricidae,"""Bucculatrix sp. C""","""Spain, Guadalajara, Escamilla, 1040 m, 21-V-2018, E.G.B. leg."""
C037,0.451,0.22,0.55,1.10,0.88,2.11,0.43,5.16,1.51,4.02,2.00,10.48,11.20,3.43,1,7669,Bucculatricidae,"""Bucculatrix sp. D""","""Spain, Madrid, Cantoblanco, 25-VI-2021, E.G.B. leg."""
C038,0.162,0.20,0.55,0.86,0.58,1.32,0.24,4.05,1.07,3.52,1.45,8.64,8.70,2.39,2,6233/6237,Gracillariidae,"""Parornyx sp.""","""Spain, Guadalajara, Durón, IX-2018, E.G.B. leg."""
C039,0.492,0.29,0.59,1.05,0.76,2.43,0.43,5.06,1.17,4.20,1.98,10.80,10.89,3.78,3,3757/3902/7139,Gracillariidae,"""Aspilapteryx tringipennella (Zeller, 1839)""","""Spain, Guadalajara, Durón, 3-V-2015, 22-IX-2019, E.G.B. leg."""
C040,0.198,0.33,0.38,0.84,0.53,1.25,0.4,4.55,1.14,3.66,1.69,9.52,9.63,2.42,1,5056,Gracillariidae,"""Caloptilia sp. (cf. rufipenella)""","""Spain, Madrid, Rascafría, 13-VI-2017, E.G.B. leg."""
C041,0.171,0.30,0.45,0.94,0.62,1.55,0.30,4.49,1.04,3.81,1.72,9.44,9.61,2.80,2,3775/4209,Gracillariidae,"""Caloptilia sp.""","""Spain, Guadalajara, Durón, 18-V-2015, 30-V-2015"""
C042,0.337,0.21,0.49,0.85,0.63,2.07,0.4,4.71,1.13,4.11,1.67,9.25,10.05,3.13,1,4052,Gracillariidae,"""Dialectica scalariella (Zeller, 1850)""","""Spain, Alicante, El Saladar, 24-III-2016, E.G.B. leg."""
C043,0.271,0.3,0.52,0.91,0.6,1.89,0.34,4.1,0.83,3.36,1.83,8.87,8.8,3.10,2,3688/3695,Gracillariidae,"""Acrocercops sp.""","""Spain, Guadalajara, Durón, 4-VII-2015"""
C044,0.103,0.23,0.48,0.79,0.69,1.54,0.38,3.19,0.71,2.82,0.99,6.99,7.07,2.57,2,2010/2011,Gracillariidae,"""Cameraria ohridella Deschka & Dimit, 1986""","""Bulgaria, Blagoevgrad, VIII-2013"""
C045,0.184,0.14,0.42,0.80,0.72,1.58,0.37,4.01,0.88,3.43,1.02,8.99,8.75,2.53,3,1111/110/714,Gracillariidae,"""Phyllonorycter sp. A""","""Spain, Guadalajara, Durón, VI-2012"""
C046,0.162,0.19,0.42,0.85,0.67,1.72,0.36,3.88,0.89,3.14,1.45,7.90,8.43,2.77,2,609/7528,Gracillariidae,"""Phyllonorycter sp. C""","""Spain, Guadalajara, Durón, IX-2012, 5-IX-2020, E.G.B. leg."""
C047,0.105,0.17,0.45,0.77,0.54,1.13,0.29,2.99,0.62,2.54,1.11,6.52,6.53,2.08,3,595/1110/1284,Gracillariidae,"""Phyllonorycter trifasciella (Haworth, 1828)""","""Spain, Durón, Guadalajara, IX-2012"""
C048,0.239,0.32,0.35,0.93,0.41,1.86,0.34,4.09,0.73,3.55,0.86,8.58,8.59,3.11,1,2076,Gracillariidae,"""Phyllonorycter sp. E""","""Spain, Guadalajara, Durón, 21-IX-2013"""
C049,0.141,0.16,0.33,0.62,0.48,1.08,0.45,2.85,0.78,2.39,1.09,5.78,6.18,1.86,1,2649,Gracillariidae,"""Phyllonorycter schreberalla (Fabricius, 1781)""","""Spain, Guadalajara, Durón, 730 m, 22-VI-2014, E.G.B. leg."""
C050,0.109,0.23,0.41,0.75,0.56,1.22,0.31,3.02,0.67,2.2,1.56,6.17,6.6,2.2,1,2015,Gracillariidae,"""Phyllonorycter sp. D (cf. scorpius)""","""Spain, Guadalajara, Durón, IX-2013"""
C051,1.003,0.48,0.9,1.56,1.24,2.41,0.67,5.80,2.17,4.69,2.85,12.13,12.85,4.46,2,2926/6885,Choreutidae,"""Anthophila fabriciana (L., 1767)""","""Denmark, Gronsund, 16-VI-1988, A.I. Madsen leg., Italy, Campobasso, San Massimo, Campitello Matese, 1500 m, 5-VI-2019, E.G.B. leg."""
C052,0.902,0.47,0.78,1.91,1.31,2.51,0.78,5.85,2.37,5.00,3.13,12.02,13.02,4.89,2,2862/2927,Choreutidae,"""Prochoreutis sehestediana (Fabricius, 1776)""","""Denmark, Sjaelland Kattehalemose, 29-VIII-1973, H. Hendriksen leg."""
C053,0.436,0.33,0.76,1.18,1.02,1.76,0.64,4.35,1.68,3.38,2.27,9.6,9.72,3.27,1,2082,Choreutidae,"""Tebenna sp cf micalis (Mann, 1857)""","""Spain, Guadalajara, Durón, 7-X-2013"""
C054,3.251,0.34,1.02,2.31,1.73,3.01,1.07,6.82,3.28,5.42,3.98,13.95,15.37,5.67,3,2560/6163/6168,Choreutidae,"""Choreutis nemorana (Hübner, 1799)""","""Spain, Guadalajara, Durón, VII-2014, 22-VII-2018, E.G.B. leg."""
C055,9.342,0.87,1.65,3.06,2.54,6.45,1.96,13.05,4.53,10.76,5.27,28.02,28.66,10.38,3,2889/2890/2905,Urodidae,"""Urodus parvula (Edwards, 1881)""","""U.S.A., Louisiana, St Tammany Parish 4.2 mi NE Abita Springs, 4-IV-2014, V.A. Brou leg."""
C056,0.15,0.17,0.60,0.95,0.76,1.53,0.36,4.57,1.19,4.1,1.93,9.81,9.91,2.66,2,6024/6032,Douglasiidae,"""Klimeschia transversella (Zeller, 1839)""","""Spain, Guadalajara, Escamilla, 1040 m, 21-V-2018, E.G.B. leg."""
C057,0.380,0.19,0.59,0.98,0.74,1.55,0.43,4.15,1.10,3.47,1.98,8.31,9.04,2.73,2,4134/7660,Douglasiidae,"""Tinagma balteolella (Fischer von Röslerstamm, 1841)""","""Spain, Madrid, Valdelatas, 5-V-2015, 21-IV-2021, E.G.B. leg."""
C058,0.359,0.25,0.50,0.89,0.78,1.65,0.51,3.72,1.18,3.39,1.89,8.07,8.23,2.79,2,4899/4900,Douglasiidae,"""Tinagma cf. klimeschi""","""Spain, Madrid, Alcobendas, 28-IV-2017, E.G.B. leg."""
D001,36.04,1.01,2.65,5.99,4.53,8.95,1.89,18.22,7.43,15.71,9.94,38.43,40.93,15.95,1,3106,Immidae,"""Birthana taiwana Heppner, 1990""","""Vietnam, Lao Cai, VII-2014"""
D002,3.92,0.68,1.36,2.50,1.84,5.14,1.15,8.66,3.64,7.91,4.57,19.63,19.16,8.33,1,4184,Tortricidae,"""Phricanthes sp. A""","""Vietnam, Thua Tien Hue, Bach Ma Mt, 1400 m, IV-2016"""
D003,21.44,0.57,2.35,3.86,3.14,7.32,1.62,15.36,6.06,13.31,8.35,32.48,33.86,11.75,1,4166,Tortricidae,"""Phricanthes sp. B""","""Vietnam, Lam Dong, Lac Duong, Bidoup Nui Ba Natl, Pk, 20-III-2016, Vo Van Nhon leg,"""
D004,18.84,0.68,1.94,4.35,2.9,9.13,1.54,18.79,9.07,15.87,7.74,39.07,40.48,14.16,1,5453,Tortricidae,"""Tinacrucis atopa Razowski & Wojtusiak, 2008""","""Panamá, 2004, no loc. data"""
D005,3.480,0.56,1.24,2.01,1.72,3.92,1.02,7.93,3.01,6.64,3.40,17.04,17.59,6.50,2,563/564,Tortricidae,"""Sparganothis cf pilleriana (Dennis & Schiffermüller, 1776)""","""Spain, Cuenca, Las Mesas, 1994"""
D006,18.255,0.45,1.49,3.5,1.71,7.32,1.74,17.98,5.75,14.15,9.19,36.74,37.68,11.28,2,3641/3822,Tortricidae,"""Cerace sp. A""","""Vietnam, Lam Dong, Bao Lâm, Dambri, V/VI-2015, D.N. Van leg."""
D007,6.85,0.43,1.27,3.21,2.05,6.23,1.2,14.21,4.72,11.42,7.12,30.07,30.47,9.87,1,2682,Tortricidae,"""Cerace sp. B""","""Vietnam, Da Nang, Ba Na mt. 850 m, III-2014"""
D008,4.680,0.48,1.10,2.82,1.41,4.72,0.8,11.47,4.59,9.71,5.59,23.34,24.36,8.02,2,6420/6421,Tortricidae,"""Aphelia (Aphelia) viburniana (D. & Schiff., 1775)""","""Russia, Khakassia republ., Abakan-Ak-dovorak Road, 302 km, 21-VI-2017, V. Golovizin leg."""
D009,3.16,0.73,1.33,2.53,1.85,3.76,1.08,7.17,3.32,6.6,3.39,16.76,16.20,7.03,1,4084,Tortricidae,"""Archips sp.""","""Vietnam, Lam Dong, Lac Duong distr., Bidoup Nui Natl. Park, 15-XII-2015"""
D010,17.645,0.88,1.62,2.95,2.32,5.90,1.68,12.23,5.03,10.78,5.39,26.60,26.79,9.74,1,7673,Tortricidae,"""Archips crataegana (Hübner, 1799)""","""Spain, Madrid, El Ecorial, La Herrería, 7-VI-2014, C. Gómez de Aizpurúa leg."""
D011,10.337,0.53,1.37,2.75,2.05,4.83,1.62,11.94,4.90,10.05,5.78,24.41,25.95,8.13,2,7546/7547,Tortricidae,"""Archips podana (Scopoli, 1763)""","""Hungary, Kiskumfélegyháza, 8/10-VII-2020, A. Szabó & V.B.Zsuzsi leg."""
D012,2.839,0.54,1.24,2.02,1.60,3.77,1.12,8.03,3.51,7.12,3.93,17.32,17.67,6.33,3,1114/3625/3626,Tortricidae,"""Archips rosana (L., 1758)""","""No loc. (W Europe), Spain, Guadalajara, VI-2015"""
D013,3.78,0.52,1.32,2.27,1.97,3.95,1.24,8.35,3.72,7.83,4.6,18.12,18.67,6.72,1,4099,Tortricidae,"""Archips sp. B""","""Vietnam, Kon Tum, Ngoc Linh mt., 1900 m, III-2016"""
D014,3.249,0.23,1.12,2.05,1.63,3.37,1.09,7.12,3.19,6.03,3.75,15.21,15.88,5.66,3,7453/7454/7455,Tortricidae,"""Cacoecimorpha pronubana (Hübner, 1799)""","""Spain, Cuenca, Atalaya del Cañavate (39.5366N, -2.2533E, 30SWJ67), 814 m., I/II-2020 ex larva, E.G.B. leg."""
D015,3.753,0.62,1.33,2.31,1.66,3.91,1.01,8.02,3.12,7.26,3.79,17.31,17.72,6.84,2,7674/7676,Tortricidae,"""Choristoneura simonyi (Rebel, 1892)""","""Spain, Tenerife, Santa Cruz de Tenerife, 28-X-2012, C. Gómez de Aizpurua leg."""
D016,8.333,0.50,1.54,3.1,2.60,6.43,1.89,11.92,4.84,10.37,5.65,25.74,26.44,10.03,2,3921/3922,Tortricidae,"""Choristoneura sp (fumiferana? pinus?)""","""U.S.A., Michigan, Lake Co., Rt 37, 21 miles N Baldwin, 27-VII-1990"""
D017,1.634,0.45,1.15,1.94,1.41,3.34,0.72,6.89,2.81,6.03,3.25,14.70,15.20,5.74,10,527/787/3854/6921-6923/6924-6926/6931,Tortricidae,"""Clepsis consimilana (Hübner, 1820)""","""Spain, Guadalajara, Durón, 1982, 23-VI-2019, Cantabria, Medio Cudeyo, VIII-2015, E.G.B. leg."""
D018,2.141,0.40,1.21,1.92,1.66,3.97,1.00,8.27,3.05,7.37,4.22,17.10,18.20,6.29,4,3607/3608/3609/3610,Tortricidae,"""Clepsis laetitiae Soria, 1997""","""Spain, Madrid, Aranjuez, V-2015, ML Munguira et al. leg."""
D019,3.369,0.58,1.17,2.28,1.63,4.21,0.92,9.27,3.53,8.11,4.42,19.03,20.18,7.08,2,7538/7539,Tortricidae,"""Clepsis pallidana (Fabricius, 1775)""","""Hungary, Kiskumfélegyháza, 18/22-V-2020, A. Szabó & V.B.Zsuzsi leg."""
D020,0.853,0.30,0.89,1.28,1.1,2.22,0.55,5.51,2.27,4.57,2.34,11.69,12.12,3.81,3,6288/6303/6305,Tortricidae,"""Clepsis razowskii Gastón, Vives & Revilla, 2017""","""Spain, Alicante, Elx - El Altet, 11-XI-2018, E.G.B. leg."""
D021,2.00,0.59,1.31,2.00,1.58,3.60,0.74,7.98,3.09,6.38,3.72,16.14,17.55,6.19,1,4252,Tortricidae,"""Clepsis sp.""","""Spain, Guadalajara, Durón, 25-VI-2016, E.G.B. leg."""
D022,1.49,0.35,1.03,1.55,1.25,3.21,0.87,7.39,2.89,6.18,3.16,15.63,16.03,5.11,1,861,Tortricidae,"""Clepsis unicolorana (Duponchel, 1835)""","""Spain, Madrid, Alcobendas?, X-2012"""
D023,7.430,0.68,1.64,2.96,2.66,5.82,1.80,11.04,4.63,9.34,5.81,23.97,24.75,9.48,2,4104/4737,Tortricidae,"""Homona (Archipini indet. (Archips / Homona))""","""Vietnam, Kon Tum, Ngoc Linh mt., 1900 m, III-2016, 1700 m, XI-2016"""
D024,0.957,0.5,0.98,1.59,1.47,2.37,0.75,6.35,2.52,5.05,2.72,12.83,14.17,4.46,1,2000,Tortricidae,"""Lozotaenia sp. (cf. cupidinana)""","""Spain, Guadalajara, Durón, IX-2013"""
D025,2.448,0.85,1.54,1.99,1.65,4.18,0.81,9.14,3.03,7.57,4.27,19.37,19.94,7.02,2,6283/6302,Tortricidae,"""Lozotaeniodes cupressana (Duponchel, 1836)""","""Spain, Alicante, Urbanova, 1 m, IX-2018, E.G.B. leg."""
D026,3.814,0.54,1.61,2.56,1.89,5.03,1.07,9.38,2.88,8.25,4.24,20.11,20.65,8.14,2,6933/6934,Tortricidae,"""Lozotaeniodes formosana (Frölich, 1830)""","""Spain, Guadalajara, Durón, 23-VI-2019, E.G.B. leg."""
D027,5.77,0.59,1.37,2.35,1.98,4.73,1.27,8.59,3.78,7.58,4.25,18.78,19.16,7.67,1,4083,Tortricidae,"""Mesocalyptis sp.""","""Vietnam, Lam Dong, Lac Duong distr., Bidoup Nui Natl. Park, 20-XI-2016"""
D028,2.396,0.45,1.08,1.95,1.51,3.74,0.98,8.03,2.76,6.61,3.21,17.45,17.57,6.14,1,4093,Tortricidae,"""Neocalyptis sp. (cf. liratana (Christoph, 1881))""","""Vietnam, Kon Tum, Ngoc Linh mt., 1900 m, III-2016"""
D029,3.679,0.60,1.26,2.19,1.60,4.60,1.08,9.37,3.71,8.22,5.10,18.51,20.36,7.41,2,7540/7541,Tortricidae,"""Pandemis heparana (D. & Schiff., 1775)""","""Hungary, Kiskumfélegyháza, 8/10-VII-2020, A. Szabó & V.B.Zsuzsi leg."""
D030,3.041,0.37,1.03,2.17,1.46,3.45,0.87,8.19,3.46,6.85,4.00,16.58,17.86,6.01,2,7544/7545,Tortricidae,"""Ptycholoma lecheana (L., 1758)""","""Hungary, Orgovány löter, 11-V-2020, A. Szabó leg."""
D031,2.83,0.43,1.25,2.27,1.76,3.69,0.76,7.04,2.87,5.71,2.96,15.67,15.84,6.39,1,1237,Tortricidae,"""Terthreutis sp. A""","""Vietnam, Lao Cai, Sapa, X-2015, Vo Van Nhon leg."""
D032,3.03,0.44,1.33,2.44,2.06,3.85,1.12,8.28,3.26,6.64,3.83,17.71,18.62,6.73,1,4483,Tortricidae,"""Terthreutis sp. B""","""Vietnam, Lam Dong, Lac Duong, Bidoup Nui Ba Natl. Pk., 15-II-2016, Vo Van Nhon leg."""
D033,14.151,0.74,1.74,3.67,1.78,6.16,1.75,16.23,6.89,14.01,8.33,32.61,34.25,10.58,3,3876/3877/7573,Tortricidae,"""Zacorisca sp. (cf. taminia Felder & Rogenhoffer, 1875)""","""Vietnam, Lam Dong, Dambri, Bao Lâm, XI-2015, Dak Lac, III-2020, Dang N.V. leg."""
D034,8.21,0.77,1.25,2.45,1.94,3.81,1.24,9.98,3.65,8.62,4.64,22.05,21.93,7.04,1,7679,Tortricidae,"""Cnephasia (Cnephasia) stephensiana (Doubleday, 1849)""","""Spain, El Escorial, La Herrrería, 12-VI-2014, C. Gómez de Aizpurua leg."""
D035,2.235,0.37,0.86,1.63,1.39,2.97,0.76,6.85,2.26,6.17,3.23,15.34,15.09,4.97,1,159,Tortricidae,"""Cnephasia sp. A""","""Spain, Guadalajara, Durón, 3-VI-2012"""
D036,2.917,0.31,1.04,2.10,1.89,4.09,0.99,9.66,3.39,7.93,4.56,20.55,21.23,6.51,4,2003/2580/2584/4891,Tortricidae,"""Cnephasia sp. B (cf. asseclana)""","""Spain, Guadalajara, Durón, IX-2013, 7-V2014, 30-IV-2017"""
D037,4.518,0.63,1.32,2.56,1.94,4.74,1.12,12.22,4.4,10.11,5.69,24.93,26.38,7.93,1,2865,Tortricidae,"""Doloploca punctulana (D. & Schiff., 1775)""","""Hungary, 5 km N Bugak, 22-III-2014, A. Szabó leg."""
D038,5.73,0.57,1.43,2.78,1.77,5.75,0.85,13.11,4.05,10.39,5.41,26.07,27.77,9.11,1,6419,Tortricidae,"""Eana penziana (Thunberg, 1791)""","""Russia, Khakassia republ., Abakan-Ak-dovorak Road, 302 km, 21-VI-2017, V. Golovizin leg."""
D039,1.753,0.58,1.08,1.85,1.51,4.76,1.08,11.24,2.87,8.89,3.78,21.87,24.00,7.21,6,870/869/3873/3911-3913,Tortricidae,"""Exapate sp. cf. duratella Heyden, 1864""","""Spain, Guadalajara, Durón, 3-XI-2012, XI-2015"""
D040,1.742,0.41,1.11,1.77,1.31,3.71,0.79,8.81,2.25,7.31,3.13,18.56,18.91,5.88,1,5398,Tortricidae,"""Oxypteron schawerdai (Rebel, 1936)""","""Spain, Guadalajara, Durón, 730 m., 15-X-2017, E.G.B. leg."""
D041,2.369,0.40,1.13,1.83,1.56,3.49,1.05,8.71,2.76,7.05,3.97,16.32,18.98,5.73,4,2171/6804/6826/6028,Tortricidae,"""Tortricodes alternella (D. & Schiff., 1775)""","""Spain, Guadalajara, Durón, 1983, Escamilla, 1040 m, 21-V-2018, Madrid, Alcobendas, 28-III-2019, E.G.B. leg."""
D042,3.252,0.72,1.25,2.51,1.70,4.31,1.08,9.25,3.17,8.14,5.06,20.36,20.21,7.55,2,4799/4819,Tortricidae,"""Acleris literana (L., 1758)""","""Spain, Guadalajara, Durón, 11-III-2017, E.G.B. leg."""
D043,5.74,0.52,1.41,2.81,1.85,4.55,0.88,10.96,4.28,9.8,6.09,23.51,23.77,7.87,1,6418,Tortricidae,"""Acleris sp.""","""Russia, Primorsky krai, Stokovsky distr., Anisimovka, 1-VIII-2018, V. Golovizin leg."""
D044,4.426,0.57,1.39,2.35,2.23,5.04,1.42,10.72,4.43,8.96,4.90,22.38,23.68,7.96,2,4113/4741,Tortricidae,"""Acleris sp. B""","""Vietnam, Kon Tum, Ngoc Linh mt., 1900 m, III-2016, 1700 m, XI-2016"""
D045,5.741,0.68,1.51,2.49,2.03,4.80,1.46,10.03,4.22,8.87,4.84,21.71,22.09,7.98,4,4095/4096/4097/4735,Tortricidae,"""Acleris sp. C""","""Vietnam, Kon Tum, Ngoc Linh mt., 1900 m, III-2016, 1700 m, XI-2016"""
D046,24.23,0.58,1.51,4.48,1.46,7.36,1.74,20.15,6.19,15.79,9.75,39.75,41.76,12.42,1,3640,Tortricidae,"""Pentacitrotus tetrakore (Wileman & Stringer, 1929)""","""Vietnam, Bao Lâm, Dambri, V-2015, D.N. Van leg."""
D047,2.945,0.66,1.22,1.87,1.65,3.75,1.16,7.58,3.03,6.71,3.47,16.93,16.81,6.28,1,3020,Tortricidae,"""Exeristeboda sp.""","""Malaysia, Pahang, Genting Highlands, 1700 m, 2013"""
D048,2.999,0.58,1.27,2.07,1.81,4.11,1.35,9.10,3.57,7.53,4.24,19.37,20.02,6.77,3,3627/3628/3633,Tortricidae,"""Tortrix viridiana L., 1758""","""Spain, Cuenca, Tébar, 875 m, 7-VI-2015, E.G.B. leg."""
D049,5.050,0.75,1.61,2.63,1.64,5.5,1.10,11.06,4.19,9.31,5.29,21.55,23.76,8.88,2,5907/5925,Tortricidae,"""Orthocomotis sp. (cf. independentia Razowski, 1999)""","""Rep. Dominicana, La Vega prov., near Constanza, 15/16-XII-2017, V. Golovizin leg."""
D050,0.931,0.39,0.82,1.46,1.04,2.23,0.63,5.31,2.19,4.38,2.22,11.46,11.67,4.09,4,4341/4342/4322/4320,Tortricidae,"""Pseudargyrotoza conwagana (Fabricius, 1775)""","""Spain, Huesca, Biescas, Puente de Oliván, 3-VIII-2016"""
D051,2.531,0.45,1.12,2.01,1.68,4.35,1.02,9.71,3.15,8.45,4.64,20.12,21.13,6.82,1,7329,Tortricidae,"""Phtheochroa cantabriana Zlatkov & Huemer, 2017""","""Spain, Asturias, Pto. del Palo, Pola, 2014"""
D052,3.471,0.45,1.28,2.11,1.72,4.53,1.06,9.79,3.57,8.51,5.05,20.12,21.31,7.10,2,4906/7340,Tortricidae,"""Phtheochroa rugosana (Hübner, 1799)""","""Spain, Guadalajara, Durón, 730 m., 30-IV-2017, Jaén, Úbeda, 8-XII-2019, E.G.B. leg."""
D053,2.162,0.39,1.14,1.86,1.51,3.28,0.88,8.54,3.17,7.51,4.20,18.13,18.60,5.53,2,2850/4953,Tortricidae,"""Phtheochroa schreibersiana (Frölich, 1828)""","""Spain, Madrid, Cantoblanco, 1-VI-2017, Guadalajara, Durón, 27-VII-2014, E.G.B. leg."""
D054,1.10,0.58,1.09,1.22,1.27,2.54,0.49,6.29,2.18,5.05,2.71,13.17,13.85,4.34,1,3855,Tortricidae,"""Phtheochroa sp.""","""Spain, Cantabria, Medio Cudeyo, VIII-2015"""
D058,5.516,0.53,1.37,2.50,2.11,5.23,1.43,9.85,3.79,8.89,4.99,20.84,21.81,8.27,5,88/707/1118/5105/4943,Tortricidae,"""Agapeta hamana (L., 1758)""","""Spain, Cuenca, Vega del Codorno, VII-1981, 1989, Guadalajara, Budia, VI-2017, Durón, 28-V-2017, E.G.B. leg."""
D059,1.47,0.26,1.08,1.82,1.61,4.28,1.02,7.78,2.44,6.45,3.55,16.34,17.17,6.36,1,4337,Tortricidae,"""Agapeta largana (Rebel, 1906)""","""Spain, Huesca, Ordesa, parking bus, 1-VIII-2016"""
D060,3.224,0.29,1.27,2.18,1.71,3.99,1.17,9.03,3.09,7.83,4.44,18.24,19.78,6.46,2,4326/4327,Tortricidae,"""Agapeta zoegana (L., 1767)""","""Spain, Huesca, Broto, Valle de Bujaruelo, 30-VII-2016"""
D061,2.003,0.45,1.06,1.83,1.46,3.80,0.99,7.88,2.23,6.72,3.50,16.61,17.23,6.08,3,3754/4196/4894,Tortricidae,"""Cochylimorfa straminea (Haworth, 1811)""","""Spain, Guadalajara, Durón, 19-IV-2015, V-2015, 30-IV-2017, E.G.B. leg."""
D062,6.551,0.45,1.39,2.92,2.51,5.54,1.26,10.85,3.53,9.75,4.85,23.39,24.21,8.92,5,66/87/706/802/1262,Tortricidae,"""Cochylimorpha meridiana (Staudinger, 1859)""","""Spain, Guadalajara, San Andrés, Durón, 1983"""
D063,0.31,0.36,0.77,1.06,0.81,1.61,0.48,4.04,1.27,3.37,1.33,8.84,8.89,3.03,1,5287,Tortricidae,"""Cochylimorpha sp. B""","""Spain, Guadalajara, Durón, 730 m., VIII-2017, E.G.B. leg."""
D064,0.694,0.27,0.97,1.44,1.18,2.62,0.60,5.33,1.67,4.47,2.55,11.49,11.78,4.34,2,2004/2005,Tortricidae,"""Cochylis roseana (Haworth, 1811)""","""Spain, Guadalajara, Durón, VIII-2013"""
D065,1.089,0.29,1.06,1.63,0.99,2.53,0.69,7.17,2.57,5.26,2.79,14.52,15.33,4.45,1,2843,Tortricidae,"""Cochylis sp. A""","""Spain, Lérida, Bohí, VIII-2014"""
D066,1.775,0.36,1.07,1.92,1.54,3.33,0.87,7.93,2.44,6.61,3.75,17.13,17.41,5.62,2,2588/2589,Tortricidae,"""Cochylis sp. B (cf. posterana)""","""Spain, Guadalajara, Durón, 725 m., 8-VI-2014"""
D067,2.21,0.3,1.04,1.81,1.41,2.4,0.71,5.61,1.84,4.92,3.09,12.22,12.63,4.51,1,4468,Tortricidae,"""Cochylis sp. C (hybridella, molliculana, sannitica?)""","""Spain, no data, 2016"""
D068,0.984,0.34,0.79,1.51,1.13,2.14,0.51,5.45,1.81,4.98,2.78,12.52,12.02,3.99,3,4323/4330/4331,Tortricidae,"""Cochylis sp. D""","""Spain, Huesca, Yésero, 29-VII-2016, Broto, Valle de Bujaruelo, 30-VII-2016"""
D069,10.83,0.77,1.72,3.96,2.53,5.29,1.58,12.24,3.86,11.01,6.98,25.46,26.98,10.02,1,2249,Tortricidae,"""Eugnosta magnificana (Rebel, 1914)""","""Bulgaria, Stara Kresna, 4-XI-2013, A. Szabó leg."""
D070,0.741,0.27,0.94,1.33,0.98,2.29,0.62,4.93,1.83,4.13,1.87,10.78,10.84,3.89,1,2549,Tortricidae,"""Gynnidomorpha sp.""","""Spain, Guadalajara, Durón, 10-V-2014"""
D071,1.632,0.29,0.91,1.28,1.29,2.40,0.77,5.50,1.92,4.56,2.15,11.42,12.30,3.99,7,67/1263/517/689/778/803/2001,Tortricidae,"""Phalonidia contractana (Zeller, 1847)""","""Spain, Guadalajara, Durón, 1982"""
D072,0.551,0.19,0.59,1.39,0.78,1.89,0.35,5.28,1.25,3.62,1.74,9.22,11.35,3.47,1,121,Tortricidae,"""Phalonidia sp.""","""Spain, Guadalajara, Durón, 3-VI-2012"""
D073,0.950,0.29,0.83,1.46,1.01,2.69,0.51,6.07,1.76,5.12,2.18,12.85,13.15,4.45,6,4368-4371/4439/4440,Tortricidae,"""Aethes fennicana (Hering, 1924)""","""Spain, Huesca, Ordesa, Gradas de Soaso, 1650 m, VII-2016, E. Murria leg."""
D074,0.769,0.25,0.94,1.31,0.94,2.24,0.56,5.11,1.7,4.14,2.18,10.79,11.16,3.81,2,6023/6034,Tortricidae,"""Aethes hartmanniana (Clerck, 1859)""","""Spain, Guadalajara, Escamilla, 1040 m, 21-V-2018, E.G.B. leg."""
D075,3.299,0.35,1.39,2.49,1.95,3.58,1.07,8.14,2.62,7.07,3.98,18.08,18.25,6.43,3,3897/6846/6855,Tortricidae,"""Aethes margarotana (Duponchel, 1833)""","""Spain, Madrid, Cantoblanco, IV-2015, --IV-2019, 30-IV-2019, E.G.B. leg."""
D076,0.576,0.24,0.77,1.36,0.93,2.11,0.42,4.87,1.44,4.25,1.87,9.87,10.68,3.71,2,166/149,Tortricidae,"""Aethes sp. A""","""Spain, Guadalajara, Durón, 10-VI-2012"""
D076b,1.78,0.57,1.11,1.86,1.29,3.25,0.9,6.89,1.95,5.74,2.80,15.13,15.08,5.68,1,6965,Tortricidae,"""Aethes sp. B""","""Spain, Guadalajara, Durón, 7-VII-2019, E.G.B. leg."""
D077,1.206,0.46,1.00,1.67,1.26,2.93,0.61,5.81,2.13,4.88,2.43,12.38,12.89,5.06,3,5929/5935/5937,Tortricidae,"""Lobesia botrana (D. & Schiff., 1775)""","""Spain, Alicante, El Saladar, 1 m, 1-IV-2018, E.G.B. leg."""
D078,1.894,0.40,1.08,1.88,1.37,3.23,1.00,8.47,3.59,7.34,4.35,17.13,18.31,5.51,2,5057/6142,Tortricidae,"""Celypha lacunana (D. & Schiff., 1775)""","""Spain, Madrid, Rascafría, 13-VI-2017, 26-VI-2018, E.G.B. leg."""
D079,1.56,0.51,1.23,1.88,1.26,4.63,0.82,7.83,3.28,6.8,4.58,16.16,16.92,7.02,1,3786,Tortricidae,"""Orthotaenia undulana (D. & Schiff., 1775)""","""Spain, Cantabria, Medio Cudeyo, Rioz, 80 m, 8-VIII-2015"""
D080,6.70,0.85,1.52,2.68,2.40,5.30,1.42,9.95,4.24,9.00,5.65,21.52,22.32,8.84,1,4183,Tortricidae,"""Phaecasiophora sp.""","""Vietnam, Thua Tien Hue, Bach Ma Mt, 1400 m, IV-2016"""
D081,2.911,0.61,1.14,2.29,1.41,5.17,0.96,10.02,4.27,8.52,5.01,20.59,21.46,8.08,2,6422/6423,Tortricidae,"""Phiaris schulziana (Fabricius, 1776)""","""Russia, Khakassia republ., Abakan-Ak-dovorak Road, 302 km, 16/21-VI-2017, V. Golovizin leg."""
D082,2.402,0.34,1.15,1.99,1.59,3.22,0.93,7.40,2.79,6.46,3.86,15.70,16.39,5.56,5,930/952/3630/3670/4253,Tortricidae,"""Endothenia marginana (Haworth, 1811)""","""Spain, Guadalajara, Durón, VI-1981, 7-VI-2015, 25-VI-2016"""
D083,4.793,0.76,1.61,3.16,2.10,4.67,1.25,9.51,4.38,8.02,5.28,19.87,21.14,8.60,2,7542/7543,Tortricidae,"""Endothenia ericetana (Humpreys & Westwood, 1845)""","""Hungary, Kiskumfélegyháza, 18/22-V-2020, A. Szabó & V.B.Zsuzsi leg."""
D084,1.711,0.35,0.92,1.96,1.24,4.04,0.86,8.75,2.51,7.48,3.33,17.46,18.74,6.35,1,3761,Tortricidae,"""Bactra sp. (near robustana?)""","""Spain, Ávila, Hoyos del Espino, 27-VI-1985, J.L. Viejo et al. Leg."""
D085,0.555,0.34,0.67,1.15,0.94,2.02,0.57,5.05,1.68,4.39,2.39,10.57,11.05,3.53,3,4467/4315/5090,Tortricidae,"""Ancylis sp. cf. sparulana""","""Spain, Alicante, 2016, Guadalajara, Durón, 24-VII-2016, Budia, 25-VI-2017"""
D086,2.493,0.46,1.12,1.60,1.29,3.42,0.87,6.92,2.19,5.99,3.10,14.73,15.14,5.49,2,7677/7678,Tortricidae,"""Acroclita subsequana (Herrich-Schäffer, 1851)""","""Spain, Huelva, Doñana, 8-VI-2013, Madrid, Aranjuez, El Regajal, 9-X-2006, C. Gómez de Aizpurua leg."""
D087,1.785,0.44,0.94,1.76,1.41,2.91,0.83,7.27,2.33,6.12,3.17,15.08,15.95,5.11,1,6378,Tortricidae,"""Crocidosema plebejana Zeller, 1847""","""Spain, Madrid, Valdelatas, V-2018, E, García-Barros leg,"""
D088,5.093,0.41,1.47,3.09,2.12,4.80,1.15,9.52,3.68,8.30,5.11,19.96,21.16,8.31,2,7548/7549,Tortricidae,"""Epiblema foenella (L., 1758)""","""Hungary, Kiskumfélegyháza, 8/10-VII-2020, A. Szabó & V.B.Zsuzsi leg."""
D089,5.575,0.62,1.35,2.74,2.11,4.2,1.24,8.15,3.05,7.31,4.38,18.23,18.41,7.56,2,2120/2121,Tortricidae,"""Epiblema scudderianum (Clem.)""","""No data (N America)"""
D090,3.38,0.34,1.26,2.38,1.93,4.34,1.62,8.14,2.99,7.11,3.69,17.05,18.21,7.06,1,3631,Tortricidae,"""Epinotia  cf. dalmatana (Rebel, 1891)""","""Spain, Guadalajara, Durón, 730 m, 7-VI-2015, E.G.B. leg."""
D091,2.133,0.54,1.06,1.61,1.17,3.98,0.95,7.38,2.48,6.32,3.43,15.11,15.93,6.13,1,2600,Tortricidae,"""Epinotia cf. demarniana (Fischer v. Röslerstamm 1840)""","""Spain, Guadalajara, Durón, 725 m., 8-VI-2014"""
D092,3.04,0.52,1.25,2.22,1.63,2.69,0.82,8.44,2.96,7.54,3.81,19.18,18.52,5.44,1,2115,Tortricidae,"""Epinotia solandriana (L., 1758)""","""U.S.A., California (no other data)"""
D093,4.501,0.57,1.36,2.57,1.8,3.64,1.18,9.28,3.31,8.10,4.78,19.32,20.37,6.79,2,7536/7537,Tortricidae,"""Eucosma metzneriana (Treitschke, 1830)""","""Hungary, Kiskumfélegyháza, 18/22-V-2020, A. Szabó & V.B.Zsuzsi leg."""
D094,1.06,0.4,0.94,1.30,1.16,2.29,0.74,6.41,1.51,5.65,3.11,13.76,13.98,4.00,1,164,Tortricidae,"""Gypsonoma sp,""","""Spain, Guadalajara, Durón, 10-VI-2012"""
D095,1.75,0.46,1.09,1.72,1.42,3.31,1.00,7.53,2.09,6.62,3.56,16.00,16.49,5.50,3,687/4339/4340,Tortricidae,"""Gypsonoma aceriana (Duponchel, 1843)""","""Spain, Guadalajara, Durón, 1989"""
D096,1.328,0.51,0.92,1.39,1.16,2.74,0.72,6.24,2.35,5.38,2.75,13.42,13.65,4.64,4,2936/2937/5177/6170,Tortricidae,"""Gypsonoma minutana (Hübner, 1799)""","""Spain, Madrid, Cantoblanco, VII-2014,  ex larva: Guadalajara, Durón, 24-VII-2016, 22-VII-2018, E.G.B. leg."""
D097,2.474,0.44,1.03,2.08,1.72,3.44,0.93,8.31,3.12,7.28,4.17,17.94,18.35,5.97,2,133/2590,Tortricidae,"""Notocelia cynosbatella (L., 1758)""","""Spain, Guadalajara, Durón, 27-V-2012, 10-VI-2014"""
D098,1.854,0.45,1.02,1.56,1.14,2.75,0.84,6.58,2.5,5.82,3.52,13.82,14.34,4.76,1,3908,Tortricidae,"""Notocelia sp. (trimaculana?)""","""Spain, no data"""
D099,4.237,0.59,1.37,2.53,1.39,3.95,0.82,8.49,2.56,7.62,3.84,17.42,18.38,7.07,2,5101/5102,Tortricidae,"""Pelochrista sp.""","""U.S.A., Arizona, Santa Cruz Co., Ruby Mine (31° 36' 29.0'' N, 111° 14' 19.7'' W), 19-VII-1996, W.F. Babcock leg."""
D100,3.081,0.57,1.07,2.19,1.75,3.08,1.2,7.62,3.12,6.51,3.57,18.24,16.99,5.84,1,2119,Tortricidae,"""Petrova albicapitana (Busck, 1914)""","""U.S.A., Idaho, Kootenai Co., Coeur d'Alene"""
D101,1.610,0.38,0.96,1.53,1.36,2.90,0.89,7.12,2.22,5.82,2.89,15.38,15.61,4.82,6,2597-2599/4131-4133,Tortricidae,"""Phaneta pauperana (Duponchel 1843)""","""Spain, Guadalajara, Durón, 725 m., 1-VI-2014, 30-IV-2016, E, García-Barros leg,"""
D102,2.766,0.61,1.21,2.28,1.81,2.73,0.79,7.6,2.7,6.76,3.73,17.02,17.01,5.62,1,1132,Tortricidae,"""Phaneta sp.""","""U.S.A., Iowa (no loc.), VIII-1964"""
D103,1.251,0.46,0.95,1.41,1.34,2.66,0.67,6.16,1.94,5.50,2.43,13.72,13.62,4.54,2,170/2569,Tortricidae,"""Pseudococcyx tessulatana (Staudinger, 1871)""","""Spain, Guadalajara, Durón, 10-VI-2012, 7-V-2014, E.G.B. leg."""
D104,4.766,0.84,1.42,2.41,2.01,4.79,1.20,9.11,3.10,7.97,4.30,20.41,20.23,8.05,2,2116/3624,Tortricidae,"""Rhyacionia buoliana (D. & S., 1775)""","""U.S.A., New York, no loc., 1999, Spain, Guadalajara, Durón, 730 m, 7-VI-2015, E.G.B. leg."""
D105,1.783,0.55,0.95,1.77,1.59,2.98,0.65,7.22,2.29,6.1,3.16,15.28,16.03,5.34,1,2117,Tortricidae,"""Rhyacionia bushnellii (Busck, 1914)""","""U.S.A., Colorado, Larimer Co., 1994"""
D106,1.731,0.45,1.06,1.83,1.21,2.74,0.66,6.89,2.33,5.43,3.42,14.96,14.99,5.02,1,2118,Tortricidae,"""Rhyacionia rigidana (Fernald, 1880)""","""U.S.A., Florida, Putnam Co., 1990"""
D107,0.764,0.44,0.71,1.08,0.94,1.98,0.49,4.55,1.54,3.91,1.83,9.87,10.02,3.52,1,2548,Tortricidae,"""(?) Grapholita janthinana""","""Spain, Guadalajara, Durón, 10-V-2014"""
D108,1.579,0.32,1.01,1.69,1.35,2.44,0.72,6.43,2.21,5.51,2.94,13.71,14.22,4.46,6,3772/4137/6844/6845/6856/6857,Tortricidae,"""Grapholita (Grapholita) sp. (cf. orobana, lunulana)""","""Spain, Madrid, Monte Valdelatas, 11-IV-2015, 5-V-2015, Cantoblanco, 30-IV-2019, E.G.B. leg."""
D109,1.396,0.46,0.97,1.71,1.54,2.63,0.57,5.48,2.24,4.69,2.35,12.04,12.51,4.81,2,1113/1112,Tortricidae,"""Cydia coniferana (Saxesen, 1840)""","""Spain, prov. Huesca, 2016"""
D110,2.608,0.46,1.22,2.18,1.83,3.41,1.11,7.12,2.96,6.00,3.39,14.70,16.08,6.06,13,520/781/3763/618/6256-6259/6260-6264,Tortricidae,"""Cydia fagiglandana (Zeller, 1841)""","""Spain, Guadalajara, Durón, 1982, 2010, VIII-2014, 30-IX-2018, E.G.B. leg., Greece, 10 km N Amfissa, 6-IX-2013, A. Szabó leg."""
D111,4.435,0.53,1.22,2.28,1.80,3.47,1.18,7.95,2.94,6.62,3.87,17.06,17.71,6.29,4,2114/2122/4247/6986,Tortricidae,"""Cydia pomonella (L., 1758)""","""No data (N America), Spain, Madrid, Alcobendas, VI-2016, Guadalajara, Durón, 730 m, 2-IX-2019, E.G.B. leg."""
D112,4.667,0.44,1.22,2.30,1.79,3.56,1.21,7.84,3.20,6.75,3.90,16.96,17.48,6.31,4,4347/4348/5222/6985,Tortricidae,"""Cydia amplana (Hübner, 1800)""","""Spain, Guadalajara, Budia, 950 m, VIII-2016, Brihuega, VIII-2017, Durón, 730 m, 2-IX-2019, E.G.B. leg."""
D113,2.781,0.48,1.18,2.27,1.91,3.94,1.06,7.30,2.93,6.42,3.48,15.59,16.52,6.71,2,2232/6265,Tortricidae,"""Cydia splendana (Hübner, 1799)""","""Hungary, 5 km W Ksácvár, 17-VII-2013, A. Szabó leg., Spain, Guadalajara, Durón, 730 m, 30-IX-2018, E.G.B. leg."""
D114,1.538,0.42,1.02,1.61,1.44,2.92,0.78,5.99,2.23,5.13,2.55,13.04,13.42,4.95,4,2002/2026/2038/2080,Tortricidae,"""Cydia sp.""","""Spain, Guadalajara, Durón, IX-2013"""
D115,2.469,0.65,1.36,1.95,1.84,4.36,0.82,8.45,3.03,7.16,4.31,17.57,18.73,6.86,1,3773,Tortricidae,"""Dichrorampha sp.""","""Spain, Guadalajara, Durón, 3-V-2015, E.G.B. leg."""
E001,49.736,0.33,2.74,4.95,3.46,10.55,2.98,15.93,6.77,12.13,8.17,31.48,35.33,15.83,3,2047/2048/2049,Cossidae,"""Squamura sp. A""","""Malaysia, Pahang, Genting Highlands, 1700 m, V/VII-2014"""
E002,67.19,0.82,2.90,7.29,5.03,14.15,3.97,17.67,7.44,13.75,9.15,34.38,40.37,22.21,1,4169,Cossidae,"""Squamura sp. B""","""Vietnam, Lam Dong, Lac Duong, Bidoup Nui Ba Natl. Pk., 10-IV-2016, Vo Van Nhon leg."""
E003,8.235,0.69,1.70,3.08,1.83,5.94,1.29,10.13,4.76,7.60,5.91,20.93,22.12,9.72,1,7631,Cossidae,"""Salagena tesellata Distant, 1897""","""Rep. South Africa, Kwazulu-Natal, 11 km SE Magudu, Belvedere Game Runch (27°31'44,68''S. 31°45'36,82''E), 17/18-II-2019, S,A. Knyazev leg."""
E004,66.870,1.43,2.73,6.16,4.28,9.99,2.38,17.99,7.87,13.66,10.80,34.95,40.27,17.59,2,7352/7353,Cossidae,"""Teragra irvingi Janse, 1925""","""Madagascar, Fianarantsoa, Ifanadiana, Ranomafana, 5/8-III-2019, V. Golovizin leg."""
E005,29.72,0.88,1.78,4.51,2.16,10.26,1.73,24.26,13.11,20.32,13.45,46.83,50.68,15.66,1,7565,Ratardidae,"""Ratarda sp. (cf. flavimargo, excellens)""","""Vietnam, Di Linh, Lam Dong, IV-2020, Dang, N.V. leg."""
E006,53.38,0.71,3.15,6.56,4.08,8.56,3.53,20.23,8.89,15.93,9.32,41.28,44.54,15.83,1,6677,Cossidae,"""Biocellata sp. ""","""Peru, Loreto, no loc., I-2017"""
E007,52.448,1.15,2.86,5.96,4.21,9.5,3.21,16.41,7.29,13.44,8.33,34.98,37.03,16.56,3,2898/2899/2900,Dudgeoneidae,"""Cossula magnifica (Strecker, 1876)""","""U.S.A., Louisiana, St Tammany Parish 4.2 mi NE Abita Springs, IV/V-2014, V.A. Brou leg."""
E008,94.99,1.66,3.05,6.12,3.71,9.45,3.46,17.01,7.91,13.49,9.11,34.13,37.73,17.23,1,4501,Cossidae,"""Catopta albonubila (Graeser, 1888)""","""Russia, Primorski krai, Ussuriysky distr., Gornotayezhnaya, 22-VIII-2016, V. Golovizin leg."""
E009,60.543,1.01,2.59,5.62,4.89,9.24,2.68,15.96,7.29,12.70,7.83,33.36,36.82,15.87,2,6113/6114,Cossidae,"""Catopta perunovi Yakovlev, 2007""","""Russia, Altai, Ulagansky distr., 8 km NE Aktash, 2200 m, 5/6-VII-2017, Tshikhachev Mt Ridge, Kosh-Agach distr., 13 km E Kokorya, 11/12-VII-2017, S.A. Knyazev leg."""
E010,60.61,0.52,2.93,6.31,4.65,11.91,3.21,16.75,6.63,12.99,8.09,37.37,38.05,18.74,1,7371,Cossidae,"""Catopta thrips (Hübner, 1818)""","""Russia, Orenburg, Sol-Idek, 50°39'N, 54°28'E, 16-VI-2015"""
E011,211.20,1.06,3.45,10.71,7.29,15.33,5.85,24.16,8.44,13.83,9.66,52.01,55.61,27.10,1,2214,Cossidae,"""Prionoxystus robiniae (Peck, 1818)""","""U.S.A., Louisiana, St. Tammani Parish, 4,2 M E Abita Springs, 29-II-2012, V.A. Brou leg (30°30.986'N, 89°57.276'W)"""
E012,156.886,1.44,3.71,9.56,6.13,13.83,5.01,23.10,8.77,15.32,10.06,47.53,52.34,24.83,8,5964-5967/5977-5980,Cossidae,"""Paracossus sp. (cf. indradit, griseatellus)""","""Vietnam, Quang Nam, Tay Giang, Axan mt., 1300 m, XI-2017, T. Le Luong leg."""
E013,542.146,0.64,4.46,10.58,10.62,15.43,6.66,33.81,14.18,24.39,16.53,73.91,78.25,26.65,2,510/773,Cossidae,"""Cossus cossus (L., 1758)""","""Spain, Madrid, Miraflores de la Sierra, 29-7-1998"""
E014,82.56,1.01,3.45,8.44,5.45,14.81,4.48,22.99,7.86,14.44,8.8,45.02,51.38,24.27,1,5679,Cossidae,"""Cossus sp. (cf. cinereus, retak, rufipecten)""","""Indonesia, W. Kalimantan, Mt. Bawang (00°53.5'N, 109°22.2E), 245 m, VIII-2017"""
E015,58.315,0.76,2.76,6.90,4.14,10.20,2.33,14.89,6.82,11.09,7.53,31.07,33.93,17.87,2,2123/2809,Cossidae,"""Parahypopta caestrum (Hübner, 1808)""","""Spain, Madrid, Cercedilla, 1998"""
E016,21.400,0.42,1.78,4.26,3.72,6.83,2.33,10.25,4.28,7.64,4.52,20.96,24.23,11.51,3,817/839/5538,Cossidae,"""Dyspessa ulula (Borkhausen, 1790)""","""Spain, Madrid, Cabanillas, V-1998, Albacete, Peña Gallinero, 26-VI-1988, M. Mozos & M. Martín leg."""
E017,16.76,0.83,2.16,3.38,2.94,6.48,2.51,9.81,4.26,7.64,4.8,20.86,22.56,10.69,1,6255,Cossidae,"""Dyspessa aphrodite Yakovlev & Witt, 2007""","""Greece, Litochoro, 1-VII-2014, A. Szabó leg."""
E018,17.09,0.58,2.09,4.86,3.89,5.48,2.09,11.91,5.03,8.48,5.67,24.45,27.71,10.92,1,6115,Cossidae,"""Dyspessa tristis Bang-Haas, 1912""","""Kazakhstan, Karagandá reg., 8 km  NE Zhezkazgan, 6/7-V-2017, S.A. Knyazev leg."""
E019,13.011,0.49,1.64,3.43,3.28,7.51,2.59,10.26,3.96,7.96,4.61,21.76,23.81,11.44,2,2891/2892,Cossidae,"""Hypopta francesca Dyar, 1909""","""U.S.A., Louisiana, St Tammany Parish 4.2 mi NE Abita Springs, 27-VI-2014, V.A. Brou leg."""
E020,48.577,0.79,2.5,5.71,4.36,10.12,3.37,16.15,5.64,11.74,6.39,33.69,36.56,16.63,4,3235-3238,Cossidae,"""Inguromorpha basalis (Walker, 1856)""","""U.S.A., Louisiana, St. Tammany, Parish, IV/V-2014, V.A. Brou leg."""
E021,133.92,1.35,3.79,8.87,5.76,12.98,4.37,22.69,8.20,15.78,7.87,45.91,51.15,23.21,1,5073,Cossidae,"""Langsdorfia franckii Hübner, 1821""","""Costa Rica, Monteverde, Santa Elena, 7-X-2015, V. Golovizin leg."""
E022,69.163,1.11,2.64,6.33,4.17,11.89,3.04,18.56,6.65,13.92,8.35,38.84,41.36,19.34,4,4105/4106/4107/4108,Cossidae,"""Roerichiora stigmatica (Moore, 1879)""","""Vietnam, Kon Tum, Ngoc Linh, 1900 m, III-2016, L.T. Le leg."""
E023,37.691,0.64,2.26,6.16,4.17,9.84,2.86,15.00,4.98,11.93,6.18,33.12,34.18,16.64,3,2309/2310/4064,Cossidae,"""Phragmatecia castaneae (Hübner, 1790)""","""France, St. Crepin, 7-VII-2007, Russia, Omsk reg., Krutinski distr., Gulyai Pole, 26-VII-2013, S.A. Knyazev leg."""
E024,627.20,1.53,6.24,14.46,11.11,34.09,6.47,46.55,12.26,31.81,13.89,101.51,104.11,49.93,1,3806,Cossidae,"""Strigocossus moderata (Walker, 1856)""","""Nigeria, no loc., 1024"""
E025,206.55,0.63,3.36,8.77,5.55,18.02,4.49,27.03,8.6,19.53,11.71,55.29,59.61,27.42,1,3122,Cossidae,"""Relluna nurella (Swinhoe, 1894)""","""Vietnam, Thanh Hoá, V-2014, Le Xuan Xung leg."""
E026,937.37,1.03,5.78,15.78,8.14,28.11,7.15,44.15,13.43,30.45,15.25,92.32,96.34,44.92,1,5766,Cossidae,"""Endoxyla mackeri (Oberthür, 1916)""","""Australia, Queensland, Carradunga, Polly ck, 23-X-2014"""
E027,79.17,1.03,2.66,6.29,3.68,10.01,2.89,17.63,5.95,14.06,7.36,35.68,38.86,17.33,1,5097,Cossidae,"""Psychonoctua gilensis (Barnes & McDunnough, 1910)""","""U.S.A., Arizona, Santa Cruz Co., Ruby Mine (31° 36' 29.0'' N, 111° 14' 19.7'' W), 19-VII-1996, W.F. Babcock leg."""
E028,495.65,1.13,5.46,15.06,10.55,26.46,7.8,42.65,11.36,27.66,12.68,92.41,95.85,42.65,1,6188,Cossidae,"""Morpheis mathani (Schaus, 1901)""","""French Guiana, Sant Laurent du Maroni, VII-2018"""
E029,758.288,1.83,4.93,15.07,9.74,26.68,6.19,36.60,10.22,24.53,11.13,81.93,82.96,43.59,2,2137/7647,Cossidae,"""Morpheis pyracmon (Schaus, 1901)""","""French Guiana, RNA PK 209,3, 9_VI-2013, Suriname, Brokopondo, S.A. Bergendal Resort (5°08'54.62''N, 55°04'7.24''W), 11-VII-2018, Col. T. Taylor leg."""
E030,543.461,1.05,4.77,14.38,9.54,30.68,8.01,43.61,13.21,28.89,14.04,91.40,96.77,46.12,4,2765/2472/1125/5981,Cossidae,"""Xyleutes strix (L., 1758)""","""Malaysia, Pahang, Brinchang, 1500m, III/IV-2014, A. Vishnyakov leg., Vietnam, Quang Nam, Tay Giang, Axan mt., 1300 m, VI-2017, T. Le Luong leg."""
E031,1102.455,1.52,6.38,14.94,9.33,30.51,6.26,46.02,13.31,32.75,16.07,100.08,101.39,46.98,2,214/763,Cossidae,"""Xyleutes crassa (Drury, 1780)""","""Ecuatorial Guinea, Bata (Río Muni), X-1964"""
E032,3278.775,1.96,7.01,23.23,14.15,40.55,9.34,63.12,18.06,39.80,18.48,127.01,140.41,65.68,2,2199/2477,Cossidae,"""Xyleutes persona (Le Guillou, 1841)""","""Indonesia, N-Halmahera, Mt. Gamkonora, V-2013, Vietnam, Quang Ngai, Bato mt., 950 m, IV-2014"""
E033,887.998,1.69,5.22,11.14,6.97,23.70,5.18,32.78,9.01,21.37,9.35,68.95,72.53,36.54,2,3406/3645,Cossidae,"""Chalcidica minea (Cramer, 1777)""","""Vietnam, Lam Dong, Bao Loc, X-2014, Kon Tum, Ngoc Höi, V-2015, D.N. Van leg."""
E034,135.671,0.93,3.76,8.81,5.33,15.27,3.73,25.62,6.91,16.67,8.32,52.30,56.57,25.01,2,3600/3601,Cossidae,"""Duomitus ceramicus (Walker, 1865)""","""Vietnam, Quang Ngai, Mt. Bato, 1200 m, IV-2015, T. Le Luong leg."""
E035,236.088,1.01,3.98,10.38,7.62,15.72,5.09,28.02,8.08,18.48,9.70,60.19,63.66,27.12,4,5988-5991,Cossidae,"""Panau stenoptera (Roepke, 1957)""","""Vietnam, Quang Nam, Tay Giang, Axan mt., 1300 m, II-2018, T. Le Luong leg."""
E036,64.22,0.62,2.91,7.27,4.43,10.71,3.47,16.86,6.86,8.23,5.36,35.76,38.16,18.61,1,4461,Cossidae,"""Eulophonotus hyalipennis (Strand, 1910)""","""Rep. of South Africa, Kwazulu-Natal, Izala Game Reserve, 610 m, 18/19-X-2009 (27° 31' 13'' S, 31° 12' 18 E), A. Sochjivko leg."""
E037,187.772,0.66,2.97,9.97,6.98,15.50,3.74,22.43,7.53,14.37,6.94,48.05,51.85,26.14,4,816/838/2810/6917,Cossidae,"""Zeuzera pyrina (L., 1761)""","""Spain, Ávila, El Hornillo, VII-1985"""
E038,562.756,0.57,3.88,13.03,8.31,19.87,4.97,32.81,10.78,20.80,10.74,70.88,73.94,33.48,1,2804,Cossidae,"""Zeuzera coffeae Nietner, 1861""","""Malaysia, Pahang, Brinchang, 2014"""
E039,321.138,0.54,3.4,12.04,6.8,14.89,3.62,27.48,8.88,16.45,8.47,58.89,61.76,27.48,3,2266/2683/1127,Cossidae,"""Zeuzera multistrigata Moore, 1881""","""Vietnam, Lam Dong Prov., 1450 m, VII-2013, Di Linh mt. 900 m, III-2013"""
E040,202.978,1.37,3.28,9.18,5.97,15.98,4.47,24.12,7.63,15.09,7.43,50.66,54.21,26.53,4,5992-5995,Cossidae,"""Zeuzera lineata Gaede, 1933""","""Vietnam, Quang Nam, Tay Giang, Axan mt., 1300 m, II-2018, T. Le Luong leg."""
E041,122.810,1.14,3.51,6.77,4.53,12.90,3.87,23.21,9.51,16.78,9.81,47.19,50.95,20.82,2,3242/5445,Dudgeoneidae,"""Dudgeonea sp. (forbesi Roepke?)""","""Indonesia, W. Papua, Arfak, Mybri, 1500 m, XI-2014"""
E042,72.22,1.54,4.36,8.98,4.1,11.69,4.42,28.08,14.44,22.03,15.97,55.43,60.26,22.21,1,3166,Castniidae,"""Tascina metallica Pagenstecher, 1890""","""Philippines, North Palawan, VI-2014, A. Layron leg."""
E043,49.31,1.39,3.43,7.84,3.25,8.87,2.43,19.61,8.44,16.53,11.91,40.41,42.47,18.17,1,6435,Castniidae,"""Synemon parthenoides Felder, 1874""","""Australia, South Australia, Aldgate 5154, X-2012"""
E044,936.077,1.38,5.52,17.32,9.28,17.36,6.52,42.15,19.05,26.99,20.40,80.26,93.59,36.06,3,5219/5220/5773,Castniidae,"""Paysandisia archon (Burmeister, 1880)""","""Spain, Madrid, Serranillos del Valle, 13-VIII-2017, J.P. Cancela leg., Valencia, no data, France, 83 Lorgues, 20-VIII-2006 (e.l.), Herzet leg."""
E045,186.15,1.64,4.3,11.27,4.85,14.33,5.71,37.11,21.73,31.08,19.67,70.97,79.07,27.17,1,2107,Castniidae,"""Xanthocastnia evalthoides (Strand, 1913)""","""Peru, Tingo María, XII-2004"""
E046,211.13,1.55,4.42,10.10,4.86,12.87,4.28,37.33,24.27,28.90,23.94,66.80,79.52,24.54,1,7127,Castniidae,"""Divana diva (Butler, 1870)""","""Ecuador, Esmeraldas, San Lorenzo, Chuchubi, IX-2018"""
E047,623.43,2.18,6.96,17.02,8.77,23.84,6.87,59.58,34.27,45.76,35.06,106.47,127.93,43.04,1,2481,Castniidae,"""Amauta cacica (Herrich-Schäffer, 1854)""","""Costa Rica, Osa, 2014"""
E048,670.21,2.37,6.41,18.41,6.83,19.23,8.18,56.16,35.36,42.99,36.24,91.69,119.15,39.94,1,1000,Castniidae,"""Amauta papilionaris (Walker, 1864)""","""Ecuador, Macas, 1050 m (MNCN)"""
E049,238.323,1.58,5.42,13.75,6.14,17.79,4.97,45.29,25.63,34.42,29.67,81.86,96.73,33.13,2,914/999,Castniidae,"""Telchin licus (Drury, 1773)""","""Ecuador, Aguahedionda, 500 m (MNCN)"""
E050,301.71,1.51,4.84,10.94,5.89,16.57,4.57,39.41,24.93,31.34,24.17,69.72,84.71,29.02,1,2806,Castniidae,"""Castniomera atymnius (Dalman, 1824)""","""Costa Rica, Osa, IV-2013"""
E051,513.59,1.87,5.44,13.54,5.97,16.57,5.86,44.29,25.93,34.61,29.88,78.33,94.55,31.98,1,3169,Castniidae,"""Castniomera drucei (Schaus, 1911)""","""Costa Rica, Osa, Corcovado, 8-III-2014"""
E052,257.709,1.88,4.85,10.86,5.54,17.70,5.39,44.07,21.11,32.63,19.08,85.55,93.69,30.45,2,2745/2746,Castniidae,"""Duboisvalia ecuadoria (Westwood, 1877)""","""Peru, San Martín, distrito Naranjos, 6-XII-2012"""
E053,234.00,1.54,4.64,9.84,5.22,16.93,4.66,43.93,19.71,32.54,18.68,84.42,93.08,28.31,1,2192,Castniidae,"""Duboisvalia simulans (Boisduval, 1875)""","""Peru, San Martín, X-2013"""
E054,268.457,2.18,5.53,13.19,6.17,19.14,5.83,47.28,21.89,29.99,20.10,89.68,100.75,34.51,2,913/6381,Castniidae,"""Gazera heliconioides (Herrich-Schäffer, 1853)""","""No loc. (America), Brasil, Pará, II-1986"""
E055,456.279,1.91,5.32,15.87,6.92,15.54,5.95,35.36,18.85,22.54,21.37,67.01,77.66,33.32,2,7133/7134,Castniidae,"""Hista fabricii (Swainson, 1823)""","""Brasil, Santa Catarina, Sao Bento do Sul, Rio Vermelho, 5/15-II-2015, R. Westphal leg."""
E056,267.42,1.49,4.84,12.44,6.11,13.89,6.15,38.26,18.46,25.54,22.61,64.68,82.63,27.82,1,2108,Castniidae,"""Hista hegemon (Kollar, 1839)""","""Peru, Tingo María, IX-2001"""
E057,864.216,2.49,6.38,19.26,8.33,21.44,8.87,50.54,29.28,34.11,33.13,92.85,109.42,43.20,3,7129/7130/7336,Castniidae,"""Yagra fonscolombe (Godart, 1824)""","""Brasil, Santa Catarina, Sao Bento do Sul, Rio Vermelho, 15-I-2015, R. Westphal leg., Santa Catarina, Joinville, II-1991, J. Weiss leg."""
E058,534.329,1.73,5.55,13.71,6.14,17.15,6.66,43.17,22.76,28.85,26.02,75.85,92.49,32.60,2,7131/7259,Castniidae,"""Athis fuscorubra (Houlbert, 1917)""","""Peru, Ayacucho, Tambillo - Huamanga, 15-V-2018"""
E059,127.441,2.08,4.50,8.90,3.96,11.94,3.34,32.47,16.64,23.05,19.03,63.77,68.91,22.93,2,7332/7337,Castniidae,"""Haemonides cronida (Herrich-Schäffer, [1854])""","""Peru, Satipo, X-2010"""
E060,81.768,1.60,4.02,9.50,4.30,13.36,3.78,32.03,16.01,21.40,17.40,59.78,68.37,24.47,2,6980/7128,Castniidae,"""Riechia acraeoides (Guérin-Méneville, 1832)""","""Brasil, Santa Catarina, Sao Bento do Sul, II-2012, R. Wersfal leg."""
E061,304.39,1.91,4.63,12.31,5.71,16.07,4.13,44.47,23.45,31.99,25.85,84.87,94.51,30.21,1,2482,Castniidae,"""Imara satrapes (Kollar, 1839)""","""Brasil, Minas Gerais, Rio Vermelho, II-2014"""
F001,83.69,1.01,2.94,6.85,5.65,12.15,3.87,18.41,2.66,14.47,4.57,41.67,42.47,20.05,1,2812,Sesiidae,"""Sesia apiformis (Clerk, 1859)""","""Spain, Toledo (Toledo)"""
F002,39.205,0.97,2.58,5.40,4.13,9.59,3.34,13.44,1.79,9.64,3.08,28.12,31.01,15.96,2,556/625,Sesiidae,"""Sesia melanocephala (Dalman, 1817)""","""Spain, Madrid, Cantoblanco, 1981"""
F003,6.04,0.54,1.28,2.56,1.69,4.22,1.30,7.23,1.36,5.52,2.02,15.65,16.16,7.34,1,7458,Sesiidae,"""Euhagena palariformis (Lederer, 1858)""","""Lebanon, Bsharre env. Near Cedars, 1900 m., 3/6-VI-2018"""
F004,104.660,0.89,3.64,6.78,5.05,11.26,3.75,16.14,2.24,12.87,4.14,35.84,37.34,18.93,5,2290-2292/2316/2317,Sesiidae,"""Paranthrene simulans (Grote, 1881)""","""U.S.A., Indiana, Alton, Perry Co., VI-2013, Florida, Seminole County, Econ River, XI-2013, D. Hyman leg."""
F005,99.55,0.89,3.41,5.94,4.86,11.79,3.04,15.16,1.93,12.03,3.68,33.94,35.19,18.62,1,2414,Sesiidae,"""Paranthrene sp.""","""U.S.A., Indiana, (no loc.) 2012"""
F006,91.59,1.28,3.34,6.55,3.94,10.69,4.17,18.85,3.28,14.17,5.31,39.39,41.64,18.52,1,2885,Sesiidae,"""Pseudosesia productalis (Walker, 1864)""","""Indonesia, Sulawesi, Pulau Muna Island, VI-2014"""
F007,12.78,0.55,1.82,4.17,3.32,8.77,0.95,11.94,1.84,9.84,3.72,25.95,27.27,13.49,1,2744,Sesiidae,"""Albuna pyramidalis (Walker, 1856)""","""Canada, British Columbia, Whistler, Millar Creek / Alpha Lake, 700 m, VII-2005, P. Jakubek leg."""
F008,110.76,1.47,4.35,6.46,6.49,12.34,4.56,18.67,2.21,14.78,5.69,41.86,43.83,20.27,1,2062,Sesiidae,"""Melittia brabanti Le Cref, 1916""","""French Guiana, Kaw Mt., 2009"""
F009,30.38,1.13,3.42,5.18,4.34,9.63,3.13,13.45,2.19,10.75,4.39,29.68,31.24,15.91,1,2883,Sesiidae,"""Melittia sp. A""","""Indonesia, Maluku, W. Seram, Mt. Manusela, 600 m, V-2014"""
F010,41.03,1.39,3.38,5.19,3.97,9.04,3.71,13.56,2.15,11.52,4.52,29.85,31.09,15.58,1,2886,Sesiidae,"""Melittia sp. B""","""Indonesia, Bali, W. Bali, Bedugul, 03-2014"""
F011,17.983,0.27,1.81,3.14,2.87,8.92,2.00,11.79,1.41,10.06,2.72,25.96,26.45,12.33,3,3850/3851/3852,Sesiidae,"""Pennisetia hylaeiformis (Laspeyres, 1801)""","""Russia, Tver region, Kimry distr., Shchelkovo, 20-VII/10-VIII-2015, A. Azarov leg."""
F012,5.608,0.45,1.40,2.38,1.89,5.03,1.55,8.42,1.01,7.08,1.98,18.15,18.74,7.88,2,7110/7145,Sesiidae,"""Negotinthia hoplisiformis (Mann, 1864)""","""Turkey, Hakkari, Kirigdag 1 km NW Hakkari, 1300-1500 m, 30-VI-2011, R. Fiebig leg."""
F013,2.549,0.29,1.15,1.98,1.54,3.45,1.18,6.27,0.79,5.27,1.65,13.75,14.08,5.73,3,5771/5772/5843,Sesiidae,"""Tinthia tineiformis (Esper, 1789)""","""France, Ardèche 07, St. Maurice d'Ibie, 17-VI-1997, V. Banholder leg., Gallia mer., Céreste (Apt), 23-VI-1991, Z. Lastuvka leg."""
F014,5.750,0.69,1.55,2.90,1.99,6.79,0.94,8.72,1.27,7.11,2.37,18.70,19.43,10.38,2,7459/7462,Sesiidae,"""Synanthedon andrenaeiformis (Laspeyres, 1801)""","""Germany, Sachsen, Glauchau Umgebung, 1/16-VI-2016, E. Eichler leg."""
F015,8.825,0.59,1.61,3.40,2.48,5.34,1.62,8.15,1.22,6.43,2.23,18.58,18.71,9.33,1,3331,Sesiidae,"""Synanthedon codeti (Oberthür, 1881)""","""Spain, no data"""
F016,5.305,0.66,1.72,3.10,1.95,6.41,1.53,8.50,1.20,6.91,2.51,18.11,18.95,10.18,2,7460/7461,Sesiidae,"""Synanthedon formicaeformis (Esper, 1783)""","""Germany, Sachsen, Glauchau Umgebung, 20-VII/20-VIII-2016, E. Eichler leg."""
F017,13.85,0.49,1.77,3.69,2.54,6.97,1.74,9.24,1.38,7.56,3.03,20.78,21.03,11.16,1,4279,Sesiidae,"""Chamaesphecia ramburi (Staudinger, 1866)""","""Spain, Guadalajara, Budia, 950 m, 3-VII-2016, E.G.B. leg."""
F018,5.51,0.53,1.05,3.05,1.58,4.43,0.47,11.43,4.27,9.56,4.95,23.88,24.44,8.01,1,3346,Sesiidae,"""Chamaesphecia sp. cf. mysiniformis""","""Spain, Madrid, El Escorial, 29-VII-1983"""
F019,11.507,0.53,1.79,3.39,2.38,5.86,1.91,8.09,1.09,6.59,2.52,17.64,18.57,9.80,3,86/705/2811,Sesiidae,"""Pyropteron chrysidiformis (Esper, 1782)""","""Spain, Madrid, Cantoblanco, Guadalajara, Durón, 1980"""
F020,13.018,0.8,1.94,3.63,2.91,6.99,2.22,9.78,1.41,7.52,2.54,21.73,22.47,11.42,2,561/562,Sesiidae,"""Pyropteron sp.""","""Portugal, Algarve, Praia da Luz, Spain, Madrid, Cerdcedilla, 1985"""
F021,1.542,0.48,1.13,1.78,1.56,3.39,0.98,5.83,0.86,4.8,1.7,11.92,13.22,5.65,1,5165,Sesiidae,"""Pyropteron sp. (cf. koschwitzi)""","""Spain, Madrid, Miraflores, La Morcuera, 1775 m, 13-VII-2017, E.G.B. leg."""
F022,5.74,0.55,1.51,2.78,1.96,6.02,1.31,7.43,1.13,6.13,1.94,16.78,16.82,9.35,1,6102,Sesiidae,"""Pyropteron sp. cf. leucomelaena""","""Spain, Madrid, Alcobendas, 20-VI-2018, E.G.B. leg."""
F023,6.500,0.42,1.50,2.81,1.84,6.21,1.31,8.72,1.26,6.98,2.45,18.54,19.28,9.45,1,7457,Sesiidae,"""Synansphecia triannuliformis (Freyer, 1842)""","""Turkey, Antalya, Akseki 20 km E, 1785 m., 23/24-VI-2009, V. Visinskas & K. Skrupkelis leg."""
F024,2.045,0.31,1.08,1.94,1.38,4.26,0.87,5.97,0.78,5.05,1.64,12.81,13.32,6.52,4,5006/5038/5039/5040,Sesiidae,"""Bembecia hymenopteriformis (Bellier, 1869)""","""Spain, Madrid, Campus Cantoblanco UAM, 3/9-VI-2017, E.G.B. leg."""
F025,8.95,0.49,1.81,2.96,2.52,6.43,1.62,8.27,1.06,6.48,2.21,20.06,19.07,9.88,1,895,Sesiidae,"""Bembecia sp.""","""Spain, no data"""
F026,2.92,0.41,1.39,2.23,1.53,4.27,1.37,6.65,0.94,5.4,1.79,14.06,14.83,6.91,1,4317,Sesiidae,"""Bembecia sp. cf. iberica Spatenka, 1992""","""Spain, Huesca, Yésero, 29-VII-2016"""
F027,13.619,0.77,2.61,4.43,3.23,8.88,2.69,14.07,1.91,11.48,3.58,29.59,31.37,14.08,2,3225/3226,Sesiidae,"""Podosesia syringae (Harris, 1839)""","""U.S.A., Louisiana, St. Tammany, 13/14-IV-2014, V.A. Brou leg."""
F028,7.48,0.77,1.49,3.75,2.58,6.81,1.67,10.52,1.48,9.17,3.17,23.85,23.62,11.33,1,2743,Sesiidae,"""Podosesia exitiosa (Say, 1823)""","""Canada, British Columbia, Whistler, Millar Creek / Alpha Lake, 700 m, VII-2005, P. Jakubek leg."""
F029,16.95,0.67,2.12,4.57,3.18,8.73,1.78,11.59,1.75,9.3,3.12,24.36,26.36,13.97,1,2288,Sesiidae,"""Podosesia sp. A (cf. arkansaensis)""","""U.S.A., Indiana, Alton, Perry Co., V-2013"""
F030,7.779,0.72,1.78,3.69,2.11,5.98,1.25,10.05,1.54,8.07,2.98,21.81,22.21,10.39,2,3418/3480,Sesiidae,"""Podosesia rubrofascia (Edwards, 1881)""","""U.S.A., Louisiana, St. Tammany Parish, 16/26-V-2014, V.A. Brou leg."""
F031,11.44,0.59,2.2,4.6,2.98,6.27,1.46,11.05,1.72,8.98,3.75,25.26,25.08,11.46,1,2742,Sesiidae,"""Podosesia albicornis (Edwards, 1881)""","""Canada, British Columbia, Whistler, Millar Creek / Alpha Lake, 700 m, VII-2005, P. Jakubek leg."""
F032,7.360,0.67,1.71,3.71,2.00,5.44,1.17,9.63,1.54,7.47,3.3,20.66,21.26,9.82,1,2741,Sesiidae,"""Podosesia bibionipennis (Boisduval, 1869)""","""Canada, Yukon, 15 km sw Carcross, Mt. Montana, 1750 m, P. Jakubek leg."""
F033,4.191,0.72,1.67,2.49,1.78,6.57,1.23,11.02,1.60,8.33,2.98,23.26,23.82,9.78,2,3419/3483,Sesiidae,"""Podosesia acerni (Clemens, 1860)""","""U.S.A., Louisiana, St. Tammany Parish, 9/17-IV-2014, V.A. Brou leg."""
F034,3.429,0.41,1.43,2.34,1.87,4.22,1.23,7.80,2.43,6.71,4.11,16.83,17.49,6.97,6,82/703/3697/3770/7526/7716,Brachodidae,"""Brachodes funebris (Feisthamel, 1833)""","""Spain, Guadalajara, Durón, 1989, 28-VI-2015, 17-VII-2015, 20-VII-2020, E.G.B. leg."""
F035,8.631,0.69,1.83,3.64,2.66,7.34,1.52,14.33,4.19,11.61,6.23,30.66,31.33,11.68,2,6946/6947,Brachodidae,"""Brachodes straminella (Rebel, 1916)""","""Russia, Altai, Kosh-Agaschky distr., 4 lm W Kurai vill., 1630 m, 50°14'23.64''N, 87°52'1.32''E, 14-VI-2019, S.A. Knyazev leg."""
F036,5.234,0.50,1.36,2.88,1.88,3.84,1.27,8.15,2.89,6.95,4.51,18.17,18.19,7.23,2,7363/7364,Brachodidae,"""Brachodes dispar (Herrich-Schäffer, 1854)""","""Russia, Orenburg, Sol-Idek, 50°39'N, 54°28'E, 2-VI-2019"""
F037,5.01,0.73,1.36,2.64,1.99,3.59,1.21,7.33,2.49,6.38,3.73,16.73,16.65,6.96,1,7367,Brachodidae,"""Brachodes pumila (Ochsenheimer, 1808)""","""Russia, Orenburg, S. Ural Mts., 52°23'N, 56°13'E, 1-VI-2016"""
F038,8.42,0.36,1.49,2.94,2.54,5.33,1.09,9.52,3.41,8.24,4.73,21.47,21.59,8.64,1,7366,Brachodidae,"""Atychia appendiculata (Esper, 1783)""","""Russia, Orenburg, Sol-Idek, 50°39'N, 54°28'E, 2-VI-2019"""
F039,13.71,0.61,1.95,4.09,2.44,7.62,1.66,15.09,4.93,12.73,7.87,32.96,32.62,12.32,1,7362,Brachodidae,"""Atychia radiolata (Staudinger, 1889)""","""Rep. Uzbekistan, Toshkent prov., Chatkaslkiy State Nat. Res., 41°10'10''N, 69°45'42''E, 4-VI-2017"""
G001,2.692,0.58,1.16,2.42,1.51,3.53,0.61,10.81,4.26,8.56,4.67,21.51,23.14,6.53,3,3340/3343/3344,Heterogynidae,"""Heterogynis chapmani de Freina, 2014""","""Spain, Ávila, Navarredonda, VII-1984"""
G002,3.897,0.66,1.16,3.06,1.93,3.26,1.08,13.01,4.87,10.54,5.85,26.22,27.96,6.98,4,824/845/3341/3342/3345,Heterogynidae,"""Heterogynis paradoxa Rambur, 1837""","""Spain, Ávila, Puerto del Pico, VI-1986"""
G003,2.461,0.59,1.09,2.81,1.58,2.98,0.7,9.58,4.39,8.13,4.88,19.65,20.74,6.38,1,3496,Heterogynidae,"""Heterogynis penella (Hübner, 1818)""","""France, South France (Pyrenées?), VI-2014"""
G004,41.297,1.06,2.76,5.79,3.25,8.97,2.37,19.61,11.14,15.11,10.85,36.41,42.48,15.84,2,6571/7639,Dalceridae,"""Dalcera sp. cf. abrasa""","""Peru, Loreto, San Regis, I-2017, Suriname, Brokopondo, S.A. Bergendal Resort (5°08'54,62''N. 55°04'7,24''W), 21-II-2018, Col. T. Taylor leg."""
G005,36.45,0.81,2.84,5.32,3.41,6.76,1.79,15.87,8.44,12.78,8.42,29.91,35.17,12.90,1,4840,Dalceridae,"""Acraga coa (Schaus, 1892)""","""Costa Rica, Monteverde, near Braulio Carillo, 5-V-2013, V. Golovizin leg."""
G006,38.71,0.89,2.12,4.63,2.57,7.97,2.78,18.61,10.43,14.90,9.58,33.26,39.80,13.50,1,6572,Dalceridae,"""Acraga sp. cf. infusa""","""Peru, Loreto, Maynas, Punchacu, Picuroyacu, II-2017"""
G007,14.668,0.27,1.99,3.62,2.96,5.33,1.51,10.23,4.93,8.44,5.83,21.34,23.44,9.23,2,4828/4861,Limacodidae,"""Phrixolepia sericea (Butler, 1877)""","""Russia, Primorsky krai, Chuguevsky distr., Topolevoe, 9-VII-2015, V. Golovizin leg."""
G008,44.812,1.23,2.94,5.29,4.85,8.06,3.43,13.61,6.47,10.80,6.59,29.46,32.08,14.58,2,3306/3307,Limacodidae,"""Altha sp. (cf. nivea, subnotata)""","""Vietnam, Quang Ngai, Bato Mt., 500 m, I-2015"""
G009,48.850,0.79,3.34,5.31,4.96,9.41,3.33,15.24,7.15,11.51,8.18,31.64,35.45,15.52,2,3522/3553,Limacodidae,"""Chalcoscelides castaneipars (Moore, 1865)""","""Vietnam, Quang Ngai, Mt. Bato, 1200 m, II-2015, T. Le Luong leg."""
G010,11.71,0.54,1.94,3.63,3.06,5.87,1.74,11.92,5.57,9.09,6.83,24.99,26.90,10.04,1,2209,Limacodidae,"""Apoda limacodes (Hufnagel, 1766)""","""Czeck Republic, Moravia, Chtiby, Jaulasice, 17-VII-1982, A. Titz leg."""
G011,18.15,0.43,2.01,3.9,3.1,7.99,3.13,11.03,5.57,9.65,6.28,23.87,25.16,12.32,1,3420,Limacodidae,"""Apoda y-inversum (Packard, 1864)""","""U.S.A., Louisiana, St. Tammany Parish, 27-IV-2014, V.A. Brou leg."""
G012,4.23,0.43,1.28,2.27,1.76,3.42,0.98,7.84,4.22,5.78,4.36,14.79,17.44,6.12,1,2311,Limacodidae,"""Heterogenea asella (D. & Schiff., 1775)""","""Germany, Niedersachsen, 5-VII-2010, L.F. John leg."""
G013,9.388,0.42,2.10,2.96,2.68,7.68,2.54,11.20,4.98,9.27,6.33,23.03,25.09,11.07,3,819/841/2040,Limacodidae,"""Hoyosia codeti (Oberthür, 1883)""","""Spain, Guadalajara, Durón, VIII-1981"""
G014,10.646,0.85,1.98,3.28,2.45,5.06,2.05,11.51,5.69,9.49,5.67,23.53,25.47,9.19,4,4174/4175/4176/4177,Limacodidae,"""Narosa sp. (cf. corusca)""","""Vietnam, Kon Tum, Ngoc Linh mt., 1900 m, III-2016"""
G015,304.332,0.52,3.82,10.19,7.15,13.21,4.69,24.38,10.90,16.65,10.14,49.04,55.91,23.93,1,538,Limacodidae,"""Parasa cf. vitelina (Karsch, 1898)""","""Ecuatorial Guinea, Bata, 1964"""
G016,25.700,0.82,2.31,4.82,4.05,5.93,2.11,12.55,6.21,9.83,6.83,26.42,29.15,11.57,5,2215-2217/2321/2322,Limacodidae,"""Parasa darma Moore, 1859""","""Malaysia, Sabah, Mt. Trusmadi, 2012"""
G017,64.21,0.81,3.18,5.25,3.54,9.41,2.98,15.25,7.01,11.54,7.02,29.46,34.04,15.47,1,4813,Limacodidae,"""Parasa emeralda (Solovyev & Witt, 2009)""","""Vietnam, Lam Dong, Maria past, VI-2006, D.N. Van leg"""
G018,78.97,0.98,3.18,6.07,5.46,7.15,3.64,16.07,8.58,12.51,9.02,32.16,37.68,14.12,1,2361,Limacodidae,"""Parasa julikatis Solovyev & Witt, 2009""","""Vietnam, Da Nang, BaNa, 2014"""
G019,132.93,0.94,3.77,7.46,6.83,16.91,4.85,22.54,10.68,18.45,12.52,46.44,51.91,25.31,1,2418,Limacodidae,"""Parasa ostia Swinhoe, 1902""","""Vietnam, Lam Dong, Di Linh mt., 900 m, X-2013, Le lUong Thanh leg."""
G020,114.31,1.69,3.65,7.00,5.12,9.15,4.05,18.54,8.72,13.08,8.61,36.48,42.22,17.84,1,7417,Limacodidae,"""Parasa pastoralis Butler, 1855""","""Malaysia, Borneo Island, Sabah, Trus Madi, VII-2011, V. Gromenko leg."""
G021,24.541,1.11,2.31,3.60,2.65,7.12,1.44,13.09,7.05,10.63,7.57,25.70,28.85,11.85,2,6951/6952,Limacodidae,"""Parasa sinica Moore, 1877""","""Russia, Primorsky krai, Chigevsky distr., Topolevoe, 3-VII-2018, Skotovsky, Anisimovka, 25-VI-2018, V. Golovizin leg."""
G022,109.46,1.12,2.94,8.11,4.95,12.11,3.13,17.52,9.58,14.43,9.76,36.32,39.99,21.34,1,2260,Limacodidae,"""Parasa sp. (cf. pseudorepanda, campagnei)""","""Vietnam, Lao Cai prov., Sapa Mt., 1800 m, VIII-2013"""
G023,39.41,0.49,1.96,3.88,3.21,6.46,3.04,13.48,7.39,10.63,6.82,26.95,30.17,10.83,1,1316,Limacodidae,"""Euclea delphinii (Boisduval, 1832)""","""U.S.A., Ohio, Portage Co., Triangle Lake Bog, 6-VII-1986"""
G024,30.82,0.85,2.51,4.31,3.53,5.76,2.20,12.61,6.78,9.84,7.57,26.51,28.76,10.92,1,7109,Limacodidae,"""Latoia vivida (Walker, 1865)""","""Rep. South Africa, Limpopo, Soutpansberg Mt., 1430 m, 22°59'46''S, 29°49'39''E, 24-XI-2014, R. & S. Fiebig leg."""
G025,151.71,0.75,4.09,6.92,5.15,12.13,4.43,21.63,10.85,16.22,11.93,44.88,48.42,19.81,1,7425,Limacodidae,"""Scopelodes albipalpis Hering, 1931""","""Malaysia, Borneo Island, Sabah, Trus Madi, VII-2011, V. Gromenko leg."""
G026,155.92,1.15,4.48,9.92,6.9,16.09,3.25,23.43,11.21,20.21,12.74,44.57,53.74,27.16,1,2419,Limacodidae,"""Scopelodes sericea Butler, 1880""","""Vietnam, Lam Dong, Di Linh mt., 900 m, VII-2013, Le lUong Thanh leg."""
G027,135.45,0.81,3.86,7.32,4.57,11.04,3.92,19.51,8.87,13.70,9.25,40.61,43.60,19.17,1,7424,Limacodidae,"""Scopelodes unicolor Westwood, 1841""","""Malaysia, Borneo Island, Sabah, Trus Madi, VII-2011, V. Gromenko leg."""
G028,371.316,1.60,4.84,11.13,8.38,13.89,5.38,29.02,14.63,22.43,15.46,63.01,66.43,26.62,4,2272/2273/4814/4815,Limacodidae,"""Scopelodes venosa (Walker, 1855)""","""Vietnam, Da Nang, Ba Na mt., 1450 m, VI-2013, Lam Dong, Bao Loc, VIII-2016, D.N. Van leg."""
G029,143.547,1.17,3.40,7.57,6.81,9.38,4.70,22.55,9.64,16.16,10.33,44.43,51.92,18.13,4,4394/4395/4411/4412,Limacodidae,"""Mahanta sp.""","""Vietnam, Thua Thien Hue, Bach Ma Mt., 1400 m., I-2016"""
G030,74.34,1.24,3.43,5.78,5.58,9.2,3.44,17.63,8.77,14.01,8.96,37.36,40.84,16.22,1,2353,Limacodidae,"""Miresa sp.""","""Vietnam, Di Linh mt., Lam Dong, 900 m, X-2013"""
G031,249.014,1.62,4.25,8.71,7.88,14.26,6.32,25.79,14.17,21.04,14.49,54.67,59.46,24.58,2,3525/3526,Limacodidae,"""Phocoderma cf. velutina""","""Vietnam, Quang Ngai, Mt. Bato, 1200 m, II-2015, T. Le Luong leg."""
G032,93.17,0.96,3.42,8.02,7.42,7.62,3.89,17.67,9.09,13.05,10.06,36.33,42.76,16.58,1,2348,Limacodidae,"""Setora fletcheri Holloway, 1987""","""Vietnam, Di Linh mt., Lam Dong, 900 m, X-2013"""
G033,40.22,0.91,3.07,5.37,3.74,5.53,2.06,14.33,8.71,12.03,8.23,29.06,32.43,11.81,1,3088,Limacodidae,"""Cania sp. (cf. bilinea (Walker, 1858), robusta Hering, 1931)""","""Vietnam, Quang Ngai, Mt. Bato, 950 m, IX-2014"""
G034,34.236,0.93,3.25,5.61,4.17,7.52,2.47,16.76,9.55,14.09,8.39,35.49,37.69,14.06,2,4506/4575,Limacodidae,"""Cania sp. cf. bandura""","""Vietnam, Lac Duong, Lam Dong, Bidoup Nui Ba Natl, Pk, 15-VI-2016, Vo Van Nhon leg,"""
G035,77.35,0.62,3.27,6.13,4.99,10.05,3.01,15.10,6.89,10.77,7.01,32.22,35.20,16.80,1,7624,Limacodidae,"""Acharia sp.""","""Peru, Cuzco, Valle de Quillabamba, 1800 m., X-2016"""
G036,25.63,1.33,3.1,4.79,4.24,5.77,2.08,12.74,6.05,10.44,6.44,28.95,29.72,11.86,1,2254,Limacodidae,"""Limacodidae indet. (C)""","""Ecuador, Oro, San Roque, 14-VII-1993, J.A. Calleja leg."""
G037,78.16,1.36,3.39,6.46,4.99,9.18,2.91,16.66,8.53,13.00,8.81,35.22,38.32,17.01,1,7623,Limacodidae,"""Limacodidae indet. (D)""","""Peru, Cuzco, Valle de Quillabamba, 1800 m., X-2016"""
G038,38.96,1.12,3.04,5.46,4.15,8.62,3.37,19.11,9.86,14.93,10.87,37.85,42.38,15.22,1,7625,Limacodidae,"""Perola sp. (cf. villosipes, affinis)""","""Peru, Madre de Dios, Manu, Salvación, IX-2009"""
G039,29.89,0.31,2.02,3.71,2.92,5.09,3.07,11.38,5.21,8.48,5.22,23.37,25.68,9.11,1,3950,Limacodidae,"""Phobetron pithecium (Abbot & Smith, 1797)""","""U.S.A., Louisiana, St. Tamany Parish, 30° 30.986'N, 89° 57.276'W, 29-VIII-2014, V.A. Brou leg."""
G040,37.807,0.51,2.03,4.70,3.34,6.82,1.96,13.26,5.61,10.83,6.89,27.92,29.87,12.04,2,2067/2068,Limacodidae,"""Prolimacodes trigona (Edwards, 1882)""","""U.S.A., New Mexico, Grant Co., 19 m N Lordsburg, 6300 ft, VIII-2009"""
G041,42.45,1.25,3.33,5.46,3.69,8.46,3.13,14.85,7.78,12.17,8.64,29.52,33.39,15.18,1,5678,Limacodidae,"""Hyphormides argentipunctata Hering, 1931""","""Indonesia, W. Kalimantan, Mt. Bawang (00°53.5'N, 109°22.2E), 245 m, VIII-2017"""
G042,84.526,1.12,3.95,7.12,5.03,11.46,3.97,20.76,10.08,14.24,9.97,39.61,46.56,19.71,2,7640/7651,Limacodidae,"""Ulamia dolobrata (Stoll, 1780)""","""Suriname, Brokopondo, S.A. Bergendal Resort (5°08'54.62''N, 55°04'7.24''W), 13-VII-2018, Col. T. Taylor leg."""
G043,12.054,0.69,1.97,3.23,3.05,5.13,1.29,8.81,4.54,7.52,5.46,19.24,20.68,9.02,2,3038/3039,Limacodidae,"""Limacodinae indet. A""","""Malaysia, Pahang, Genting Highlands, 1700 m, 25-IV-2013"""
G044,25.69,0.77,1.92,4.19,3.03,5.84,1.54,12.84,5.65,10.48,6.64,24.74,28.63,10.85,1,3037,Limacodidae,"""Limacodinae indet. (B) ¿Narosoideus sp.?""","""Malaysia, Pahang, Genting Highlands, 1700 m, 28-VI-2013"""
G045,52.711,1.55,3.38,5.42,4.27,9.62,2.28,15.80,8.00,11.38,7.33,32.70,35.87,16.60,2,2060/6587,Megalopygidae,"""Megalopyge albicollis (Walker, 1855)""","""French Guiana, Route de Kaw, PK 27,5, V-2013, Peru, Loreto, Maynas, Punchacu, Picuroyacu, II-2017"""
G046,33.96,1.54,2.98,4.77,3.64,7.24,3.16,13.94,7.89,11.64,6.92,26.52,31.52,13.55,1,1315,Megalopygidae,"""Megalopyge bissesa Dyar, 1911""","""U.S.A., Arizona, Santa Croz Co., Ruby Mine, 19-VII-1996, W.F. Babcock col."""
G047,43.698,0.97,3.01,5.05,4.68,8.97,3.19,13.72,7.62,12.33,8.1,27.61,32.13,14.99,2,2893/2894,Megalopygidae,"""Megalopyge crispata (Packard, 1864)""","""U.S.A., Louisiana, St Tammany Parish 4.2 mi NE Abita Springs, V-2014, V.A. Brou leg."""
G048,45.462,1.27,2.92,5.28,4.66,9.62,3.31,13.37,7.37,11.19,7.01,28.48,31.40,16.18,2,3233/3241,Megalopygidae,"""Megalopyge opercularis (Smith & Abbot, 1797)""","""U.S.A., Louisiana, St. Tammany, Parish, 4.2 mi NE Abita Springs, 13-V-2014, V.A. Brou leg."""
G049,37.81,0.98,3.18,6.29,4.53,10.05,3.49,16.91,9.62,12.84,9.38,33.85,38.37,17.34,1,7627,Megalopygidae,"""Megalopyge sp. (cf. radiata)""","""Peru, Madre de Dios, Manu, Salvación, IX-2009"""
G050,72.060,1.27,3.29,7.01,4.02,9.03,2.74,16.42,7.64,10.91,6.26,34.79,36.86,17.31,4,2320/6590-6592,Megalopygidae,"""Megalopyge tharops (Stoll, 1782)""","""French Guiana, Barrage Saut Maman Valentin, RN1 Km209.3, V-2013, Peru, Loreto, Maynas, Punchacu, Picuroyacu, II-2017"""
G051,215.51,1.62,3.91,8.53,6.36,12.06,4.22,23.74,11.03,15.86,11.02,46.76,53.84,22.23,1,4853,Megalopygidae,"""Megalopyge urens (Berg, 1882)""","""Brasil, Nova Teutonia, Santa Catarina, VII-1963"""
G052,479.342,2.50,5.15,10.40,6.66,18.20,6.30,33.39,15.07,20.57,15.25,62.59,73.45,31.11,6,6514/6515/6530-6533,Megalopygidae,"""Podalia fulvescens Walker, 1856""","""Peru, Loreto, Maynas, Punchacu, Picuroyacu, II-2017, San Regis, I-2017"""
G053,396.194,1.80,4.34,10.54,8.59,14.67,6.00,28.96,13.57,18.31,14.04,59.63,66.39,27.02,2,2059/2478,Megalopygidae,"""Podalia orsilochus Cramer, 1775""","""French Guiana, Piste de Coralie, II-2013, Venezuela, no data"""
G054,36.852,1.27,2.93,5.13,4.25,7.58,2.84,14.89,8.40,11.75,8.07,31.47,34.03,13.99,2,7620/7621,Megalopygidae,"""Podalia sp. (cf.: tympana)""","""Peru, Asunción, Ancash, 1800 m., X-2018"""
G055,101.38,1.21,3.67,8.11,4.27,9.11,3.58,19.87,8.61,12.49,10.23,37.14,44.02,18.45,1,6573,Megalopygidae,"""Edebessa nigrorufa (Walker, 1864)""","""Peru, Loreto, no loc., I-2017"""
G056,127.880,1.39,3.97,8.26,4.83,11.96,4.00,21.33,8.78,13.69,10.84,44.07,47.49,21.61,2,6569/6570,Megalopygidae,"""Edebessa purens Walker, 1865""","""Peru, Loreto, San Regis, I-2017"""
G057,135.30,1.17,4.00,6.62,4.79,11.98,4.21,19.45,8.90,13.08,9.89,38.87,43.70,19.79,1,6577,Megalopygidae,"""Eochroma sp. (near pulchella)""","""Peru, Loreto, no loc., I-2017"""
G058,18.08,0.41,2.26,3.45,2.61,6.55,1.30,12.15,5.57,9.41,4.64,26.60,26.91,10.36,1,2293,Megalopygidae,"""Norape tener (Druce, 1897)""","""U.S.A., Arizona, Pima Co., Florida Canyon, 26-VII-2013"""
G059,46.599,0.73,2.75,5.13,4.42,5.87,3.08,20.40,10.39,14.16,9.52,39.09,45.23,11.74,2,6673/6676,Megalopygidae,"""Thoscora acca (Schaus, 1892)""","""Peru, Loreto, San Regis, I-2017"""
G060,35.721,0.79,2.83,5.83,4.07,7.61,2.80,14.81,6.75,10.61,6.66,31.39,33.70,14.24,3,2218/3138/6576,Megalopygidae,"""Trosia dimas (Cramer, 1775)""","""Peru, Amazonas, Montenegro, 800-1200 m, XI-2009, Guyanne Française, S. Matorey, Mt. Kaw Km 26, II-2012, Peru, Loreto, San Regis, I-2017"""
G061,67.27,0.96,3.66,7.04,5.15,12.07,3.35,17.23,7.68,11.79,8.91,36.00,39.61,20.07,1,904,Megalopygidae,"""Trosia nigropunctigera (Fletcher, 1882)""","""French Guiana, Cayenne, Mt. Kaw, XII-2009"""
G062,23.007,1.03,2.22,4.51,2.86,6.25,1.39,12.89,6.23,10.03,6.96,27.72,28.65,11.79,2,7597/7598,Megalopygidae,"""Trosia obsolescens Dyar, 1899""","""U.S.A., Arizona, Santa Cruz Co., Pena Blanca camp ground, 26-VII-2001, J. Hyatt leg."""
G063,95.752,0.89,3.34,6.55,4.31,11.35,3.90,18.52,7.98,12.97,8.40,38.16,41.36,18.80,2,3139/6575,Megalopygidae,"""Trosia sp. (near nigropunctigera)""","""Peru, Dep. Amazonas, Montenegro, 800-1200 m, XI-2009, Peru, Loreto, Maynas, Punchacu, Picuroyacu, II-2017"""
G064,5.25,1.1,1.72,2.65,2.4,5.22,2.14,15.68,5.44,33.79,0.95,27.51,33.76,8.97,1,2228,Himantopteridae,"""Semioptila spatulipennis Hering, 1937""","""Tanzania, M'Beye prov., Chimaca escapement, 2013"""
G065,8.157,0.62,1.62,2.39,1.90,4.66,1.75,15.78,7.29,31.70,1.18,29.66,33.47,7.68,2,1327/1328,Himantopteridae,"""Semioptila sp.""","""Malawi, Rumphi distr., Nyika N.P., 23/24-XII-2010, A. Skochvko leg."""
G066,14.04,0.5,1.53,3.7,1.76,6.92,2.08,18.76,8.84,14.85,9.97,32.91,39.28,11.12,1,5456,Himantopteridae,"""Staphylinochrous sp.""","""D.R. Congo, Nord-Kivu, Beni, II-2011"""
G067,11.846,0.82,2.43,3.23,2.60,3.69,1.75,11.59,5.6,9.43,5.86,23.43,25.78,7.75,1,5763,Somabrachyidae,"""Somabrachys aegrota (Klug, 1830)""","""Italy, Agrigento, Lampedusa, X-2012"""
G068,29.18,0.91,3.14,4.64,3.33,7.59,1.97,13.19,6.63,9.24,7.30,25.30,29.72,13.15,1,7463,Aididae,"""Aidos perfusa Schaus, 1905""","""Costa Rica, Heredia, near Braulio Carrillo, 1-V-2013, V. Golovizin leg."""
G069,18.268,0.76,1.66,3.01,3.10,8.10,1.77,13.00,3.84,9.85,3.50,28.53,29.11,11.88,4,4490/4577/4804/4805,Phaudidae,"""Phauda sp.""","""Vietnam, Lam Dong, Bào Lôc, VIII-2016, IX-2016, D.N. Van leg."""
G070,3.869,0.62,1.35,2.13,2.14,3.83,0.88,10.67,3.49,9.24,4.13,22.80,23.48,6.58,1,5444,Lacturidae,"""Lactura pupula (Hübner, 1831)""","""U.S.A., Louisiana, St. Tammany Parish, 19/21-IV-2014, V.A. Brou leg."""
G071,3.489,0.51,1.12,2.26,1.55,3.22,0.91,9.13,2.66,7.69,3.54,19.13,19.81,5.99,1,4204,Lacturidae,"""Anticrates sp. A""","""Vietnam, Lam Dong, Lac Duong, Bidoup Nui Ba Natl. Pk., 20-III-2016, Vo Van Nhon leg."""
G072,4.286,0.92,1.58,2.36,2.44,4.82,1.6,11.59,3.71,9.87,4.1,25.19,25.62,8.10,1,5441,Lacturidae,"""Anticrates sp. B""","""Vietnam, Quang Nam, Tay Giang, Axan mt., 1300 m, IV-2017"""
G073,93.462,1.03,2.70,6.57,4.24,8.38,4.17,20.66,6.86,12.46,7.38,40.96,45.57,15.99,2,4285/4286,Zygaenidae,"""Callizygaena ada (Butler, 1892)""","""Indonesia, W. Kalimantan (Borneo Isl.), Mt. Bawang, III-2016"""
G074,9.259,0.63,1.42,3.15,1.95,6.15,2.09,13.05,4.69,6.59,3.40,25.88,28.06,9.94,4,5063/5064/5065/5066,Zygaenidae,"""Pryeria sinica (Moore, 1877)""","""Russia, Ussuriysky distr., Primorsky krai, Gornotaezhnaya, 21-IX-2016, V. Golovizin leg."""
G075,11.267,0.93,1.86,3.56,2.60,6.25,2.02,11.48,3.79,8.43,4.34,23.64,25.57,10.74,2,2101/2102,Zygaenidae,"""Zygaena (Mesembrynus) sarpedon (Hübner, 1790)""","""Spain, Madrid, La Cabrera, VI-1982"""
G076,5.66,0.67,1.61,2.75,1.53,4.41,1.25,9.21,3.3,6.58,3.32,18.91,19.95,7.83,1,5173,Zygaenidae,"""Zygaena (Agrumenia) fausta (L., 1767)""","""Spain, Guadalajara, Brihuega, 1000 m., IX-2006, E.G.B. leg."""
G077,10.013,1.14,1.97,3.39,3.50,7.15,2.34,12.50,4.32,9.50,4.24,25.99,28.50,11.69,2,2099/3650,Zygaenidae,"""Zygaena (Agrumenia) hilaris Ochsenheimer, 1808""","""Spain, Avila, Navarredonda, 1-VIII-1984"""
G078,37.93,0.92,3.12,5.97,5.03,10.46,4.06,21.37,8.39,12.56,7.8,43.13,47.79,17.35,1,3165,Zygaenidae,"""Zygaena sp.""","""No loc. (Asia?)"""
G079,30.751,0.97,2.22,4.62,3.18,8.48,2.32,14.64,4.74,10.35,5.49,29.79,32.48,14.08,4,505/772/2100/6773,Zygaenidae,"""Zygaena (Zygaena) trifolii (Esper, 1783)""","""Spain, Ávila, Hoyocasero, 21-6-1987, ML Munguira leg., Spain, no data, (1996?), J. Modolell leg."""
G080,17.610,1.10,2.17,4.78,2.94,6.93,1.99,15.25,4.87,10.29,5.28,31.82,33.45,12.81,3,4847/4848/4856,Zygaenidae,"""Zygaena (Zygaena) ephialtes (L., 1767)""","""Czech Republic, Bohemia, Brdy, Novotný, 1-VIII-1952, Slovakia, Bílé Karpaty, Vrsàtec, 800 m., 15-VIII-1965, A. Titz leg., Spain, Huesca, San Juan de la Peña, 1200 m, 3-VIII-1984, F. Fdz.-Rubio leg."""
G081,25.130,1.05,2.54,5.26,3.17,7.86,2.26,16.04,5.40,11.21,5.55,32.58,35.26,14.19,2,7634/7635,Zygaenidae,"""Zygaena (Zygaena) lavandulae (Esper, 1783)""","""Spain, Valencia, Náquera, Fuente del Oro, 1987, J. Martín & P. Gurrea leg"""
G082,13.94,0.91,2.07,4.68,3.03,7.33,1.64,15.21,4.08,11.13,5.2,34.04,33.47,12.93,1,886,Zygaenidae,"""Harrisina americana (Guérin-Meneville, 1829)""","""U.S.A., Iowa, Garwin, VIII-1964"""
G083,32.98,1.33,2.84,4.88,4.46,8.97,3.24,19.44,5.84,12.81,5.9,39.52,43.34,15.18,1,3555,Zygaenidae,"""Hysteroscene hyalina (Leech, 1889)""","""Vietnam, Quang Ngai, Mt. Bato, 1200 m, III-2015, T. Le Luong leg."""
G084,32.380,0.87,2.15,4.46,3.03,6.39,2.29,15.14,4.56,9.78,4.16,32.36,33.31,11.73,2,3400/3401,Zygaenidae,"""Hysteroscene sp. (non: hyalina, extravagans)""","""Vietnam, Lam Dong, Bao Loc, X-2014, D.N. Van leg."""
G085,6.54,0.82,1.21,2.52,1.37,4.44,1.08,13.06,4.91,9.95,5.21,25.49,27.49,7.79,1,4846,Zygaenidae,"""Rhagades (Rhagades) pruni (D. & Schiff., 1775)""","""Czech Republic, Moravia, Rohatec, 180 m., 22-VII-1954, A. Titz col."""
G086,7.756,0.68,1.46,2.88,2.10,4.33,1.87,9.23,3.35,7.13,3.30,20.22,20.56,7.90,2,7688/7689,Zygaenidae,"""Rhagades (Wiegelia) predotae (Naufock, 19430)""","""Spain, Huesca, Aineto, 14-VI-2009, C. Gómez de Aizpurua leg."""
G087,5.34,0.76,1.53,2.92,2.21,5.60,1.08,13.80,5.41,11.49,5.82,27.82,29.83,9.28,1,502,Zygaenidae,"""Adscita (Adscita) geryon (Hübner, 1813)""","""Spain, Valladolid, 6-VI-2012"""
G088,7.179,0.52,1.76,2.56,2.44,5.47,1.33,12.07,4.47,9.81,5.08,24.71,26.59,8.56,4,2460/3504/5007/5024,Zygaenidae,"""Jordanita (Gregorita) hispanica (Alberti, 1937)""","""Spain, Madrid, Cantoblanco, 5-VI-2014,2/3-VI-2017, E.G.B. leg., Toledo, Yepes, IV-2008"""
G089,6.721,0.60,1.61,2.79,2.35,5.62,1.37,13.87,5.47,11.28,6.14,27.89,30.11,9.02,8,1267/733/2498/3503/3505/7637/7638/7667,Zygaenidae,"""Jordanita (Tremewania) notata (Zeller, 1847)""","""Spain, Toledo, Yepes, IV-2008, Madrid, Cantoblanco, 17-V-2021, Guadalajara, Durón, 27-V-2012, VI-2014, Guadalajara, Robledo de Corpes, 10-VI-1986, J. Martín & P. Gurrea leg."""
G090,6.589,0.62,1.44,3.75,3.41,5.27,1.98,10.82,4.76,8.68,4.86,23.56,25.06,9.66,3,558/627/1178,Zygaenidae,"""Aglaope infausta (L., 1767)""","""Spain, Cuenca, Tarancón, 1984, Madrid, no data"""
G091,68.824,1.32,2.64,6.63,3.41,12.71,3.18,40.16,16.50,28.24,19.89,74.27,83.73,20.66,3,3376/3377/6439,Zygaenidae,"""Agalope sp. (cf. sanguifascia)""","""Vietnam, Lao Cai, Sapa Mt, 1800 m, IX-2014, Yenbai, Mucangchai, 1700 m., VI-2018"""
G092,56.65,1.91,2.79,5.82,3.59,13.08,1.63,33.06,13.48,25.67,15.25,64.48,69.71,20.81,1,2820,Zygaenidae,"""Campylotes sp.""","""Vietnam, Lao Cai, Sapa mt., 1800 m, VI-2014"""
G093,190.98,1.79,3.09,8.30,4.65,19.53,6.22,44.46,18.59,33.34,23.00,86.60,93.58,29.64,1,7587,Zygaenidae,"""Cyclosia midamia (Herrich-Schäffer, 2853)""","""China, no data (2000-2020)"""
G094,32.119,1.21,2.41,6.08,3.05,10.01,2.34,24.54,10.60,17.46,12.36,48.46,52.15,17.30,3,2159/7589/7590,Zygaenidae,"""Cyclosia papilionaris (Drury, 1773)""","""Vientam (N Vietnam), Tam Dao, III-2010, Phu Quoc, Wild Beach resort env, (10°18'34'' N / 103°52'02'' E), 15/21-III-2018, K. Bucsec leg."""
G095,32.883,1.00,2.47,5.82,2.47,10.03,2.06,29.56,14.18,21.67,13.71,53.48,61.59,16.86,3,5481/5482/5615,Zygaenidae,"""Cyclosia sp. (spargens / philippinensis / pseudospargens)""","""Philippines, Mindanao, South Cotabato, Mt. Matutum, VI-2017"""
G096,19.945,0.75,1.98,4.35,1.94,9.77,1.91,21.61,9.82,18.47,11.34,40.58,45.17,14.88,3,5498/5499/5619,Zygaenidae,"""Cyclosia sp. (near C. sordidus)""","""Philippines, Mindanao, South Cotabato, Mt. Matutum, VI-2017"""
G097,60.003,1.31,2.38,6.09,2.57,10.43,2.37,25.00,9.87,17.80,11.28,47.65,52.57,17.85,3,3780/3804/7114,Zygaenidae,"""Rhodopsona sp.""","""Vietnam, Lao Cai, Sapa mt., 1800 m, IV-2015, Hà Giang, IV-2019"""
G098,12.920,0.90,1.75,3.50,2.43,6.81,1.61,15.66,7.44,12.74,9.20,31.64,33.75,11.22,2,3723/3724,Zygaenidae,"""Eumorphiopais quadriplaga Hering, 1922""","""Vietnam, Quang Ngai, Bato mt., 900 m, V-2015"""
G099,230.473,1.81,3.08,7.61,4.29,16.56,3.01,47.15,19.01,36.56,23.03,88.82,98.60,25.99,2,3329/3339,Zygaenidae,"""Amesia sanguiflua (Drudry, 1773) / aliris (Doubleday, 1847)""","""Vietnam, Lao Cai, Sapa Mt., 1800 m, IX-2014"""
G100,77.965,1.71,3.10,7.13,3.86,13.11,3.65,32.80,12.98,24.05,15.70,62.66,69.47,21.96,2,4003/4041,Zygaenidae,"""Opistoplatia repleta (Walker, 1864)""","""Vietnam, Lam Dong, Dambri, Bao Lam, IX-2014"""
G101,13.914,1.20,1.77,4.25,2.25,6.13,1.24,16.55,5.49,12.38,7.77,31.62,35.35,11.59,2,2160/2161,Zygaenidae,"""Soritia sp.""","""Vietnam, Ha Giang, VI-2009"""
G102,58.826,2.04,3.21,6.59,3.63,12.26,7.34,34.79,12.92,25.58,14.52,69.34,73.21,20.89,2,901/1016,Zygaenidae,"""Eterusia sp. A""","""Vietnam, Ha Giang, VI-2011"""
G103,43.301,1.26,2.70,5.88,2.73,10.29,2.54,27.74,9.68,19.04,12.47,53.36,58.22,17.44,2,2819/6436,Zygaenidae,"""Eterusia sp. B""","""Vietnam, Lao Cai, Sapa mt., 1800 m, VI-2014, Yenbai, Mucangchai, 1700 m., VI-2018"""
G104,14.15,0.87,2.03,3.73,1.99,6.56,1.40,20.59,8.34,12.74,9.80,37.16,43.17,11.16,1,3167,Zygaenidae,"""Eterusia yoshimotoi Kishida & Endo, 1999""","""Philippines, North Palawan, VI-2014, A. Layron leg."""
G105,39.354,1.36,2.60,6.25,2.56,9.19,1.84,27.48,11.68,21.22,13.49,52.29,57.53,16.81,3,2821/2822/7115,Zygaenidae,"""Pidorus sp. A""","""Vietnam, Lao Cai, Sapa mt., 1800 m, IV-2014, Hà Giang, V-2019"""
G106,36.22,1.41,2.52,5.97,2.46,8.15,1.67,26.50,11.50,20.53,13.40,49.07,55.46,15.53,1,2869,Zygaenidae,"""Pidorus sp. B""","""Vietnam, Lao Cai, Sapa mt., 1800 m, IV-2014"""
G107,23.581,0.99,1.90,4.90,2.30,7.81,1.11,22.25,9.56,18.27,11.48,44.59,46.82,13.72,2,7567/7568,Zygaenidae,"""Pidorus albifascia (Moore, 1879)""","""Vietnam, Hà Giang, VII-2020, Dang N.V. leg."""
G108,38.72,1.14,2.24,5.65,3.32,11.55,2.11,28.91,12.99,22.58,15.19,53.55,61.14,18.34,1,2158,Zygaenidae,"""Chalcosia nympha Moore, 1878""","""Thailand (N Thail.), Phrde, VII-2004"""
G109,5.87,0.96,1.82,3.12,1.53,7.36,1.48,16.38,7.35,12.65,8.01,31.32,34.29,11.44,1,4807,Zygaenidae,"""Chalcosia sp.""","""Vietnam, Lam DongBao Lam, Dambri, IX-2016, D.N. Van leg."""
G110,12.38,0.98,2.37,3.83,2.22,6.72,1.36,14.39,4.37,10.16,4.26,28.58,31.01,11.53,1,5701,Zygaenidae,"""Phlebohecta viduata Jordan, 1912""","""Indonesia, W. Kalimantan, Mt. Bawang (00°53.5'N, 109°22.2E), 245 m, VIII-2017"""
G111,68.682,1.68,2.89,7.03,3.74,14.88,2.47,41.67,14.91,23.50,18.51,75.77,87.08,23.60,2,2431/3300,Zygaenidae,"""Gynautocera papilionaria Guérin-Meneville, 1831""","""China, Guangxi Zhuang, 2012, Vietnam, Ha Tinh, VIII-2014"""
G112,23.90,0.93,2.11,5.50,2.49,8.69,1.99,32.52,11.79,32.02,11.16,61.74,67.53,15.12,1,3299,Zygaenidae,"""Histia flabellicornis (Fabricius, 1775)""","""Vietnam, Ha Tinh, VIII-2014"""
G113,28.56,0.91,1.98,5.78,2.80,8.77,2.01,25.95,11.75,30.70,11.01,59.23,54.72,15.46,1,902,Zygaenidae,"""Histia libelluloides (Herrich-Schäffer, 1853)""","""Philippines, Mindoro, Mt. Halcon, IV-2009, Vietnam, Ha Tinh, VIII-2014"""
H001,30.224,1.44,2.88,4.00,2.68,7.82,1.82,26.06,13.55,23.45,12.77,45.05,54.80,13.23,2,4147/4148,Papilionidae,"""Luehdorfia puziloi (Erschoff, 1872)""","""Russia, Primorsky krai, Skotovski distr., Anisimovka, 14-IV-2015, V. Golovizin leg."""
H002,30.062,0.85,2.26,4.47,3.21,8.81,1.89,24.06,12.79,18.80,11.51,44.86,51.35,14.13,2,59/682,Papilionidae,"""Zerynthia rumina (L., 1758)""","""Spain, Pto. Barrancazo"""
H003,64.86,0.87,2.75,5.68,3.02,8.30,2.91,27.02,13.78,21.43,12.33,48.53,57.07,14.87,2,60/683,Papilionidae,"""Parnassius nebrodensis Turati, 1907""","""Spain, Huesca, Sallent (no date)"""
H004,114.045,1.36,3.43,8.37,4.50,11.51,3.83,39.58,19.97,31.66,18.68,72.97,83.66,21.25,2,2789/2847,Papilionidae,"""Parnassius apollo (L., 1758)""","""Spain, Madrid, Guadarrama, 1989, Teruel, Castelfrío, VII-2014, MLM leg."""
H005,68.26,1.25,2.95,6.94,2.79,6.66,2.74,32.11,16.34,25.52,15.93,57.01,67.01,14.85,1,2790,Papilionidae,"""Parnassius smintheus Doubleday, 1847""","""U.S.A., Colorado, Peaceful, 20-VI-1963"""
H006,193.72,2.99,5.13,12.14,6.06,13.85,2.98,44.68,25.65,40.49,24.34,78.34,95.42,28.98,1,2335,Papilionidae,"""Teinopalpus imperialis Hope, 1843""","""Vietnam, Sapa mt., Lao Cai prov., 1800 m, VIII-2013"""
H007,34.27,1.66,2.75,5.86,3.58,6.17,2.67,19.32,8.52,38.85,6.62,32.02,42.22,13.69,1,2222,Papilionidae,"""Lamproptera curius (Fabricius, 1787)""","""Indonesia, Pulau-Tanahmasa Island, II-2007"""
H008,34.81,1.65,2.36,6.37,3.91,6.62,2.95,21.28,9.43,51.89,7.96,32.18,46.47,14.64,1,2223,Papilionidae,"""Lamproptera meges (Zinken, 1831)""","""Malaysia, Perak, Tapah Hills, II-2013"""
H009,86.920,1.82,3.65,8.09,4.62,11.07,3.01,37.64,19.34,44.09,15.19,60.48,79.91,20.99,3,62/685/3634,Papilionidae,"""Iphiclides podalirius (L., 1758)""","""Spain, Cuenca, Hocino, 2001, Guadalajara, San Andrés del Rey, 18-V-2015, E.G.B. leg."""
H010,82.825,2.25,5.04,8.05,4.23,11.69,2.80,41.24,19.97,29.09,19.05,64.18,86.72,22.02,4,6721/6722/6807/6808,Papilionidae,"""Graphium doson (Felder & Felder, 1864)""","""Vietnam, Changbai, Muchangchai, 1700 m., VIII-2018"""
H011,97.72,2.32,5.21,10.33,4.15,10.22,3.20,39.37,17.51,28.56,20.46,60.35,82.89,22.87,1,2800,Papilionidae,"""Graphium evemon (Boisduval, 1836)""","""Asia, no data"""
H012,77.260,1.79,4.32,8.45,3.62,10.51,2.35,38.93,19.91,27.84,17.66,60.34,81.49,20.76,5,6724/6725/6726/6805/6806,Papilionidae,"""Graphium leechi (Rothschild,1895)""","""Vietnam, Changbai, Muchangchai, 1700 m., VIII-2018"""
H013,110.052,2.04,5.66,9.45,3.63,12.63,2.97,33.50,28.37,25.37,21.80,66.03,70.63,24.13,2,6720/6758,Papilionidae,"""Graphium sarpedon L., 1758""","""Vietnam, Changbai, Muchangchai, 1700 m., VIII-2018"""
H014,54.135,1.56,3.83,7.86,3.92,9.99,2.43,36.82,19.81,45.10,16.39,58.91,77.57,19.42,2,6711/6712,Papilionidae,"""Graphium mandarinus (Oberthür, 1879)""","""Vietnam, Changbai, Muchangchai, 1700 m., VIII-2018"""
H015,94.053,2.44,5.26,8.88,3.52,9.89,2.47,42.68,22.98,50.04,21.58,69.98,88.88,21.22,2,6710/6761,Papilionidae,"""Graphium antipathes (Cramer, 1775)""","""Vietnam, Changbai, Muchangchai, 1700 m., VIII-2018"""
H016,107.160,2.66,5.18,9.75,4.15,16.33,2.70,47.46,21.14,30.81,23.44,82.24,99.08,28.75,2,6319/6325,Papilionidae,"""Battus laodamas (C. & R. Felder, 1859)""","""Mexico, Jalisco, El Nogalito, 20.30N, 1.05°15'W, C. Mex200, 6 lm S P. Vallarta, 27-IX-1994, J. Modolell leg."""
H017,282.89,2.40,5.54,12.46,5.28,22.49,4.96,58.78,23.66,32.96,23.72,86.12,122.84,37.35,1,2103,Papilionidae,"""Troides cuneifera Oberthür, 1879""","""Indonesia, Java, 2005"""
H018,544.564,2.8,6.97,14.33,7.34,27.34,6.9,73.45,26.68,39.08,31.41,103.69,154.25,44.48,1,301,Papilionidae,"""Troides magellanus (Felder, 1862)""","""Philipines, Marinduque (no date)"""
H019,82.463,2.33,4.16,8.51,3.59,13.78,2.18,41.02,20.42,33.49,22.71,66.93,85.63,24.63,4,6326/6327/6328/6329,Papilionidae,"""Parides montezuma (Westwood, 1892)""","""Mexico, Jalisco, El Nogalito, 20.30N, 1.05°15'W, C. Mex200, 6 lm S P. Vallarta, 27-IX-1994, J. Modolell leg."""
H020,160.082,2.43,4.75,11.11,4.55,15.04,2.66,59.37,26.54,58.21,25.16,96.60,123.30,28.59,3,2343/6714/7055,Papilionidae,"""Parides polyeuctes (Doubleday, 1842)""","""Vietnam, Di Linh mt., Lam Dong, 900 m, X-2013, Changbai, Muchangchai, 1700 m., VIII-2018"""
H021,108.563,2.04,4.4,9.09,3.69,16.20,4.64,51.88,21.99,48.37,18.10,80.38,107.46,27.34,4,3102/3103/3104/3105,Papilionidae,"""Pachliopta aristolochiae (Fabricius, 1775)""","""Vietnam, Lao Cai prov., Mt. Sapa, 1800 m, 2014"""
H022,65.897,2.53,4.83,7.61,2.69,11.80,1.84,44.94,21.91,42.08,21.30,78.81,92.58,21.95,2,6318/6323,Papilionidae,"""Papilio torquatus (Cramer, 1777)""","""Mexico, Jalisco, El Nogalito, 20.30N, 1.05°15'W, C. Mex200, 6 lm S P. Vallarta, 28-IX-1994, J. Modolell leg."""
H023,80.915,1.62,4.31,8.94,4.10,12.19,2.20,38.45,20.10,36.73,21.12,66.88,81.01,22.75,2,61/684,Papilionidae,"""Papilio machaon L., 1758""","""Spain, Madrid, Cantoblanco, 12-VIII-2007, Madrid, 2001"""
H024,173.97,3.30,4.91,11.41,5.18,14.97,2.79,59.81,31.72,59.06,33.68,101.84,124.80,29.68,1,3737,Papilionidae,"""Papilio helenus L., 1758""","""Vietnam, Da Nang, Ba Na mt., 1450 m, V-2015"""
H025,115.134,2.24,4.85,9.36,3.29,13.30,2.03,51.85,25.20,45.11,26.57,85.47,107.00,24.91,2,6727/6728,Papilionidae,"""Papilio xuthus L., 1767""","""Vietnam, Changbai, Muchangchai, 1700 m., VIII-2018"""
H026,235.309,2.70,5.92,13.29,4.70,17.46,2.57,72.07,36.43,73.87,40.41,141.84,148.85,33.46,1,64,Papilionidae,"""Papilio fuscus Goeze, 1779""","""Indonesia, Kinabalu , Borneo"""
H027,114.281,2.40,4.74,9.03,3.56,13.15,2.66,52.03,28.04,53.36,29.29,88.16,107.62,24.59,3,6719/6757/7054,Papilionidae,"""Papilio paris L., 1758""","""Vietnam, Changbai, Muchangchai, 1700 m., VIII-2018"""
H028,198.392,2.73,5.34,10.94,4.85,17.85,3.36,68.19,31.00,48.29,32.11,112.90,141.23,31.53,4,2828/2829/6715/6716,Papilionidae,"""Papilio memnon L., 1758""","""Vietnam, Da Nang, Ba Na mt, 1450 m, VI-2014, Changbai, Muchangchai, 1700 m., VIII-2018"""
H029,94.571,2.64,4.85,8.88,3.23,10.94,2.70,45.07,23.43,39.73,23.84,75.75,93.37,22.47,2,6729/6730,Papilionidae,"""Papilio polytes L., 1758""","""Vietnam, Changbai, Muchangchai, 1700 m., VIII-2018"""
H030,173.763,1.85,4.26,8.15,3.65,14.17,1.93,52.99,29.27,39.28,27.19,93.78,109.63,24.17,2,63/686,Papilionidae,"""Papilio gallienus Distant, 1879""","""R.D. Congo: 5.4833°S, 17.4833°E , no date"""
H031,491.170,2.19,6.71,16.79,6.43,17.86,4.28,77.33,38.60,50.40,33.92,132.22,161.09,36.86,2,859/1117,Papilionidae,"""Papilio zalmoxis Hewitson, 1864""","""Ecuatorial Guinea, Bata, 1964"""
H032,562.55,2.96,6.20,17.11,9.32,26.72,6.05,113.46,34.50,56.78,36.74,214.60,236.25,46.81,1,3240,Papilionidae,"""Papilio antimachus Drury, 1782""","""Central African Republic, Lobaye, 2014"""
H033,275.211,2.63,5.68,12.77,4.81,15.96,3.90,67.02,31.38,53.72,32.61,110.45,138.85,31.36,2,6717/6718,Papilionidae,"""Papilio dialis Leech, 1893""","""Vietnam, Changbai, Muchangchai, 1700 m., VIII-2018"""
I001,183.436,2.19,6.04,9.70,6.87,15.28,4.67,26.64,16.79,24.12,22.22,66.57,60.17,27.18,2,201/3499,Hesperiidae,"""Pyrrhochalcia iphis (Drury, 1771)""","""Ecuatorial Guinea, Bata, Rio Muni, XI-1964"""
I002,57.35,2.12,3.85,6.33,4.53,9.13,2.94,24.80,9.37,17.70,14.01,50.27,54.13,17.58,2,2377/3512,Hesperiidae,"""Badamia exclamationis (Fabricius, 1775)""","""Vietnam, Di Linh mt., Lam Dong, 900 m, IV-2013, X-2013, T. Le Luong leg."""
I003,126.05,1.68,5.05,7.55,4.85,8.85,5.15,24.61,11.35,19.02,12.66,49.02,54.07,18.08,1,2373,Hesperiidae,"""Bibasis gomata (Moore, 1885)""","""Vietnam, Di Linh mt., Lam Dong, 900 m, X-2013"""
I004,69.737,2.24,5.31,7.53,4.34,7.7,2.76,22.13,11.07,16.94,13.63,39.27,48.61,17.47,3,2374/3538/4008,Hesperiidae,"""Hasora vitta (Butler, 1870)""","""Vietnam,  Lam Dong, Di Linh mt., 900 m, X-2013, Mt. Sapa, 1800 m, IX-2014, Maria past, IV-2015"""
I005,81.499,2.09,4.6,8.19,4.31,9.23,3.15,26.68,13.99,20.31,16.64,47.11,57.68,19.52,2,2275/3880,Hesperiidae,"""Choaspes plateni (Staudinger, 1883)""","""Vietnam, Lam Dong prov., Di Linh mt., 900 m, X-2013"""
I006,84.54,2.29,4.69,10.41,3.78,6.52,2.92,26.70,13.50,18.60,17.29,47.52,57.18,19.22,1,3536,Hesperiidae,"""Choaspes sp. B""","""Vietnam, Lao Cai, Mt. Sapa, 1800 m, IX-2014, T. Le Luong leg."""
I007,16.131,1.1,3.09,5.32,2.98,5.48,1.94,15.89,7.72,11.96,9.49,32.36,34.77,11.91,2,6765/6766,Hesperiidae,"""Cogia calchas (Herrich-Schäffer, 1869)""","""Venezuela, Aragua, P.N. Henri Pittier, 11-VI-1983, J. Modolell leg."""
I008,38.45,1.51,4.06,6.67,4.04,6.54,1.77,22.62,11.82,15.86,14.18,38.85,49.28,14.73,1,7209,Hesperiidae,"""Cogia hippalus (Edwards, 1882)""","""Mexico, Oaxaca, Los Chimalapas, VII/VIII-2018"""
I009,53.32,2.16,3.99,7.68,4.45,6.38,2.78,20.36,10.29,15.63,11.34,41.06,45.17,16.22,1,1227,Hesperiidae,"""Chrysoplectrum sp.""","""Peru, Tarapoto, VII-1984, M. Dizy leg."""
I010,136.945,2.32,5.91,10.76,5.47,9.18,3.31,29.90,13.92,21.92,16.45,55.41,65.28,22.27,2,3935/4042,Hesperiidae,"""Phocides metrodorus Bell, 1934""","""Argentina, Misiones, Dos de Mayo, 500 m, 17-II-2015"""
I011,116.96,1.85,5.44,10.35,5.74,9.82,4.08,31.69,14.07,21.87,17.07,59.44,69.14,22.03,1,7183,Hesperiidae,"""Phocides thermus (Mabille, 1883)""","""Mexico, Oaxaca, Los Chimalapas, VII/VIII-2018"""
I012,44.236,1.86,4.26,6.60,3.92,9.10,2.26,22.17,11.08,27.29,10.84,39.18,48.26,17.56,1,53,Hesperiidae,"""Aguna sp.""","""Ecuador, Manabí, Rio Ayampe, 29-VII-1993, Calleja & Molino leg."""
I013,115.854,1.93,4.93,9.66,4.74,9.00,3.42,27.21,14.48,21.39,16.37,52.46,59.17,20.60,2,3361/3362,Hesperiidae,"""Astraptes anaphus (Cramer, 1777)""","""Costa Rica, Turrialba, 16-X-2014, Peru, San Martín, Juanjui, VIII-2014"""
I014,69.833,2.06,4.55,7.51,4.98,8.86,3.40,26.32,12.83,33.07,8.74,45.60,57.63,18.43,2,867/3509,Hesperiidae,"""Chioides sp.""","""Peru, Tarapoto, VII-1984"""
I015,109.13,1.87,4.19,8.08,5.15,9.53,3.52,27.74,13.08,18.88,15.49,52.35,60.63,19.48,1,3815,Hesperiidae,"""Epargyreus clarus (Cramer, 1775)""","""Peru, Loreto, 2014"""
I016,77.18,1.86,5.37,8.77,4.74,10.30,3.78,28.16,13.41,19.02,15.06,51.55,61.07,20.94,1,7188,Hesperiidae,"""Epargyreus sp. (cf. socus Evans, 1952)""","""Mexico, Oaxaca, Los Chimalapas, VII/VIII-2018"""
I017,62.087,2.25,5.47,8.07,5.17,10.35,3.62,27.70,12.32,18.57,13.45,49.44,60.58,20.68,2,7189/7190,Hesperiidae,"""Epargyreus spina Evans, 1952""","""Mexico, Oaxaca, Los Chimalapas, VII/VIII-2018"""
I018,44.792,1.85,3.65,6.62,3.45,7.35,2.37,21.46,11.55,27.56,11.46,38.49,46.38,15.83,2,3502/3506,Hesperiidae,"""Urbanus dorantes (Stoll, 1790)""","""Argentina, Santiago del Estero, Aeropuerto, 17-III-2008, J. Martín Cano leg., Ecuador, Manabí, VII-1993"""
I019,50.497,1.70,4.55,8.31,4.03,6.79,2.58,23.23,12.62,29.87,8.84,40.53,50.51,16.81,3,7196/7197/7198,Hesperiidae,"""Urbanus procne (Plötz, 1881)""","""Mexico, Oaxaca, Los Chimalapas, VII/VIII-2018"""
I020,58.326,1.95,4.82,8.55,4.42,7.14,2.69,23.66,11.71,29.56,8.90,42.85,51.75,17.65,3,7193/7194/7195,Hesperiidae,"""Urbanus sp. (cf. proteus)""","""Mexico, Oaxaca, Los Chimalapas, VII/VIII-2018"""
I021,69.89,1.34,4.48,9.16,4.07,7.08,2.91,22.79,11.68,23.75,8.96,40.18,49.65,17.58,1,1230,Hesperiidae,"""Urbanus sp. (cf. teleus / tanna)""","""Peru, no data (1984-1986)"""
I022,28.699,1.66,3.99,6.61,3.57,5.51,1.48,17.90,10.62,14.27,10.26,35.10,39.37,13.78,2,7200/7201,Hesperiidae,"""Autochton longipennis (Plötz, 1882)""","""Mexico, Oaxaca, Los Chimalapas, VII/VIII-2018"""
I023,56.54,1.56,4.67,6.68,4.08,10.05,2.74,23.84,9.93,16.53,14.89,44.52,51.76,18.29,1,4750,Hesperiidae,"""Polygonus sp. (leo / savigny)""","""Mexico, Chiapas, Ocosingo, 3-VIII-2016"""
I024,15.446,1.58,2.97,5.02,2.11,6.24,1.61,17.76,9.99,13.68,11.34,33.19,37.64,12.84,2,3878/7506,Hesperiidae,"""Mooreana trichoneura (Felder & Felder, 1860)""","""Vietnam, Lam Dong, Dambri, Bao Lam, X/XI-2015, Mr. Van leg."""
I025,39.153,1.21,3.38,7.29,3.13,6.66,2.09,19.54,9.58,13.25,13.00,37.96,42.22,15.17,2,3402/4006,Hesperiidae,"""Odontoptilum angulata (Felder, 1862)""","""Vietnam, Lam Dong, Bao Loc, Maria past., II-2015, N.D. Van leg., Dambri, Bao Lam, VIII-2015"""
I026,29.38,1.86,3.18,6.75,3.86,6.69,1.42,19.30,9.58,13.89,11.57,37.79,42.46,15.30,1,2349,Hesperiidae,"""Tagiades cohaerens Mabille, 1914""","""Vietnam, Di Linh mt., Lam Dong, 900 m, X-2013"""
I027,37.839,2.06,4.11,6.50,4.00,7.89,2.14,22.78,11.56,16.64,11.55,45.24,49.56,16.45,2,2375/4007,Hesperiidae,"""Celaenorhinus sp. (cf. putra, pahangensis?)""","""Vietnam, Lam Dong, Di Linh mt., 900 m, X-2013, Maria past, IV-2015, Mr. Van leg."""
I028,30.04,1.66,3.53,6.29,3.98,8.43,1.79,22.64,11.89,17.22,12.78,46.07,49.26,16.38,1,1234,Hesperiidae,"""Celaenorrhinus aurivittatus (Moore, 1879)""","""Vietnam, Lao Cai, Sapa, V-2015, Vo Van Nhon leg."""
I029,103.32,2.1,5.02,10.76,5.24,7.97,3.43,26.21,14.21,18.66,13.21,50.27,57.66,20.83,1,3421,Hesperiidae,"""Mimoniades nurscia (Swainson, 1821)""","""Peru, San Martín, Juanjui, VII-2014"""
I030,117.44,2.39,5.22,10.69,6.02,9.49,3.19,25.43,12.22,15.99,12.11,46.16,56.88,22.57,1,2785,Hesperiidae,"""Pyrrhopyge thericles Manille, 1891""","""Peru, Juan Jui, 18-IX-2012"""
I031,11.255,1.28,2.87,5.02,2.31,4.58,1.47,14.41,6.87,11.61,8.52,26.74,31.14,10.88,2,58/681,Hesperiidae,"""Erynnis tages (L., 1758)""","""Spain, Ciudad Real, Sierra de Herencia, 1983"""
I032,16.26,1.76,3.51,4.63,2.61,6.28,1.59,16.86,8.55,13.47,12.09,30.49,36.35,12.68,1,7233,Hesperiidae,"""Gesta invisus (Butler & Druce, 1872)""","""Mexico, Oaxaca, Los Chimalapas, VII/VIII-2018"""
I033,8.241,1.23,2.82,3.97,2.18,4.76,1.11,13.59,7.19,10.16,8.36,25.74,29.37,9.98,3,7227/7229/7230,Hesperiidae,"""Gorgythion begga (Möschler, 1877)""","""Mexico, Oaxaca, Los Chimalapas, VII/VIII-2018"""
I034,14.53,1.41,3.33,4.4,2.19,5.98,1.13,15.33,6.39,10.83,9.23,30.46,32.85,11.79,1,1215,Hesperiidae,"""Chiomara asychis (Stoll, 1780)""","""Argentina, Piripintos, Santiago del Estero (Copos), III-2006, J. Martín Cano leg."""
I035,16.98,1.28,3.53,5.18,2.61,6.43,1.09,17.67,9.62,13.56,13.21,34.96,37.95,12.90,1,7232,Hesperiidae,"""Cycloglypha thrasibulus (Fabricius, 1793)""","""Mexico, Oaxaca, Los Chimalapas, VII/VIII-2018"""
I036,15.365,1.26,3.08,5.87,2.64,6.22,1.43,17.47,8.63,12.85,11.41,33.32,37.58,13.36,1,7255,Hesperiidae,"""Atarnes sallei (C. Felder & R. Felder, 1867)""","""Mexico, Oaxaca, Los Chimalapas, VII/VIII-2018"""
I037,34.45,1.58,4.14,6.03,3.31,7.67,2.23,21.92,12.29,16.95,15.80,38.35,47.15,15.29,1,7231,Hesperiidae,"""Achlyodes mithridates (Fabricius, 1793)""","""Mexico, Oaxaca, Los Chimalapas, VII/VIII-2018"""
I038,24.22,1.11,3.30,6.26,2.74,5.72,1.65,15.72,8.01,11.35,9.31,31.55,34.18,13.10,1,7237,Hesperiidae,"""Acteurotia triactipennis (Butler & Druce, 1872)""","""Mexico, Oaxaca, Los Chimalapas, VII/VIII-2018"""
I039,16.22,1.24,2.97,5.42,3.13,5.29,1.50,13.59,7.80,10.25,8.02,27.94,30.33,11.96,1,7228,Hesperiidae,"""Nisoniades sp. (cf. ephora)""","""Mexico, Oaxaca, Los Chimalapas, VII/VIII-2018"""
I040,14.816,1.04,2.99,4.66,2.70,6.49,1.99,12.18,6.53,10.36,7.79,26.48,27.08,12.20,2,54/677,Hesperiidae,"""Carchadorus alceae (Esper, 1780)""","""Spain, Guadalajara, Durón, 1989"""
I041,24.057,1.07,3.04,5.35,2.76,6.30,2.11,14.49,7.59,11.87,9.88,29.43,31.74,12.72,3,1186/1187/1188,Hesperiidae,"""Muschampia baeticus (Rambur, 1839)""","""Spain, Toledo, Yepes, 30-V-2007, J. Martin leg."""
I042,24.645,1.32,3.15,5.35,3.23,6.35,2.25,15.13,8.10,11.38,10.31,29.15,33.49,13.03,2,6395/6398,Hesperiidae,"""Muschampia lavatherae (Esper, 1780)""","""Spain, Guadalajara, Jadraque, 25-V-1992, G.E. King leg."""
I043,14.292,1.21,2.96,4.36,2.77,5.78,1.75,13.38,6.8,10.81,8.55,27.18,29.54,11.36,3,1161/1165/1179,Hesperiidae,"""Muschampia proto (Esper, 1808)""","""Spain, no data"""
I044,17.803,1.16,3.32,5.39,2.61,5.36,1.24,16.19,8.53,12.02,11.54,30.71,35.01,11.92,2,7205/7206,Hesperiidae,"""Xenophanes tryxus (Stoll, 1780)""","""Mexico, Oaxaca, Los Chimalapas, VII/VIII-2018"""
I045,26.551,1.67,3.80,5.89,3.25,7.20,1.90,19.73,11.01,14.40,13.89,36.60,42.72,14.78,3,7234/7235/7236,Hesperiidae,"""Antigonus erosus (Hübner, 1812)""","""Mexico, Oaxaca, Los Chimalapas, VII/VIII-2018"""
I046,13.614,1.25,3.08,4.19,2.74,6.21,1.65,14.79,6.82,11.29,9.21,28.76,32.32,11.65,2,6390/6397,Hesperiidae,"""Pyrgus armoricanus (Oberthür, 1910)""","""Spain, Burgos, Puerto de Orduña, 16-VI-1990, G.E. King leg."""
I047,11.150,1.31,2.91,4.20,2.66,5.18,1.47,12.82,6.23,10.33,8.97,25.71,28.30,10.70,4,1209/1152/1210/1219,Hesperiidae,"""Pyrgus onopordi (Rambur, 1839)""","""Spain, Guadalajara, Gualda, 3-V-1980, 19-VII-1980"""
I048,17.94,1.39,3.08,4.24,3.08,5.85,1.99,15.85,7.55,12.36,10.38,29.17,34.78,11.39,1,6394,Hesperiidae,"""Pyrgus carthami (Hübner, 1813)""","""Spain, Cuenca, Mogorrita, 6-VV-2016, E.G.B. leg."""
I049,8.235,0.91,2.26,3.27,2.27,4.27,1.66,12.03,5.98,9.90,7.36,23.95,26.35,8.47,3,55/678/6391,Hesperiidae,"""Pyrgus malvoides (Elwes & Edwards, 1897)""","""Spain, Guadalajara, Budia, 1983, Segovia, Gudillos, 18-V-1990, G.E. King leg."""
I050,13.849,1.26,3.12,4.59,2.52,5.63,1.44,13.66,6.65,10.87,9.08,26.90,29.84,11.49,3,1153/6389/6393,Hesperiidae,"""Pyrgus serratulae (Rambur, 1839)""","""Spain, La Rioja, Ezcaray, 14-VII-1995, Teruel, Albarracín, 4-VII-1990, G.E. King leg., Nacimiento del Tajo, 19-VII-2018, M.L. Munguira leg."""
I051,11.862,1.35,3.42,5.08,2.47,6.56,1.22,18.03,9.60,13.91,11.98,33.47,38.54,13.50,3,7185/7186/7187,Hesperiidae,"""Heliopetes alana (Reakirt, 1868)""","""Mexico, Oaxaca, Los Chimalapas, VII/VIII-2018"""
I052,19.74,1.16,3.35,5.36,3.06,6.5,1.42,16.72,8.78,13.41,11.72,32.76,36.56,13.02,1,1214,Hesperiidae,"""Heliopyrgus domicella (Erichson, 1849)""","""Argentina, Piripintos, Santiago del Estero (Copos), 1-III-2006, J. Martín Cano leg."""
I053,14.925,1.32,3.41,5.30,3.34,5.50,1.69,17.73,8.69,14.02,11.96,31.91,38.82,12.14,1,7216,Hesperiidae,"""Heliopyrgus sublinea (Schaus, 1902)""","""Mexico, Oaxaca, Los Chimalapas, VII/VIII-2018"""
I054,12.798,1.15,3.15,4.03,2.07,5.99,0.86,14.94,7.49,11.29,10.09,27.66,31.95,11.17,2,7211/7212,Hesperiidae,"""Burnsius oileus (L., 1767)""","""Mexico, Oaxaca, Los Chimalapas, VII/VIII-2018"""
I055,11.28,1.13,3.04,4.25,2.19,7.06,1.53,15.03,7.33,11.38,9.74,27.58,32.25,12.44,1,6782,Hesperiidae,"""Burnsius orcus (Stoll, 1780)""","""Venezuela, Aragua, P.N. Henri Pittier, 11-VI-1983, J. Modolell leg."""
I056,7.730,1.05,2.82,3.92,1.95,5.26,1.10,12.35,5.9,9.41,8.07,24.44,26.65,10.23,2,1228/1229,Hesperiidae,"""Burnsius orcynoides (Giacomelli, 1928)""","""Argentina, Santiago del Estero, Copos, 1-III-2006, Santos Lugares, 28-II-2006, J. Martín Cano leg."""
I057,6.176,0.98,2.40,3.49,1.52,5.87,1.07,12.29,6.14,9.84,7.16,22.70,26.10,10.34,3,6197/6198/6199,Hesperiidae,"""Carterocephalus alcina Evans, 1939""","""Vietnam, Dong Van, Hà Giang, VI-2018, V.N. leg."""
I058,4.908,0.84,2.10,3.07,1.29,4.64,1.06,9.56,4.65,7.85,5.32,18.24,20.43,8.57,2,6953/6993,Hesperiidae,"""Carterocephalus argyrostigma (Eversmann, 1851)""","""Russia, Burvatia, Tunkinski, Mondy, 12-VI-2015, V. Golovizin leg."""
I059,16.77,1.77,3.55,5.32,3.96,9.61,1.5,20.63,9.89,16.90,12.23,40.08,45.22,16.73,1,2112,Hesperiidae,"""Heteropterus morpheus (Pallas, 1771)""","""Spain, Noja, no date"""
I060,14.07,1.23,3.19,4.48,1.97,4.36,1.05,14.31,7.31,11.05,9.27,28.22,30.59,10.07,1,6205,Hesperiidae,"""Sebastonyma dolopia (Hewitson, 1868)""","""Vietnam, Dong Van, Hà Giang, VI-2018, V.N. leg."""
I061,33.04,1.54,3.61,6.25,3.58,5.82,1.79,14.32,6.94,10.51,7.66,30.14,32.22,13.61,1,2378,Hesperiidae,"""Thoressa masoni (Moore, 1879)""","""Vietnam, Lao Cai prov., Sapa mt., VII-2013"""
I062,18.401,1.16,3.54,5.46,2.64,6.21,1.57,14.45,6.71,9.97,8.37,28.28,31.54,12.84,3,7101/7102/7103,Hesperiidae,"""Halpe toxopea Evans, 1932""","""Philippines, Palawan, Roxas, Magara, VII-2019, N. Layron leg."""
I063,17.16,1.15,2.79,5.78,2.39,5.04,1.09,12.62,6.57,9.06,8.62,23.36,27.63,11.97,1,2436,Hesperiidae,"""Oriens goloides (Moore, 1881)""","""Vietnam, Lao Cai prov., Sapa mt., VIII-2013"""
I064,18.154,1.06,3.50,5.6,1.94,5.2,1.52,14.05,6.76,10.14,8.92,26.65,30.05,11.86,2,6200/6204,Hesperiidae,"""Potanthus sp. A""","""Vietnam, Dong Van, Hà Giang, VI-2018, V.N. leg."""
I065,16.263,1.22,3.24,5.97,2.57,5.53,1.27,14.24,7.43,10.66,9.36,26.13,31.06,12.73,2,6243/6244,Hesperiidae,"""Potanthus sp. B""","""Vietnam, Dong Van, Hà Giang, VI-2018, V.N. leg."""
I066,47.944,2.23,4.58,7.46,3.59,9.56,2.05,24.82,13.66,18.40,17.04,47.85,53.24,19.26,2,7106/7108,Hesperiidae,"""Ancistroides nigrita (Latreille, 1824)""","""Philippines, Palawan, Roxas, Magara, VII-2019, N. Layron leg."""
I067,39.156,1.85,3.87,6.62,3.40,8.48,1.81,22.72,11.33,18.13,14.74,43.72,48.85,16.96,2,7570/7594,Hesperiidae,"""Udaspes folus (Cramer, 1775)""","""Vietnam, Hà Giang, VII-2020, Dang N.V. leg."""
I068,10.856,1.42,2.94,4.81,2.16,5.50,0.88,14.46,7.81,10.71,7.83,27.44,31.09,11.74,2,3357/3358,Hesperiidae,"""Ceratrichia hollandi Bethune-Baker, 1908""","""Ecuatorial Guinea, Bioko Norte, Soledapa & Basilé, VIII-1986, V.J. Monserrat leg."""
I069,178.529,2.64,6.20,10.13,5.44,14.91,4.19,35.31,15.77,24.49,17.43,70.37,76.06,27.70,2,7105/7324,Hesperiidae,"""Erionota thrax (L., 1767)""","""Philippines, Palawan, Roxas, Magara, VII-2019, N. Layron leg."""
I070,141.079,2.32,6.08,11.14,4.52,13.08,3.11,35.74,17.21,25.75,20.56,68.14,76.00,26.54,2,3881/7104,Hesperiidae,"""Gangara thyrsis (Fabricius, 1775)""","""Vietnam, Lam Dong, DambriBao Lâm, X-2015, Mr. Van leg., Philippines, Palawan, Roxas, Magara, VII-2019, N. Layron leg."""
I071,29.96,1.51,3.14,6.06,3.08,6.86,1.84,19.83,8.95,15.28,12.52,36.76,42.74,14.37,1,2350,Hesperiidae,"""Koruthaialos hector (Watson, 1893)""","""Vietnam, Di Linh mt., Lam Dong, 900 m, X-2013"""
I072,72.62,1.91,4.71,9.07,4.14,7.46,2.45,23.42,12.83,17.41,14.24,42.26,50.98,18.44,1,3537,Hesperiidae,"""Notocrypta feisthamelii (Boisduval, 1832)""","""Vietnam, Lao Cai, Mt. Sapa, 1800 m, IX-2014, T. Le Luong leg."""
I073,27.45,2.32,3.86,7.57,4.01,7.28,1.79,19.58,10.65,15.22,11.23,36.33,43.17,17.17,1,2113,Hesperiidae,"""Pardaleodes sp. cf. bule (Holland, 1896)""","""Ecuatorial Guinea, Bata (1964-1965)"""
I074,74.973,1.99,4.74,8.06,5.26,9.55,3.50,25.16,11.83,16.98,11.32,46.28,55.60,19.61,2,980/990,Hesperiidae,"""Perichares sp.""","""Peru, Tarapoto, VII-1984, Guatemala, no loc."""
I075,50.24,2.03,3.82,7.48,3.26,6.39,2.12,23.75,10.79,16.67,13.56,45.37,50.73,15.87,1,2379,Hesperiidae,"""Pirdana distanti Staudinger, 1889""","""Vietnam, Di Linh mt., Lam Dong, 900 m, X-2013"""
I076,29.73,1.28,3.72,6.76,2.84,6.79,1.82,17.54,7.97,11.06,9.66,34.23,37.92,14.83,1,6203,Hesperiidae,"""Borbo cinnara (Wallace, 1866)""","""Vietnam, Dong Van, Hà Giang, VI-2018, V.N. leg."""
I077,26.199,1.46,3.67,6.58,3.73,7.39,1.56,16.03,7.97,10.81,11.02,31.07,35.80,15.43,2,1205/1206,Hesperiidae,"""Gegenes nostrodamus (Fabricius, 1793)""","""Spain, Madrid, Soto de Pajares, 17-VIII-1989, Ciempozuelos, 600 m, 16-VI-2007, G.E. King leg."""
I078,17.53,1.39,3.65,6.67,3.46,6.38,1.5,15.98,7.7,10.18,9.37,28.66,35.42,14.44,1,6202,Hesperiidae,"""Parnara bada (Moore, 1878)""","""Vietnam, Dong Van, Hà Giang, VI-2018, V.N. leg."""
I079,21.772,1.28,3.36,6.59,3.32,5.48,1.24,13.89,7.21,9.62,8.31,27.49,31.11,13.37,2,7203/7215,Hesperiidae,"""Remella sp.""","""Mexico, Oaxaca, Los Chimalapas, VII/VIII-2018"""
I080,11.12,1.26,2.88,4.68,2.31,5.64,0.92,13.52,7.00,9.68,7.47,27.95,29.35,11.59,1,7238,Hesperiidae,"""Corticea sp. (cf. similea Bell)""","""Mexico, Oaxaca, Los Chimalapas, VII/VIII-2018"""
I081,12.98,1.42,2.91,4.80,2.83,5.48,1.38,12.62,6.38,9.39,9.15,26.30,28.07,11.71,1,7239,Hesperiidae,"""Corticea corticea (Plötz, 1882)""","""Mexico, Oaxaca, Los Chimalapas, VII/VIII-2018"""
I082,29.48,1.74,4.44,7.49,4.09,6.53,1.83,17.09,8.55,12.82,9.98,35.45,38.28,15.76,1,7224,Hesperiidae,"""Cynea cynea (Hewitson, 1876)""","""Mexico, Oaxaca, Los Chimalapas, VII/VIII-2018"""
I083,28.965,1.63,3.88,6.21,3.58,6.58,1.69,15.25,6.44,10.78,8.39,31.85,34.09,14.43,3,56/679/1213,Hesperiidae,"""Hesperia comma (L., 1758)""","""Spain, Huesca, Jaca, 1991, Guadalajara, San Andres del Rey, 1000 m, 6-VIII-1980"""
I084,18.76,1.34,3.75,5.76,2.55,4.95,1.43,14.78,7.08,10.94,9.27,26.69,32.11,12.05,1,3812,Hesperiidae,"""Poanes zabulon (Boisduval & Le Conte, 1829)""","""U.S.A., no data (1995-2005)"""
I085,27.466,1.61,3.98,5.51,3.32,6.95,2.14,14.91,7.25,9.97,8.57,27.31,33.15,14.08,2,7241/7256,Hesperiidae,"""Pompeius pompeius (Latreille, 1824)""","""Mexico, Oaxaca, Los Chimalapas, VII/VIII-2018"""
I086,23.25,1.23,3.86,6.42,3.17,5.84,1.28,13.49,6.67,9.41,9.04,28.13,30.16,13.50,1,7218,Hesperiidae,"""Wallengrenia otho (Smith, 1797)""","""Mexico, Oaxaca, Los Chimalapas, VII/VIII-2018"""
I087,4.223,0.94,2.16,3.04,1.53,4.89,0.76,9.59,4.81,7.61,5.27,19.54,20.72,8.87,2,7253/7254,Hesperiidae,"""Ancyloxypha arene (Edwards, 1871)""","""Mexico, Oaxaca, Los Chimalapas, VII/VIII-2018"""
I088,13.159,1.35,3.14,4.59,2.91,6.50,1.46,12.74,5.99,9.9,7.74,26.39,28.48,12.45,3,6385/6386/6387,Hesperiidae,"""Thymelicus acteon (Rottemburg, 1775)""","""Spain, Madrid, Casa de Campo, 19-VI-1990, G.E. King leg., Asturias, Serantes, 19-VIII-1995, G.E. King leg., Alicante, Torrevieja, 13-V-1990, G.E. King leg."""
I089,10.234,1.15,2.56,3.88,2.26,5.26,1.35,11.45,5.24,9.16,6.42,23.12,25.17,10.30,5,57/680/5025/5026/7024,Hesperiidae,"""Thymelicus lineola (Ochsenheimer, 1808)""","""Spain, Madrid, Cantoblanco, Alcobendas, 2-VI-2017, Guadalajara, Gualda, VI-1988, E.G.B. leg."""
I090,17.131,1.37,3.33,4.70,2.75,6.70,1.34,14.14,7.24,10.95,8.93,26.95,31.03,12.78,3,1211/1212/5027,Hesperiidae,"""Thymelicus sylvestris (Poda, 1761)""","""Spain, Avila, Candeleda, 1-VI-1986, J.L. Viejo et al. leg., Ciudad Real, Navas de Estera, 23-V-2001, A. Jiménez leg., Madrid, Alcobendas, 2-VI-2017, E.G.B. leg."""
I091,21.140,1.62,4.24,6.40,3.82,7.58,1.37,17.97,8.01,11.99,10.65,36.72,39.76,15.60,2,7225/7226,Hesperiidae,"""Panoquina hecebolus (Scudder, 1872)""","""Mexico, Oaxaca, Los Chimalapas, VII/VIII-2018"""
I092,35.059,1.48,3.35,6.09,3.36,7.45,1.96,17.79,8.2,12.54,10.34,34.09,38.94,15.03,2,3924/3925,Hesperiidae,"""Panoquina ocola (Edwards, 1863)""","""U.S.A., Florida, Liberty Co., Rt. 12 3 miles W of County line, 30-IX-1989"""
J001,5.28,1.26,2.15,3.69,1.13,9.92,0.54,18.63,7.76,14.91,9.27,34.60,38.39,14.87,1,6396,Pieridae,"""Leptidea reali Reissinger, 1990""","""Spain, Cuenca, Mogorrita, 27-VI-2018, M.L. Munguira leg."""
J002,5.747,1.05,1.68,3.35,1.44,9.88,0.53,21.16,9.29,15.87,10.05,37.78,43.78,14.28,3,981/1004/1164,Pieridae,"""Leptidea sinapis (L., 1758)""","""Spain, Ávila, Candeleda, VII-1989, Gredos, 1989"""
J003,29.199,1.97,2.89,7.12,2.55,15.95,1.04,31.76,13.21,25.22,16.21,61.84,66.08,25.05,2,2808/4746,Pieridae,"""Dismorphia amphione Cramer, 1779 (ssp. praxinoe Doubleday, 1844)""","""Costa Rica, no data, Mexico, Chiapas, Ocosingo, VIII-2016"""
J004,15.420,1.38,2.51,5.56,2.13,12.45,0.75,23.76,9.85,20.15,15.69,47.06,49.66,19.39,2,6343/6344,Pieridae,"""Dismorphia medora (Doubleday, 1844)""","""Colombia, Cali, Peñas Blancas, 21-I-1989, J. Modolell leg."""
J005,12.49,1.21,2.1,5.10,2.44,10.02,1.05,21.77,7.59,17.35,12.53,44.01,45.98,16.34,1,2445,Pieridae,"""Dismorphia zathoe Hewitson, 1858""","""Costa Rica, San José, Zurquí , 1600 m, 2010"""
J006,27.969,1.56,2.24,5.66,2.26,12.52,1.32,28.55,10.59,20.73,18.23,53.98,59.37,19.76,3,860/3370/4845,Pieridae,"""Lieinix nemesis (Latreille, 1813)""","""Bolivia, Chaparé, 1960?, Peru, San Martín, Juanjui, VII-2014"""
J007,41.84,1.81,2.75,6.49,2.42,10.05,1.34,28.53,10.99,26.17,17.86,54.54,59.48,18.35,1,3365,Pieridae,"""Enantia melite (L., 1763)""","""Peru, San Martín, Juanjui, VII-2014"""
J008,9.69,0.78,1.88,3.57,1.63,7.03,0.71,15.57,7.8,13.32,10.97,29.51,32.77,11.38,1,2795,Pieridae,"""Pyristia lisa (Ménétries, 1832)""","""Cuba, S. Escambray, 13-VII-1997, Munguira leg."""
J009,18.650,1.35,2.48,5.07,1.82,10.64,0.94,22.16,12.90,19.26,16.28,40.74,46.15,17.07,2,6307/6308,Pieridae,"""Pyristia proterpia (Fabricius, 1775)""","""Mexico, Jalisco, Boca Tomatlan - El tuito, 25-IX-1994, Puerto Vallarta, El Nogalito, 28-IX-1994, J. Modolell leg."""
J010,5.819,0.85,1.87,3.29,1.28,6.38,0.89,15.33,7.36,13.33,10.26,30.51,31.94,10.53,2,1137/1231,Pieridae,"""Pyristia sp. (cf. lisa)""","""Cuba, no loc., VIII-2000"""
J011,9.352,0.98,1.91,3.64,1.54,7.68,0.83,16.02,8.63,13.24,11.25,30.23,33.58,12.30,6,5927/5928/6351-6354,Pieridae,"""Eurema elathea (Cramer, 1777)""","""Rep. Dominicana, prov. La Altagracia, Playa Bavaro, 5/6-XII-2017, V. Golovizin leg., Puerto Rico, Faro Cabo Rojo, 5-I-1994, Quebradillas - Puente Blanco, 7-I-1994, J. Modolell leg"""
J012,22.284,1.35,2.58,5.28,2.10,10.21,0.98,22.63,12.15,19.83,16.34,40.09,47.36,16.84,2,6312/6322,Pieridae,"""Eurema mexicana (Boisduval, 1836)""","""Mexico, Oaxaca, Monte Albán, 14-VIII-2005, J. Modolell leg."""
J013,44.126,1.33,2.89,6.64,2.48,9.92,1.38,30.76,18.62,25.03,22.75,53.63,64.00,17.84,2,6739/6740,Pieridae,"""Dercas lycorias (Doubleday, 1842)""","""Vietnam, Changbai, Muchangchai, 1700 m., VIII-2018"""
J014,58.535,1.17,2.74,6.81,3.66,11.39,2.62,29.08,16.60,23.93,20.69,55.08,61.83,19.38,2,49/674,Pieridae,"""Gonepteryx rhamni (L., 1758)""","""Spain, Guadalajara, Brihuega, 22-III-1981, 1982"""
J015,44.135,1.64,3.35,6.79,3.11,12.08,1.53,30.41,16.37,24.15,21.26,53.48,63.94,20.52,2,2796/6306,Pieridae,"""Zerene cesonia (Stoll, 1790)""","""Guatemala, no loc., Mexico, Jalisco, El Nogalito, 20.30N, 1.05°15'W, C. Mex200, 6 lm S P. Vallarta, 28-IX-1994, J. Modolell leg."""
J016,28.12,1.19,3.07,7.04,2.37,8.56,1.11,22.54,13.21,17.96,14.40,38.79,47.46,16.80,1,6345,Pieridae,"""Colias lesbia (Fabricius, 1775)""","""Argentina, Córdoba, Universidad, 5-II-1986, J. Modolell leg."""
J017,19.221,1.55,3.00,5.32,1.98,8.50,0.98,20.87,11.44,15.94,13.01,36.91,43.73,15.38,2,6400/6401,Pieridae,"""Colias vauthierii (Guérin-Méneville, 1830)""","""Chile, Planelles de Santiago, 800 m., 27-XI-1995, Santiago, Universidad de Chile, 13-XI-1991, J. Modolell leg."""
J018,31.224,1.52,3.42,7.13,3.07,9.46,1.53,26.02,13.11,19.50,17.72,47.06,55.12,18.11,2,5850/5851,Pieridae,"""Colias alfacariensis Ribbe, 1905""","""Spain, Albacete, Sierra de Alcaraz, 26-VII-1988, M. Mozos et al. leg., Guadalajara, Durón, 11-VIII-1981, E.G.B. leg."""
J019,28.348,1.22,3.27,7.37,2.55,8.90,1.47,24.04,13.54,17.92,16.16,42.99,50.64,17.50,3,5847/5849/5853,Pieridae,"""Colias croceus (Fourcroy, 1785)""","""Spain, Toledo, Yepes, 11-VII-2007, J. Martín & L. Ureña leg., Madrid, El Regajal (Aranjuez), 16-III-2006"""
J020,41.028,1.64,3.24,7.43,2.58,9.97,1.19,28.66,15.27,22.08,18.43,49.28,59.91,19.05,3,6731/6732/6733,Pieridae,"""Colias fieldii Ménétriés, 1855""","""Vietnam, Changbai, Muchangchai, 1700 m., VIII-2018"""
J021,190.25,1.89,4.48,10.51,5.22,15.91,1.85,49.84,29.13,39.76,34.77,89.75,104.90,28.35,1,1218,Pieridae,"""Anteos chlorinde (Godart, 1832)""","""Mexico, Oaxaca, Chiltepec, no date"""
J022,75.055,2.49,4.41,8.75,4.21,12.52,2.29,37.32,21.52,27.49,27.73,69.05,78.86,23.77,2,5910/5911,Pieridae,"""Phoebis sennae (L., 1758)""","""Cuba, Pinar del Río, 13/17-VII-1999, M.L. Munguira leg."""
J023,60.326,1.56,3.44,8.76,2.98,10.98,1.72,31.60,20.22,24.47,24.55,53.59,66.19,21.34,2,1337/6330,Pieridae,"""Phoebis agarithe (Boisduval, 1836)""","""Puerto Rico, Cambalache, 1998, Faro Cabo Rojo, 5-I-1994, J. Modolell leg."""
J024,77.170,1.97,3.70,8.89,3.27,12.78,2.09,34.41,22.34,30.70,26.18,62.91,72.09,23.64,2,6334/6335,Pieridae,"""Phoebis neocypris (Hübner, 1823)""","""Argentina, Misiones, Cueva del Indio, 17-II-1986, J. Modolell leg."""
J025,197.409,2.25,5.20,14.08,5.04,17.99,2.36,51.14,25.88,39.11,31.68,89.31,107.32,34.33,2,6736/6759,Pieridae,"""Hebomoia glaucippe (L., 1758)""","""Vietnam, Changbai, Muchangchai, 1700 m., VIII-2018"""
J026,178.696,2.85,5.24,12.08,4.30,19.87,2.86,47.56,26.52,36.98,31.88,83.81,99.30,34.80,1,812,Pieridae,"""Hebomoia leucippe (Cramer, 1775)""","""Indonesia, Ambon, X-1979"""
J027,9.339,1.35,2.13,4.13,2.04,7.57,1.18,16.21,8.91,13.52,10.77,30.24,34.47,13.06,2,962/963,Pieridae,"""Colotis evagore (Klug, 1829)""","""Spain, Almería, Rodalquilar, 1989"""
J028,15.27,1.44,2.01,4.93,1.85,8.77,1.58,22.36,13.11,19.20,15.27,41.03,46.58,15.15,1,7596,Pieridae,"""Ixias pyrene (L,, 1764)""","""China, no data (2000-2020)"""
J029,14.562,1.29,2.37,4.77,2.09,8.92,1.23,20.03,9.96,14.79,11.44,38.03,42.15,14.99,2,5856/5857,Pieridae,"""Euchloe belemia (Esper, 1800)""","""Spain, Madrid, El Regajal (Aranjuez), 12-IV-2006"""
J030,23.257,1.36,2.56,5.67,2.61,8.89,1.25,23.07,11.46,18.52,13.49,43.18,48.75,15.92,7,50/1261/1172-1176,Pieridae,"""Euchloe crameri Butler, 1869""","""Spain, Madrid, Colmenar Viejo, 930 m, 21-IV-1980, Toledo, Yepes, 1997, J. Martin et al. leg."""
J031,38.650,1.55,3.13,6.78,3.19,8.78,1.87,23.86,12.36,18.96,16.16,43.59,50.91,17.12,2,5854/5855,Pieridae,"""Zegris eupheme (Esper, 1804)""","""Spain, Madrid, El Regajal (Aranjuez), 8-IV-2006, 2-V-2006"""
J032,11.07,1.08,1.88,4.32,1.62,6.98,1.03,18.86,9.31,15.08,11.23,35.24,39.34,12.38,1,6452,Pieridae,"""Anthocharis cardamines (L., 1758)""","""Spain, Lérida, Músser, 24-V-1985, J. Modolell leg."""
J033,16.752,1.42,2.62,4.92,3.02,9.28,1.02,20.09,10.73,16.62,13.50,39.32,43.20,15.62,2,1003/1279,Pieridae,"""Anthocharis euphenoides (Staudinger, 1869)""","""Spain, Madrid, Valdemorillo, 900 m, V-1976, 1972"""
J034,4.615,0.97,1.18,3.24,1.26,8.53,0.82,18.79,9.09,15.44,10.09,37.02,38.84,12.67,1,3246,Pieridae,"""Leptosia lignea (Snellen van Hollenhoven, 1865)""","""Indonesia, Central Sulawesi, Biromaru, VIII-2013"""
J035,15.764,1.34,2.32,4.99,2.19,10.37,1.02,27.61,14.47,22.77,15.51,53.71,57.33,16.71,2,3353/3354,Pieridae,"""Leptosia marginea Mabille, 1890""","""Ecuatorial Guinea, Rio Muni, Ngono, 11-VIII-1987"""
J036,4.56,0.58,1.54,3.18,1.18,7.89,0.78,17.56,9.36,14.42,10.09,33.13,36.22,11.65,1,5500,Pieridae,"""Leptosia sp.""","""No data (Africa)"""
J037,32.38,1.95,3.16,6.26,2.84,11.46,1.08,33.52,18.72,23.66,20.48,54.56,69.88,19.67,1,6734,Pieridae,"""Appias indra (Moore, 1858)""","""Vietnam, Changbai, Muchangchai, 1700 m., VIII-2018"""
J038,35.44,1.35,3.36,7.26,2.16,10.13,1.22,28.45,16.99,23.63,18.23,51.31,59.06,18.69,1,6735,Pieridae,"""Appias lyncida (Cramer, 1777)""","""Vietnam, Changbai, Muchangchai, 1700 m., VIII-2018"""
J039,32.063,1.45,3.18,5.92,2.47,9.44,1.45,27.08,14.41,21.56,16.29,47.67,56.65,16.82,3,3501/6405/6406,Pieridae,"""Tatochila mercedis (Eschscholtz, 1821)""","""Argentina, Pto. (?), Catamarca, 15-V-2008, J. Martín Cano leg., Chile, Santiago, Universidad de Chile, 13-XI-1991, J. Modolell leg."""
J040,28.814,1.74,3.08,6.47,2.55,9.70,1.13,23.86,12.01,19.29,13.72,43.22,50.28,17.92,2,6403/6404,Pieridae,"""Tatochila theodice (Boisduval, 1832)""","""Chile, Puesco, Parque Lac Lanín, 1250 m., 19-XI-1996, Magallanes, Villa Tehuelches, Ctra. a Senó Skyringm 7-XII-1995, J. Modolell leg."""
J041,39.81,1.78,2.84,6.82,2.31,11.48,1.59,35.35,18.56,27.70,19.51,59.66,73.01,20.08,1,3367,Pieridae,"""Perrhybris lorena Hewitson, 1852""","""Peru, San Martín, Juanjui, VII-2014"""
J042,44.905,1.53,3.04,5.94,2.74,10.19,2.01,29.84,16.24,24.35,18.81,48.81,62.42,17.66,3,3792-3794,Pieridae,"""Pieris brassicae (L., 1758)""","""Spain, Madrid, Valdelatas, 700 m, 11-IX-2015"""
J043,26.285,1.29,2.72,5.48,2.68,9.02,1.38,25.58,13.84,21.61,15.29,44.99,53.84,15.80,4,51/675/5002/5003,Pieridae,"""Pieris rapae (L., 1758)""","""Spain, Toledo, Yepes, 30-V-2007, Madrid, Alcobendas, 2-VI-2017, E.G.B. leg."""
J044,111.11,1.97,4.39,10.23,3.88,14.72,2.31,44.08,24.78,33.52,27.21,74.73,92.04,26.93,1,6738,Pieridae,"""Prioneris philonome (Boisduval, 1836)""","""Vietnam, Changbai, Muchangchai, 1700 m., VIII-2018"""
J045,107.665,1.67,4.12,9.54,4.56,13.88,2.24,43.46,23.21,32.21,26.89,71.43,91.49,25.09,2,2674/2675,Pieridae,"""Prioneris thestylis (Doubleday, 1842)""","""Vietnam, Quang Ngai, Lam Dongt, 2014"""
J046,21.965,1.19,2.21,5.60,2.14,7.71,1.02,27.98,13.72,22.42,16.29,49.68,58.11,14.51,2,3351/3352,Pieridae,"""Mylothris chloris (Fabricius, 1775)""","""Ecuatorial Guinea, Bioko Norte, Malabo, VIII-1986"""
J047,63.952,1.45,3.04,7.30,3.27,11.69,1.92,31.35,16.87,26.15,20.17,55.74,65.97,20.44,2,1183/1177,Pieridae,"""Aporia crataegi (L., 1758)""","""Spain, Navas de Estera, Ciudad Real, 10-V-1991, A. Jimenez leg."""
J048,71.86,1.58,3.54,6.34,3.53,15.94,1.74,40.07,21.88,34.14,25.54,67.14,83.67,23.86,1,2677,Pieridae,"""Delias descombesi Boisduval, 1836""","""Vietnam, Lam Dong, Di Linh mt. 900 m, X-2013"""
J049,49.35,1.56,2.98,6.27,2.96,13.43,1.29,40.01,17.94,31.24,22.09,72.16,82.98,21.26,1,2676,Pieridae,"""Delias acalis (Godart, 1819)""","""Vietnam, Quang Ngai , Bato Mt. 950 m, IV-2014"""
J050,21.53,1.48,2.89,6.61,2.45,10.79,1.15,31.42,14.42,23.97,16.59,58.86,65.29,18.88,1,6737,Pieridae,"""Delias pasithoe (L., 1767)""","""Vietnam, Changbai, Muchangchai, 1700 m., VIII-2018"""
J051,58.39,1.71,3.96,8.39,3.25,9.17,2.34,35.54,18.42,26.27,21.59,60.86,74.33,19.27,1,3853,Pieridae,"""Pereute callinira Staudinger, 1884""","""Peru, Loreto, 2014"""
K001,27.928,1.17,2.78,5.85,2.52,7.80,1.36,23.98,15.79,28.02,15.27,43.26,50.49,14.83,2,2364/2365,Riodinidae,"""Archigenes neophron (Hewitson, 1860)""","""Vietnam, Di Linh mt., Lam Dong, 900 m, X-2013"""
K002,33.132,1.28,3.72,6.77,3.42,8.27,1.87,21.95,14.82,20.66,14.74,38.73,47.33,16.26,2,3248/3249,Riodinidae,"""Dicallaneura decorata (Hewitson, 1861)""","""Indonesia, W. Papua, Sorong, VIII-2014"""
K003,21.88,1.69,2.44,4.07,1.87,7.18,1.21,21.12,12.75,17.91,12.38,38.26,44.11,12.94,2,2136/2363,Riodinidae,"""Paralaxita damajanti (Felder, 1860)""","""Malaysia, Fraser's Hill, XII-2012"""
K004,16.030,0.92,2.42,4.45,2.51,7.07,1.36,21.19,13.01,18.57,12.11,38.16,44.89,12.45,2,2366/2367,Riodinidae,"""Paralaxita sp.""","""Vietnam, Di Linh mt., Lam Dong, 900 m, X-2013"""
K005,6.508,1.09,1.99,3.42,2.23,5.31,1.35,14.37,7.41,10.72,7.79,26.58,30.98,9.82,2,52/676,Riodinidae,"""Hamearis lucina (L., 1758)""","""Spain, Huesca, Panticosa, 7-VII-1991, MLM leg."""
K006,22.618,1.11,2.69,6.84,2.28,6.52,1.48,20.50,13.36,18.07,11.79,35.73,43.29,14.47,2,3835/3859,Riodinidae,"""Dodona adonira Hewitson, 1865""","""Vietnam, Lao Cai, Sapa mt., 1800 m, VI-2015"""
K007,22.747,1.47,3.26,6.55,2.48,6.89,1.53,20.40,13.36,19.51,13.21,35.40,43.29,14.92,2,3579/3639,Riodinidae,"""Dodona ouida Hewitson, 1865""","""Vietnam, Da Nang, Ba Na mt., 1450 m, IV-2015, Lam Dong, Di Linh, IV-2015"""
K008,13.094,1.21,2.81,5.16,1.49,5.30,0.79,15.77,10.62,14.79,10.29,38.02,33.04,11.68,2,6193/6238,Riodinidae,"""Dodona dracon (de Nicéville, 1897)""","""Vietnam, Dong Van, Hà Giang, VI-2018, V.N. leg."""
K009,21.939,1.15,3.05,6.74,2.83,6.13,1.20,19.34,11.40,19.33,11.51,30.45,41.53,14.03,2,6194/6242,Riodinidae,"""Dodona eugenes (Guerin, 1843)""","""Vietnam, Dong Van, Hà Giang, VI-2018, V.N. leg."""
K010,6.59,0.75,1.82,4.06,1.53,6.03,0.67,16.59,10.55,12.99,8.57,27.25,34.71,10.84,1,2678,Riodinidae,"""Stiboges nymphidia (Butler, 1876)""","""Vietnam, Da Nang, Ba Na mt. 850 m, III-2014"""
K011,13.539,1.07,2.45,5.69,2.36,5.89,1.00,18.31,10.80,14.59,11.66,30.30,38.96,12.65,2,2679/2786,Riodinidae,"""Zemeros flegyas (Cramer, 1780)""","""Vietnam, Quang Ngai , Bato Mt. 950 m, IV-2014"""
K012,38.865,1.07,2.95,6.5,3.28,10.41,1.37,24.13,14.18,17.61,14.36,45.42,51.54,17.98,1,2784,Riodinidae,"""Eurybia dardus (Fabricius, 1787) ssp. franciscana""","""Peru, Loreto, Río Momon, 2013"""
K013,25.53,1.22,2.94,5.95,1.97,6.95,1.48,24.61,14.11,18.67,14.51,43.99,51.19,14.12,1,3369,Riodinidae,"""Eurybia elvina Stichel, 1910""","""Peru, San Martín, Juanjui, VIII-2014"""
K014,37.42,1.27,2.76,4.44,2.67,10.84,1.75,25.52,14.11,19.68,16.17,46.65,53.71,16.55,1,2134,Riodinidae,"""Eurybia halimede Hübner, 1816""","""Peru, Loreto, San Juan de Pous, Río Momon, III-2010"""
K015,15.99,0.98,2.07,4.09,2.94,4.95,1.48,16.67,9.63,13.26,9.73,33.07,36.29,10.02,1,866,Riodinidae,"""Napaea sp.""","""Panamá, Coiba, IV-1996"""
K016,13.26,0.83,2.12,4.69,2.16,5.13,1.53,15.24,10.29,11.64,9.94,27.45,32.64,10.65,1,6191,Riodinidae,"""Napaea eucharilla (Bates, 1867)""","""French Guiana, Sant Laurent du Maroni, VII-2018"""
K017,2.808,0.61,1.55,2.81,1.92,3.49,0.64,10.02,6.80,7.58,5.91,18.02,21.97,6.91,2,6186/6187,Riodinidae,"""Sarota acanthus (Stoll, 1782)""","""Peru, Loreto, Iquitos, Carretera Nauta, Km 21, 2017"""
K018,53.085,1.44,2.52,5.95,2.62,11.19,2.45,29.33,15.89,22.51,15.30,56.49,61.29,18.59,2,2133/2189,Riodinidae,"""Stalachtis calliope (L., 1758)""","""Peru, Loreto, San Juan de Pous, Río Momon, III-2010"""
K019,8.71,0.69,1.58,3.84,1.61,6.77,0.83,16.79,9.79,11.83,8.65,29.51,35.19,11.30,1,3364,Riodinidae,"""Nymphidium caricae (L., 1758)""","""Peru, San Martín, Juanjui, VII-2014"""
K020,9.87,1.03,2.06,4.14,1.75,5.25,1.36,13.42,8.06,10.61,7.55,24.26,28.59,10.35,1,2777,Riodinidae,"""Apodemia mormo (Felder, 1859) ssp. virgulti""","""U.S.A., California, Los Angeles Co., Mt Baldy Village, Glendora Ridge, 31-V-2010 (34 14'06.34'' N, 117 39'44,13'' W)"""
K021,16.25,0.96,2.35,5.44,2.88,6.44,1.78,17.69,9.85,13.41,8.85,28.65,38.26,12.84,1,2781,Riodinidae,"""Apodemia nais (Edwards, 1871)""","""U.S.A., Arizona, Pima Co., Catalina Mts. 6 M S Summerhaven, 19-VI-2012"""
K022,28.72,1.39,2.42,6.08,3.14,8.21,1.71,21.73,11.14,14.85,10.66,39.63,46.63,15.63,1,2780,Riodinidae,"""Emesis lucinda (Cramer, 1775)""","""Peru, Loreto, Río Momon, San Juan de Pous, III-2010"""
K023,13.75,1.35,2.31,4.67,2.19,4.95,1.07,14.95,9.01,12.01,8.05,26.56,32.09,10.97,1,6185,Riodinidae,"""Anteros carausius (Westwood, 1851)""","""Mexico, Quintana Roo, no loc., 2016"""
K024,13.65,0.67,1.76,4.53,1.52,4.83,0.86,15.91,8.97,11.14,9.58,23.19,33.34,10.03,1,2779,Riodinidae,"""Caria mantinea (Felder, 1861)""","""Peru, Loreto, Río Momon, 2013"""
K025,6.005,0.59,1.62,3.51,1.49,4.77,0.68,13.75,8.35,10.47,7.86,22.64,28.99,8.88,3,2773-2775,Riodinidae,"""Baeotis nesaea Godman & Salvin, 1889 ssp. bacaenita""","""Peru, Tingo María, 2013"""
K026,7.82,0.72,1.76,4.31,1.55,3.78,0.76,12.61,7.45,8.88,7.84,22.37,26.77,8.81,1,3368,Riodinidae,"""Parcella amarynthina (Felder, 1865)""","""Peru, San Martín, Juanjui, VIII-2014"""
K027,21.64,1.04,2.44,5.77,2.58,4.96,1.81,18.55,11.33,13.47,11.34,32.34,39.68,11.77,1,2778,Riodinidae,"""Lasaia moeros Staudinger, 1888""","""Peru, Loreto, Río Momon, 2013"""
K028,16.82,1.18,2.22,5.44,2.68,4.88,1.13,14.77,8.54,11.89,8.61,25.01,32.22,11.52,1,2111,Riodinidae,"""Lasaia narses Staudinger, 1888""","""Peru, Iquitos, Loreto, IX-2003"""
K029,4.97,0.55,1.10,3.29,1.15,4.51,0.93,10.33,6.21,8.46,6.04,18.21,21.81,8.35,1,2776,Riodinidae,"""Calephelis virginiensis (Gray, 1832)""","""U.S.A., Florida, Charlotte Co., Punta Gorda, 1-VII-2009, M. DeGrove leg."""
K030,7.763,1.12,1.78,3.48,2.21,4.74,1.26,13.89,7.88,9.08,8.29,24.53,29.98,9.35,2,6778/6797,Riodinidae,"""Calephelis iris (Staudinger, 1876)""","""Colombia, Río Anchicayá, 28-I-1989, J. Modolell leg./ Panamá, Colón, Gamboa, V-1988"""
K031,40.52,1.41,3.02,7.59,3.01,5.72,1.51,19.16,11.48,12.75,12.50,36.16,41.33,14.72,1,3366,Riodinidae,"""Monethe albertus Felder, 1862""","""Peru, San Martín, Juanjui, VIII-2014"""
K032,15.238,1.17,2.12,4.99,2.65,5.80,1.57,20.09,11.12,14.15,11.01,31.75,42.83,11.97,2,2782/2783,Riodinidae,"""Amarynthis meneria (Cramer, 1776)""","""Peru, Loreto, Río Momon, San Juan, IV-2013"""
K033,85.56,1.2,2.92,9.83,3.95,7.07,2.08,24.84,15.77,18.19,15.31,44.59,53.63,18.10,1,533,Riodinidae,"""Lyropteryx apollonia Westwood, 1851""","""Ecuador, Panki-Morona Sevilla, 200 m, 1993"""
K034,25.81,0.93,2.73,7.54,2.28,5.43,2.45,21.57,9.99,20.99,10.52,31.43,45.42,13.90,1,991,Riodinidae,"""Ancyluris aulestes (Cramer, 1777)""","""No loc. (America)"""
K035,45.41,2.24,2.93,6.33,3.04,7.1,1.95,25.77,15.34,20.05,15.36,38.34,54.58,15.67,1,2135,Riodinidae,"""Necyria duellona Westwood, 1851""","""Peru, Juanjui, Pto. San Martín, 24-VIII-2012"""
K036,27.303,1.22,2.48,7.16,3.33,6.13,1.70,20.14,12.21,16.83,14.00,38.23,43.62,14.51,2,2144/2438,Lycaenidae,"""Curetis bulis Westwood, 1851""","""Malaysia, Perak, Tapah Hills, II-2012"""
K037,24.12,1.26,2.84,7.02,3.73,6.34,1.31,19.71,11.43,15.71,13.91,36.78,43.15,14.62,1,2145,Lycaenidae,"""Curetis insularis (Horsfield, 1819)""","""Malaysia, Perak, Tapah Hills, II-2012"""
K038,15.61,1.05,1.81,4.28,1.78,8.6,0.96,17.72,8.45,15.15,9.78,34.66,37.18,13.93,1,2138,Lycaenidae,"""Miletus leos (Guérin-Meneville, 1829)""","""Indonesia, Siompu, VIII-2006"""
K039,48.703,1.23,3.11,6.94,2.37,13.66,2.15,26.99,13.37,20.43,15.11,51.22,56.35,21.83,2,3648/3649,Lycaenidae,"""Miletus sp.""","""Vietnam, Lam Dong, Maria Past, II/III-2015, D.N. Van leg."""
K040,8.863,0.87,2.23,4.85,1.47,4.45,1.00,12.78,8.50,11.36,8.54,24.47,27.03,10.17,2,3938/4044,Lycaenidae,"""Axiocerses harpax (Fabricius, 1775) ssp. efulena""","""Cameroon, Obout, V-2011"""
K041,38.486,1.14,2.53,6.35,2.32,5.47,1.49,16.56,10.61,13.81,10.68,30.04,35.44,12.96,2,3403/3404,Lycaenidae,"""Spindasis sp. (seliga/kutu)""","""Vietnam, Lam Dong, Bao Loc, Maria past., II-2015, N.D. Van leg."""
K042,9.253,1.10,2.00,4.58,2.22,3.99,0.97,13.81,8.33,11.82,8.59,26.84,29.86,9.68,5,2139-2143,Lycaenidae,"""Poritia philota Hewitson, 1874""","""Indonesia, Belitung, X-2005"""
K043,11.91,0.73,2.14,4.17,2.45,4.62,1.10,16.62,9.45,12.57,10.09,28.93,35.69,9.49,1,2384,Lycaenidae,"""Poritia sp. A cf. erycinoides""","""Vietnam, Lao Cai prov., Sapa mt., VII-2013"""
K044,18.24,1.03,1.83,4.82,1.9,5.93,0.99,17.54,11.32,16.42,11.87,32.45,36.98,11.78,1,2441,Lycaenidae,"""Poritia sp. B""","""Vietnam, no data (2010-2015)"""
K045,47.703,1.57,3.35,7.00,2.75,11.32,1.23,30.67,17.08,23.02,18.13,55.28,64.10,19.88,2,4583/4584,Lycaenidae,"""Epitola posthumus (Fabricius, 1793)""","""Rép. Togolaise (Togo), pref. Kloto, 2016"""
K046,28.319,1.92,3.61,6.13,3.01,8.55,1.83,23.47,15.02,17.51,14.98,38.58,49.95,16.61,2,5734/5735,Lycaenidae,"""Hewitsonia boisduvalii (Hewitson, 1869)""","""Rép. Togolaise (Togo), Missahohe forest, XI-2017"""
K047,8.427,0.78,1.49,3.89,1.48,8.11,1.01,20.89,11.31,16.63,10.60,37.49,43.26,12.78,3,5737/5738/5739,Lycaenidae,"""Pentila auga Karsch, 1895""","""Cameroun, Mbalmayo, Ebogo, IV-2017"""
K048,6.48,0.96,1.61,3.08,1.85,5.33,0.83,17.06,7.98,12.16,7.9,31.92,35.97,9.37,1,3347,Lycaenidae,"""Ptelina carnuta (Hewitson, 1873)""","""Ecuatorial Guinea, Bioko Norte, Bariobe, 8-VIII-1986"""
K049,9.01,1.18,1.84,3.79,1.4,6.82,0.98,20.55,9.6,12.94,9.09,38.72,42.52,11.79,1,6840,Lycaenidae,"""Telipna acraea (Westwood, 1851)""","""D.R. Congo, Beni Nord-Kivu, II-2011"""
K050,20.754,1.15,1.94,4.91,1.70,8.67,1.44,26.04,13.68,19.99,12.44,47.12,53.78,14.74,2,3348/3349,Lycaenidae,"""Telipna albofasciata Aurivillius, 1910""","""Ecuatorial Guinea, Bioko Sur, Bantabaré, 12-VIII-1986, V.J. Monserrat"""
K051,14.66,1.06,2.23,4.42,1.81,6.31,1.30,19.09,9.57,15.89,10.59,37.08,39.99,11.79,1,6839,Lycaenidae,"""Liptena flavicans Smith & Kirby, 1891""","""D.R. Congo, Beni Nord-Kivu, II-2011"""
K052,6.22,0.43,1.29,2.94,1.14,9.09,0.88,16.22,8.44,14.39,8.5,30.54,33.54,12.46,1,5234,Lycaenidae,"""Liptena sp. A""","""D.R. Congo, Beni Nord-Kivu, II-2011"""
K053,9.36,0.92,2.49,4.23,2.08,6.31,1.32,14.29,8.57,11.61,8.29,26.39,30.66,11.46,1,5609,Lycaenidae,"""Liptena sp. B""","""D.R. Congo, Biakato Ituri, IX-2012"""
K054,2.960,0.61,1.85,3.06,1.31,5.03,0.66,11.06,5.87,8.07,5.84,19.51,23.43,8.70,2,5460/5610,Lycaenidae,"""Micropentila adelgitha (Hewitson, 1864)""","""D.R. Congo, Biakato Ituri, IX-2012"""
K055,10.51,0.63,1.34,3.31,1.16,8.90,0.73,16.13,8.57,14.43,8.6,30.45,33.43,12.85,1,5233,Lycaenidae,"""Mimeresia sp.""","""D.R. Congo, Beni Nord-Kivu, II-2011"""
K056,5.54,0.83,1.93,3.84,1.64,6.85,0.66,16.53,8.89,11.76,9.07,30.42,34.73,11.52,1,5461,Lycaenidae,"""Mimeresia sp.""","""D.R. Congo, Nord Kivu, Beni, II-2011"""
K057,16.447,0.77,1.99,5.58,1.86,5.52,1.31,17.19,10.35,15.32,11.33,31.43,36.25,11.87,2,3528/3587,Lycaenidae,"""Heliophorus androcles (Westwood, 1851)""","""Vietnam, Lao Cai, Mt. Sapa, 1800 m, IX-2014, T. Le Luong leg."""
K058,16.415,1.27,2.19,5.62,2.13,4.76,1.03,15.74,9.36,12.96,10.61,28.84,33.61,11.66,2,3552/3553,Lycaenidae,"""Heliophorus epicles (Godart, 1823)""","""Vietnam, Quang Ngai, Mt. Bato, 1200 m, III-2015, T. Le Luong leg."""
k059,11.954,0.76,2.18,4.67,2.00,4.42,1.16,13.96,7.61,12.04,8.81,26.57,29.92,9.86,6,43/668/3817/5408/5409/5420,Lycaenidae,"""Lycaena phlaeas (L., 1761)""","""U.S.A., 2014, no data, Spain, Ávila, Pto. Peña Negra, 1986,  Madrid, Cantoblanco, IX-2017, E.G.B. leg."""
k060,24.324,1.31,2.54,5.57,2.50,6.76,1.25,18.71,10.23,14.60,11.75,35.67,39.94,13.65,2,982/6447,Lycaenidae,"""Lycaena virgaureae (L., 1758)""","""France, Laurenti, 8-VIII-1985, J. Modolell leg., Spain, no loc."""
k061,12.655,0.99,2.03,4.29,2.18,5.33,1.06,15.32,8.27,11.53,9.65,27.27,32.83,10.62,2,6851/6860,Lycaenidae,"""Lycaena bleusei Oberthür, 1884""","""Spain, Madrid, Cantoblanco, 30-IV-2019, E.G.B. leg."""
K062,14.305,1.19,2.53,5.26,1.80,6.33,1.05,20.50,10.62,15.32,12.52,36.65,42.81,12.78,2,4281/4282,Lycaenidae,"""Candalides ardosiacea (Tite, 1963)""","""Indonesia, W. Papua, Yahukimo area, III-2016"""
K063,27.141,0.99,2.79,6.32,2.71,6.98,1.47,23.70,16.69,35.83,9.76,41.27,50.11,14.29,2,4283/4360,Lycaenidae,"""Neomyrina nivea (Godman & Salvin, 1878)""","""Indonesia, Bangka-Belitung Islands, Belitung Island, VIII-2012"""
K064,25.49,1.43,2.54,6.15,2.45,6.71,1.02,20.93,12.66,17.59,13.71,36.13,44.25,14.29,1,2454,Lycaenidae,"""Arhopala sp.""","""Vietnam, no data (2010-2015)"""
K065,19.602,0.85,2.25,4.95,2.68,6.23,1.23,16.94,10.93,14.74,11.04,32.67,36.57,12.04,3,48/673/1208,Lycaenidae,"""Favonius quercus (L., 1758)""","""Spain, Ávila, Candeleda, 14-IX-1985, 1986, J.L. Viejo et al. leg."""
K066,17.85,1.52,2.59,5.03,2.03,5.79,1.9,15.58,8.36,12.11,9.8,29.08,33.19,12.34,1,2841,Lycaenidae,"""Tomares ballus (Fabricius, 1787)""","""Spain, Madrid, Aranjuez, IV-2009"""
K067,32.08,1.27,3.25,7.53,2.56,7.24,1.41,19.14,11.84,16.36,11.43,31.65,40.84,16.04,1,4282,Lycaenidae,"""Deudorix epirus epirus (Felder, 1860)""","""Indonesia, W. Papua, Yahukimo area, II-2016"""
K068,32.69,0.97,3.23,6.87,3.13,5.99,1.65,18.98,11.59,15.22,12.55,35.82,41.09,13.83,1,2380,Lycaenidae,"""Rapala cf. iarbus (Fabricius, 1787)""","""Vietnam, Di Linh mt., Lam Dong, 900 m, X-2013"""
K069,9.712,0.97,1.8,3.88,1.92,5.69,1.01,14.64,8.31,11.44,9.04,28.91,31.21,10.55,2,6479/6480,Lycaenidae,"""Satyrium acaciae (Fabricius, 1787)""","""Spain, Vall de l'Ingla, 4-VIII-1985, J. Modolell leg."""
K070,13.465,1.05,2.31,4.51,2.15,5.77,1.01,15.74,8.83,12.80,9.95,27.52,33.64,11.34,2,5951/5955,Lycaenidae,"""Satyrium spini (D. & Schiff., 1775)""","""Spain, Madrid (no loc.), 2003"""
K071,12.602,0.87,2.6,4.16,2.09,5.80,1.28,15.07,8.83,12.68,9.83,27.55,32.25,10.84,4,47/672/1207/5950,Lycaenidae,"""Satyrium esculi (Hübner, 1783)""","""Spain, Madrid (no loc.), 2003, Spain, Guadalajara, Berninches, 1983, Madrid, Rivas, 26-V-1994"""
K072,16.252,1.11,2.48,5.58,2.57,4.41,1.53,15.06,8.98,11.75,10.24,28.55,32.63,11.02,2,4684/4685,Lycaenidae,"""Satyrium saepium (Boisduval, 1852)""","""U.S.A., California, San Diego Co., Boulder Creek Rd., 15-VI-2012"""
K073,9.95,1.15,1.88,4.17,1.87,4.68,1.08,13.49,7.58,10.67,8.77,27.48,28.85,9.95,1,6458,Lycaenidae,"""Callophrys rubi (L., 1758)""","""Spain, Cerdanya, Aransa, 25-V-1985, J. Modolell leg."""
K074,12.61,0.83,2.17,4.98,1.80,2.77,1.57,13.70,8.74,9.77,9.33,24.63,29.22,8.59,1,7275,Lycaenidae,"""Cyanophrys amyntor (Cramer, 1775)""","""Mexico, Oaxaca, Los Chimalapas, VII/VIII-2018"""
K075,13.14,0.97,2.09,4.91,2.37,4.03,0.77,14.16,8.57,10.02,9.21,26.37,30.69,9.92,1,7272,Lycaenidae,"""Cyanophrys goodsoni (Clench, 1946)""","""Mexico, Oaxaca, Los Chimalapas, VII/VIII-2018"""
K076,13.66,1.08,2.17,5.12,2.01,5.16,1.09,14.15,8.68,9.9,7.52,25.17,30.31,11.36,1,6372,Lycaenidae,"""Cyanophrys sp.""","""Colombia, Cali, Universidad del Valle, 26-I-1989, J. Modolell leg."""
K077,4.54,0.79,1.62,3.26,1.44,3.50,0.54,10.55,6.04,8.04,6.67,19.88,22.55,7.55,1,7298,Lycaenidae,"""Ministrymon phrutus (Geyer, 1832)""","""Mexico, Oaxaca, Los Chimalapas, VII/VIII-2018"""
K078,13.580,0.67,1.93,5.06,1.81,4.91,1.67,14.05,9.14,11.15,9.27,27.20,29.92,10.64,2,4585/4586,Lycaenidae,"""Tmolus cydrara (Hewitson, 1868)""","""Peru, Juanjui, V-2016"""
K079,13.741,0.99,2.11,5.08,2.11,4.23,0.94,14.58,9.17,10.78,9.51,26.60,31.28,10.31,4,7292-7295,Lycaenidae,"""Tmolus echion (Draudt, 1920)""","""Mexico, Oaxaca, Los Chimalapas, VII/VIII-2018"""
K080,15.822,1.08,2.33,5.76,2.31,4.56,0.91,14.81,9.83,11.50,10.32,27.30,31.93,11.41,4,7286/7287/7305/7306,Lycaenidae,"""Gargina gargophia (Hewitson, 1887)""","""Mexico, Oaxaca, Los Chimalapas, VII/VIII-2018"""
K081,27.64,1.15,2.43,6.69,2.63,5.69,1.62,18.69,11.92,13.84,12.53,33.38,40.01,13.53,1,3371,Lycaenidae,"""Panthiades (Cycnus?) phaleros (L., 1767)""","""Peru, San Martín, Juanjui, VII-2014"""
K082,20.601,1.10,2.68,6.44,3.28,4.44,1.52,16.47,11.84,13.28,11.40,31.08,36.22,11.98,2,7313/7314,Lycaenidae,"""Panthiades bitias (Cramer, 1777)""","""Mexico, Oaxaca, Los Chimalapas, VII/VIII-2018"""
K083,20.672,1.18,2.17,5.49,2.33,5.24,1.09,15.78,12.82,15.73,13.06,36.54,33.91,11.92,5,7260-7264,Lycaenidae,"""Rekoa meton (Cramer, 1779)""","""Mexico, Oaxaca, Los Chimalapas, VII/VIII-2018"""
K084,14.03,1.04,2.43,5.62,2.22,5.2,0.91,15.53,9.42,11.31,9.44,26.73,33.28,11.86,1,6349,Lycaenidae,"""Strymon acis (Drury, 1773)""","""Puerto Rico, Faro Cabo Rojo, 5-I-1994, J. Modolell leg."""
K085,9.41,0.75,2.16,4.57,1.86,3.72,0.98,14.34,8.39,10.52,9.13,25.77,30.55,9.05,1,7269,Lycaenidae,"""Strymon alea (Godman & Salvin, 1887)""","""Mexico, Oaxaca, Los Chimalapas, VII/VIII-2018"""
K086,7.39,1.16,1.95,4.24,1.93,4.47,0.70,12.46,7.69,9.36,7.75,21.60,26.85,9.88,1,7284,Lycaenidae,"""Strymon istapa (Reakirt, 1867)""","""Mexico, Oaxaca, Los Chimalapas, VII/VIII-2018"""
K087,6.53,0.70,1.70,3.75,1.26,4.36,1.33,13.27,9.05,11.48,8.93,25.74,27.81,8.82,1,7267,Lycaenidae,"""Arawacus sito (Boisduval, 1836)""","""Mexico, Oaxaca, Los Chimalapas, VII/VIII-2018"""
K088,9.99,0.97,1.69,3.97,1.8,4.88,0.78,15.85,11.04,14.52,10.35,29.23,33.55,9.82,1,6350,Lycaenidae,"""Arawacus sp. (aetolus, togarna, lincoides?)""","""Colombia, Cali, Universidad del Valle, 26-I-1989, J. Modolell leg."""
K089,7.773,0.83,1.95,4.02,1.90,4.10,0.84,13.13,7.99,9.91,8.21,24.66,28.17,8.96,4,7300/7301/7303/7304,Lycaenidae,"""Calycopis sp. cf. quintana (Johnson, 1991)""","""Mexico, Oaxaca, Los Chimalapas, VII/VIII-2018"""
K090,9.491,1.15,2.25,4.43,2.09,4.39,1.05,13.64,8.78,10.03,9.20,23.57,29.37,9.99,3,7282/7283/7297,Lycaenidae,"""Lamprospilus collucia (Hewitson, 1877)""","""Mexico, Oaxaca, Los Chimalapas, VII/VIII-2018"""
K091,5.258,1.04,2.00,3.81,1.8,4.19,0.53,12.25,7.45,8.90,7.90,21.04,26.25,9.04,2,7310/7311,Lycaenidae,"""Electrostrymon hugon (Godart, 1824)""","""Mexico, Oaxaca, Los Chimalapas, VII/VIII-2018"""
K092,12.845,1.16,2.32,4.56,1.99,4.79,1.04,15.45,9.06,10.63,9.00,26.64,32.89,10.51,2,7308/7309,Lycaenidae,"""Ziegleria ceromia (Hewitson, 1877)""","""Mexico, Oaxaca, Los Chimalapas, VII/VIII-2018"""
K093,17.309,1.11,2.39,5.73,2.51,5.47,1.28,17.29,10.88,12.37,10.13,31.40,37.11,12.32,4,4587/4588/7285/7307,Lycaenidae,"""Ziegleria hesperitis (Butler & Druce, 1872)""","""Peru, Juanjui, V-2016, Mexico, Oaxaca, Los Chimalapas, VII/VIII-2018"""
K095,27.523,0.95,2.57,5.56,2.81,5.27,1.55,18.68,12.19,14.47,12.69,34.06,40.19,11.79,2,7276/7277,Lycaenidae,"""Oenomaus ortygonus (Cramer, 1779)""","""Mexico, Oaxaca, Los Chimalapas, VII/VIII-2018"""
K096,28.74,0.93,2.58,7.33,2.39,4.23,1.25,18.86,12.22,14.49,12.42,34.70,39.99,12.49,1,7302,Lycaenidae,"""Parhasius polibetes (Stoll, 1781)""","""Mexico, Oaxaca, Los Chimalapas, VII/VIII-2018"""
K097,76.723,1.73,2.92,8.16,3.94,9.07,2.44,28.52,17.74,24.24,19.97,49.43,60.99,18.97,2,2104/4307,Lycaenidae,"""Evenus coronata (Hewitson, 1865)""","""Ecuador, Rio Napo, 2002, 2004"""
K098,23.853,1.02,1.89,6.83,2.49,8.46,2.07,29.89,17.56,23.25,18.58,53.51,62.27,16.31,2,811/835,Lycaenidae,"""Pseudolycaena dama (Druce, 1875)""","""Mexico, Candelaria Loxicha, Oaxaca, 500 m, IX-1982"""
K099,17.446,1.35,2.31,5.54,2.44,4.65,1.12,14.80,9.40,11.21,9.61,27.35,32.04,11.55,2,7280/7281,Lycaenidae,"""Brangas neora (Hewitson, 1867)""","""Mexico, Oaxaca, Los Chimalapas, VII/VIII-2018"""
K100,23.13,0.85,2.24,5.57,3.10,4.57,1.16,19.12,12.60,16.62,13.24,34.18,41.34,11.00,1,7312,Lycaenidae,"""Theritas mavors Hübner, 1818""","""Mexico, Oaxaca, Los Chimalapas, VII/VIII-2018"""
K101,19.196,1.16,2.73,6.60,2.87,5.27,1.76,19.89,13.39,16.73,12.55,38.72,42.65,13.04,2,4582/4681,Lycaenidae,"""Theritas phegeus (Hewitson, 1865)""","""Peru, Juanjui, V-2016"""
K102,23.65,1.07,2.31,5.59,2.13,4.53,1.8,19.54,12.56,18.76,12.80,36.84,41.23,11.20,1,7266,Lycaenidae,"""Theritas theocritus (Fabricius, 1793)""","""Mexico, Oaxaca, Los Chimalapas, VII/VIII-2018"""
K103,48.49,1.61,3.17,7.97,2.77,8.08,1.5,26.01,14.99,20.76,15.51,46.31,54.79,17.66,1,2846,Lycaenidae,"""Eumaeus minijas (Hübner, 1889)""","""Mexico, Quintana Roo, Nuevo X-Can, IX-1982"""
K104,56.02,1.42,3.26,6.96,3.62,6.18,2.16,23.35,15.67,20.13,15.13,42.44,50.32,14.56,1,6705,Lycaenidae,"""Amblypodia anita Hewitson, 1762""","""Vietnam, Changbai, Muchangchai, 1700 m., VIII-2018"""
K105,65.81,1.53,3.24,8.63,3.82,7.77,2.52,24.64,14.26,20.73,15.74,48.47,53.16,17.93,1,2435,Lycaenidae,"""Amblypodia sp.""","""Vietnam, Lao Cai prov., Sapa mt., VII-2013"""
K106,8.852,0.69,1.76,3.54,1.54,4.05,0.66,14.12,9.39,13.76,10.04,26.17,29.78,8.28,1,2381,Lycaenidae,"""Iolaiti indet. (Neocheritra sp. / Manto sp.)""","""Vietnam, Di Linh mt., Lam Dong, 900 m, X-2013"""
K107,20.94,1.36,1.99,5.75,2.06,6.62,0.91,18.94,12.63,27.16,25.32,35.15,39.94,13.73,1,2382,Lycaenidae,"""Loxura atymnus (Cramer, 1782)""","""Vietnam, Di Linh mt., Lam Dong, 900 m, X-2013"""
K108,11.621,0.90,2.35,5.05,2.29,5.75,1.23,15.66,9.40,11.77,8.96,28.40,33.62,11.71,2,6999/7325,Lycaenidae,"""Horaga syrinx (Felder, 1860)""","""Philippines, Palawan, Roxas, Magara, VII-2019, N. Layron leg."""
K109,6.910,0.97,1.47,3.84,1.33,5.69,0.78,17.07,10.15,14.42,10.49,32.67,35.48,10.51,2,3355/3356,Lycaenidae,"""Oboronia pseudopunctatus (Strand, 1912)""","""Ecuatorial Guinea, Bioko Norte, Basuala, Soledapa, VIII-1986"""
K110,10.08,0.58,1.97,3.66,2.02,5.76,1.02,17.86,10.02,14.36,11.38,35.44,37.74,10.01,1,2385,Lycaenidae,"""Jamides sp. (cf. celeno, pura)""","""Vietnam, Di Linh mt., Lam Dong, 900 m, X-2013"""
K111,1.422,0.76,1.18,1.91,0.87,4.46,0.63,9.59,4.58,7.49,4.83,18.14,20.05,7.14,2,5923/5933,Lycaenidae,"""Zizula hylax (Fabricius, 1775)""","""Thailand, Pattaya, Koh-Larn ist., 13-I-2015, V. Golovizin leg."""
K112,2.791,0.73,0.98,2.77,0.98,5.01,0.81,11.85,6.12,9.10,7.04,21.24,24.68,8.51,1,6770,Lycaenidae,"""Udara sp.""","""P.R. China, Zhejiang, Hangzhou, 18-VIII-1988, J. Modolell leg."""
K113,5.596,0.78,1.85,3.71,1.73,5.89,0.46,15.49,7.58,12.78,9.14,28.41,32.71,10.39,2,44/669,Lycaenidae,"""Celastrina argiolus (L., 1758)""","""Spain, Ávila, Candeleda, VIII-1986"""
K114,4.167,0.82,1.54,3.00,1.67,4.11,1.07,12.02,6.04,9.48,6.55,20.25,25.71,7.94,2,2090/3510,Lycaenidae,"""Cacyreus marshalli Butler, 1898""","""Spain, Madrid, Alcobendas, XI-2013"""
K115,1.8,0.39,1.18,2.15,1.07,2.81,0.65,8.36,4.08,6.29,4.05,16.62,17.80,5.35,1,983,Lycaenidae,"""Pseudophilotes abencerragus (Pierret, 1837)""","""Spain, Madrid, Chinichón, 1998"""
K116,4.662,0.93,1.69,3.36,1.95,3.63,0.97,12.41,5.85,9.72,6.56,23.31,26.78,7.92,3,984/1008/3511,Lycaenidae,"""Pseudophilotes panoptes (Hübner, 1813)""","""Spain, Zaragoza, Juslibol, III-1998, Madrid, Aranjuez, IV-1988"""
K117,7.893,0.88,1.99,3.84,1.73,5.77,1.31,14.72,7.41,12.21,8.34,28.10,31.17,10.49,2,45/670,Lycaenidae,"""Glaucopsyche melanops (Boisduval, 1829)""","""Spain, Madrid, Villaviciosa de Odón, no date"""
K118,10.325,0.95,1.85,4.13,1.75,5.40,1.14,15.96,8.70,12.74,9.65,30.04,33.67,10.48,6,5004/5077/6450/6456/6457/6852,Lycaenidae,"""Glaucopsyche (Glaucopsyche) alexis (Poda, 1761)""","""Spain, Madrid, Alcobendas, 2-VI-2017, Cantoblanco, 30-IV-2019, E.G.B. leg., Lérida, Músser, 24-V-1985, Aransa, 25-V-1985, J. Modolell leg."""
K119,3.795,0.63,1.17,2.86,0.99,4.32,0.49,11.98,6.17,9.46,6.46,23.56,24.96,7.82,2,3635/3636,Lycaenidae,"""Cupido (Cupido) minimus (Fuessly, 1775)""","""Spain, Guadalajara, San Andrés del Rey, 18-V-2015, E.G.B. leg."""
K120,4.885,0.86,1.57,3.26,1.35,4.99,0.85,13.28,6.93,10.54,7.58,25.57,27.91,9.12,3,6451/6454/6455,Lycaenidae,"""Cupido (Everes) alcetas (Hoffmansegg, 1804)""","""Spain, Lérida, Músser, 12/13-VI-1985, J. Modolell leg."""
K121,1.868,0.47,1.26,2.52,1.04,3.33,0.6,8.63,4.26,6.6,4.68,16.67,18.30,6.33,2,5924/5934,Lycaenidae,"""Freyeria putli (Kollar, 1844)""","""Thailand, Pattaya, Koh-Larn ist., 13-I-2015, V. Golovizin leg."""
K122,10.97,0.79,1.76,4.06,1.69,4.69,1.22,15.56,7.8,12.62,10.47,27.49,32.81,9.54,1,3818,Lycaenidae,"""Icaricia icarioides (Boisduval, 1852)""","""U.S.A., no data, 2014"""
K123,7.261,0.83,1.67,3.84,1.35,5.02,0.85,14.68,8.07,12.19,9.02,27.29,30.72,9.70,4,5868/5909/6445/6463,Lycaenidae,"""Plebejus (Plebejus) argus (L., 1758)""","""Spain, no label data, Cuenca, Lagunillas, 10-VII-1979, M.L. Munguira leg., Teruel, Tramacastilla, 17-VII-1988, Tossa, 25-VI-1983, J. Modolell leg."""
K124,8.041,0.95,1.75,3.77,1.62,5.33,0.92,14.50,7.95,11.89,8.70,27.94,30.63,10.05,8,6459/6466-5469/5471-5473,Lycaenidae,"""Plebejus (Plebejus) idas (L., 1761)""","""Spain, Teruel, Tramacastilla, 16-VII-1988, Lérida, Cerdanya, Porty del Cadí, 6-VIII-1985, France, Laurenti, 8-VIII-1985, J. Modolell leg."""
K125,10.933,0.93,1.96,4.12,1.65,5.77,1.14,16.39,8.98,12.87,9.99,29.22,34.43,10.82,4,5863/5864/6453/6482,Lycaenidae,"""Cyaniris semiargus (Rottemburg, 1775)""","""Spain, Guadalajara, Gualda, VI-1988, E.G.B. leg., Lérida, Músser, 12-VI-1985, Vall de l'Ingla, 4-VIII-1985, J. Modolell leg."""
K126,15.13,0.79,2.13,4.82,2.32,6.11,1.37,17.47,10.48,14.98,11.67,32.72,37.26,11.72,1,1141,Lycaenidae,"""Kretania hesperica (Rambur, 1842)""","""Spain, no data (1990-2000)"""
K127,6.467,0.79,1.65,3.75,1.70,3.85,0.78,12.87,6.7,11.17,8.05,23.07,27.45,8.39,2,3816/3819,Lycaenidae,"""Agriades glandon (Prunner, 1798)""","""U.S.A., no data, 2014"""
K128,7.676,0.82,1.79,3.57,1.71,4.76,1.04,13.11,6.92,10.20,7.61,23.91,27.95,9.16,8,46/671/5410/5411/5412/5953/5954/6470,Lycaenidae,"""Aricia cramera (Eschscholtz, 1821)""","""Spain, Cuenca, Poceta Palomera, 1996, Madrid, Cantoblanco, IX-2017, E.G.B. leg., Madrid (no loc.), 2003, France, Laurenti, 8-VIII-1985, J. Modolell leg."""
K129,13.144,1.1,2.05,4.34,2.17,6.20,1.23,16.01,8.16,12.67,9.92,30.09,34.26,11.65,4,6460-6462/6464,Lycaenidae,"""Aricia montensis Verity, 1928""","""Spain, Teruel, Tramacastilla, 16-VII-1988, Tossa, 25-VI-1983, J. Modolell leg."""
K130,20.844,1.19,2.42,5.41,2.26,7.46,1.56,19.57,10.49,16.11,12.53,33.48,41.40,14.07,5,2833-2835/1163/6491,Lycaenidae,"""Lysandra hispana (Herrich-Schäffer, 1852)""","""Spain, Guadalajara, Durón, VIII-2014, Spain, no data, Lérida, Cerdanya, Coll de la Creueta, 7-VIII-1985, J. Modolell leg."""
K131,13.39,1.27,2.14,4.99,1.47,7.92,1.03,18.16,9.37,15.06,11.56,32.58,37.79,14.18,1,6483,Lycaenidae,"""Polyommatus (Polyommatus) escheri (Hübner, 1823)""","""Spain, Araner, Mussa, 21-VII-1996, J. Modolell leg."""
K132,16.300,1.09,2.15,6.14,2.04,5.87,1.12,17.99,9.94,14.98,11.46,33.12,38.02,13.10,2,1142/1143,Lycaenidae,"""Polyommatus daphnis (D. & Schiff., 1776)""","""Spain, no data (1985-1995)"""
K133,10.415,1.00,1.87,4.41,1.76,5.44,0.92,15.51,8.61,12.78,9.71,29.05,32.78,10.86,7,1154/2838/2839/6448/6449/6465/6488,Lycaenidae,"""Polyommatus icarus (Rottemburg, 1775)""","""Spain, Segovia, La Granja, 21-VII-1982, J. Vinos leg., Madrid, San Sebastian de los Reyes, 22-V-1980, Campo Real, 22-V-1995, J. Modolell leg., Lérida, Tossa, 25-VI-1983, Músser, 9-VIII-1985, J. Modolell leg."""
K134,13.48,1.09,2.01,4.96,1.68,6.25,1.06,17.61,10.32,15.79,11.46,31.81,36.96,12.37,1,6444,Lycaenidae,"""Polyommatus (Polyommatus) nivescens Keferstein, 1851""","""Spain, Teruel, Tramacastilla, 17-VII-1988"""
K135,8.697,0.94,1.98,4.43,1.71,5.82,1.17,15.46,8.08,12.34,9.18,28.26,32.64,11.19,3,1162/1232/6474,Lycaenidae,"""Polyommatus dorylas (D. & Schiff., 1776)""","""Spain, Guadalajara, Pastrana, 26-VII-1983, Catalonia, Maranges, Engorgs, 2100 m., 22-VII-1996, J. Modolell leg."""
K136,13.109,1.04,2.08,5.09,2.27,5.13,1.02,16.77,9.12,14.67,11.55,29.96,35.81,11.26,2,2844/2845,Lycaenidae,"""Polyommatus (Agrodiaetus) violetae (Gómez-Bustillo, Expósito & Martínez, 1979)""","""Spain, Jaén, Hornos, Pontones, VII-2014, MLM leg."""
L001,23.60,1.47,2.72,5.39,2.86,7.71,1.2,23.46,12.18,17.44,13.95,45.93,49.78,14.57,1,2424,Nymphalidae,"""Libythea myrrha Godart, 1819""","""Vietnam, Lam Dong, Di Linh mt., 900 m, III-2014, Le lUong Thanh leg."""
L002,27.398,1.34,3.26,5.91,3.08,7.27,1.66,21.78,11.79,16.55,13.72,46.59,46.48,14.52,2,2797/1156,Nymphalidae,"""Libythea celtis (Fuessly, 1782)""","""Spain, Madrid, Aranjuez, 11-VI-2006, Spain, no data (Madrid?)"""
L003,82.249,1.49,3.72,7.28,2.49,18.52,1.30,48.22,20.97,34.28,22.08,88.03,98.94,27.30,1,504,Nymphalidae,"""Ideopsis gaura (Horsfield, 1829)""","""Taiping, Malasia, 2-9-2984"""
L004,79.097,1.26,3.39,7.84,3.20,18.16,1.82,46.13,23.78,31.18,26.95,73.50,95.47,27.26,2,6820/6824,Nymphalidae,"""Ideopsis sp. (similis / vulgaris)""","""Vietnam, Changbai, Muchangchai, 1700 m., VIII-2018"""
L005,60.306,1.52,3.14,7.13,2.74,14.38,1.91,41.09,21.47,27.37,21.67,60.83,84.93,23.04,3,6813/6814/6823,Nymphalidae,"""Parantica aglea (Joannis, 1901)""","""Vietnam, Changbai, Muchangchai, 1700 m., VIII-2018"""
L006,108.394,2.05,3.91,8.99,2.92,15.74,1.77,49.73,24.44,33.72,25.36,90.25,102.40,26.78,4,6749-6752,Nymphalidae,"""Parantica sita (Kollar, 1844)""","""Vietnam, Changbai, Muchangchai, 1700 m., VIII-2018"""
L007,99.751,1.57,3.81,9.28,3.32,13.87,3.02,44.49,24.13,30.69,26.84,75.76,92.31,24.73,2,6180/6239,Nymphalidae,"""Danaus gilippus (Cramer, 1775)""","""U.S.A., Arizona, Pima Co., 31°48'17.25''N, 110°54'00.59''W, 20-X-2015"""
L008,44.79,1.67,3.5,7.15,2.37,13.47,1.26,34.16,20.34,23.54,21.44,56.93,70.69,22.29,1,6789,Nymphalidae,"""Euploea eunice (Frühstorfer, 1902)""","""Vietnam, Changbai, Muchangchai, 1700 m., VIII-2018"""
L009,123.628,1.77,4.64,9.42,3.40,17.24,2.42,48.93,25.96,31.65,29.16,71.03,101.27,28.44,4,6815-6818,Nymphalidae,"""Euploea mulciber (Cramer, 1777)""","""Vietnam, Changbai, Muchangchai, 1700 m., VIII-2018"""
L010,175.407,1.69,4.24,10.66,4.66,16.91,4.05,46.41,26.92,32.64,30.48,81.73,97.49,29.27,3,3309-3311,Nymphalidae,"""Euploea sylvester (Fabricius, 1793)""","""Vietnam, Lam Dong, Di Linh Mt., XI-2014"""
L011,333.720,1.65,4.37,11.56,4.03,25.00,2.20,73.23,38.08,55.32,39.36,135.38,150.50,38.15,1,503,Nymphalidae,"""Idea leuconoe Erichson, 1834""","""Taiwan, Jiji, no date"""
L012,147.133,1.96,4.42,9.60,4.06,17.62,2.54,50.65,21.80,32.22,22.12,92.48,105.36,29.19,2,6367/6368,Nymphalidae,"""Lycorea ilione (Cramer, 1775)""","""Peru, Junin, Satipo, 550 m, IV-1988"""
L013,7.84,0.99,2.10,3.58,1.51,7.14,0.62,19.79,9.31,15.21,10.74,38.77,41.09,11.71,1,3134,Nymphalidae,"""Tellervo sp.""","""Papua New Guinea, ?, 15-I-1963"""
L014,41.579,1.58,3.24,6.79,3.34,19.72,1.60,38.93,16.55,24.77,14.55,72.68,81.21,28.10,2,6183/6184,Nymphalidae,"""Melinaea ludovica (Cramer, 1780)""","""Peru, San Juan de Polis, Río Momon, 2017, Brasil, Santarem, no loc., 2014"""
L015,72.388,1.86,3.80,8.27,3.88,22.78,1.59,43.57,18.70,29.29,19.49,82.73,91.03,32.91,2,6225/6241,Nymphalidae,"""Melinaea marsaeus (Hewitson, 1860)""","""Peru, Loreto, Centro Fuerte, III-2015"""
L016,94.39,2.83,4.04,7.42,3.42,17.73,1.79,42.24,16.45,23.97,15.58,78.49,87.95,27.95,1,1225,Nymphalidae,"""Thyridia sp.""","""Bolivia, Buenavista, 400 m., no date"""
L017,19.98,1.82,3.11,5.34,2.82,11.67,0.94,35.92,11.46,20.77,10.52,72.95,74.66,18.83,1,2168,Nymphalidae,"""Mechanitis polymnia Bates, 1864""","""Guatemala (no data)"""
L018,98.573,1.93,3.97,8.97,3.33,17.31,2.43,42.25,17.59,23.49,16.74,76.94,87.83,28.21,2,6220/6222,Nymphalidae,"""Methona maxima (Forbes, 1944)""","""Peru, San Martín, Jorge Chavez, X-2013, II-2015"""
L019,40.338,1.61,3.05,6.91,2.66,14.98,1.38,36.34,16.93,23.68,18.39,64.43,75.34,23.50,2,6223/6224,Nymphalidae,"""Tithorea harmonia (Cramer, 1777)""","""Peru, San Martín, Jorge Chavez, II-2015"""
L020,11.33,1.69,2.18,5.25,1.97,8.28,0.63,23.09,8.19,16.94,9.52,45.21,48.15,15.22,1,2169,Nymphalidae,"""Ithomia drymo Hübner, 1816""","""Guatemala (no data)"""
L021,16.906,1.41,2.19,5.08,2.07,11.53,0.85,25.69,10.04,17.93,10.63,46.84,53.45,18.02,2,1223/1224,Nymphalidae,"""Ithomia sp. (cf. arduinna D'Almeida, 1952)""","""Bolivia, Alto Palmer, 1100 m., no date, Peru, Chapare, 600 m, no date"""
L022,31.855,1.18,2.52,4.63,1.88,14.58,0.66,28.35,9.34,20.98,13.35,52.49,58.48,20.39,1,534,Nymphalidae,"""Greta morgane (Geyer, 1833)""","""Mexico, 11-V-1979 (Veracruz, Teocelo)"""
L023,17.703,1.15,2.54,4.53,1.83,12.51,1.04,27.36,9.95,18.48,11.96,51.49,56.56,18.19,2,1338/6364,Nymphalidae,"""Hypoleria ocalea (Doublday, 1847)""","""Venezuela, Carabobo, IX-1998, Colombia, Cali, Universidad del Valle, 25-I-1989, J. Modolell leg."""
L024,18.569,1.36,2.35,4.71,1.63,14.14,1.11,28.22,10.20,19.33,11.72,52.42,58.08,20.21,2,4744/4745,Nymphalidae,"""Ceratinia tutia (Hewitson, 1852)""","""Mexico, Chiapas, Ocosingo, IX-2016"""
L025,22.64,1.53,3.06,5.87,1.98,9.13,0.94,27.68,16.55,21.77,18.21,50.64,57.34,16.47,1,6746,Nymphalidae,"""Neptis sp. (cf. sapho, nata)""","""Vietnam, Changbai, Muchangchai, 1700 m., VIII-2018"""
L026,58.16,1.63,3.96,8.05,2.78,13.39,1.82,37.35,18.14,26.46,24.91,63.48,77.48,23.07,1,6812,Nymphalidae,"""Neptis columella (Cramer, 1780)""","""Vietnam, Changbai, Muchangchai, 1700 m., VIII-2018"""
L027,139.456,1.73,4.18,11.58,4.42,13.11,2.64,42.80,24.55,30.86,26.74,65.64,90.03,26.43,2,6821/6825,Nymphalidae,"""Auzakia danara (Moore, 1858)""","""Vietnam, Changbai, Muchangchai, 1700 m., VIII-2018"""
L028,64.062,1.93,4.05,8.42,4.06,8.82,1.69,30.45,18.61,23.13,19.66,50.68,64.97,19.18,3,3828/3829/6747,Nymphalidae,"""Athyma daraxa Doubleday, 1848""","""Vietnam, Lao Cai, Sapa mt, 1800 m, VI-2015, Changbai, Muchangchai, 1700 m., VIII-2018"""
L029,88.06,1.84,4.07,9.72,3.75,9.46,1.81,32.75,20.64,21.72,21.45,50.08,69.15,20.98,1,6792,Nymphalidae,"""Athyma selenophora (Kollar, 1844)""","""Vietnam, Changbai, Muchangchai, 1700 m., VIII-2018"""
L030,31.941,1.44,3.33,7.19,3.05,7.79,1.50,26.08,13.95,18.27,16.21,44.62,55.21,16.43,3,1140/1171/1200,Nymphalidae,"""Limenitis reducta (Staudinger, 1901)""","""Spain, Madrid, Valdemorillo, 950 m, 26-VI-1966, Spain, no data"""
L030b,63.980,1.55,3.41,7.75,3.22,11.09,1.82,33.89,18.37,23.78,19.93,60.61,71.02,20.39,2,7584/7585,Nymphalidae,"""Limenitis archippus (Cramer, 1776)""","""U.S.A., Kentucky,  Central City, Cleaton Crossing, 5-IX-1992, E.A. Sadler, Colorado, Denver, Cherry Creek St, Pk., 1-VII-1999, E.A. Sadler"""
L031,164.835,2.54,5.25,10.14,5.05,13.46,2.63,45.14,27.02,34.61,28.61,76.86,95.34,26.15,2,6743/7089,Nymphalidae,"""Euthalia duda Staudinger, 1886""","""Vietnam, Changbai, Muchangchai, 1700 m., VIII-2018"""
L032,101.88,2.02,4.37,10.26,4.56,8.03,2.84,27.63,15.71,20.36,19.72,49.67,59.82,20.29,1,2372,Nymphalidae,"""Euthalia monina Fabricius, 1787""","""Vietnam, Di Linh mt., Lam Dong, 900 m, X-2013"""
L033,118.03,2.50,5.28,9.99,4.26,6.96,3.15,33.25,20.04,23.54,21.08,60.45,70.78,19.46,1,865,Nymphalidae,"""Euphaedra sp. (grupo eleus)""","""Ecuatorial Guinea, Bata, XII-1965"""
L034,66.42,2.00,3.63,10.64,3.94,9.29,1.65,26.29,14.95,22.47,19.62,48.77,56.52,21.93,1,3350,Nymphalidae,"""Euriphene sp.""","""Ecuatorial Guinea, Litoral, Bata, IV-1964"""
L035,13.536,1.26,2.96,4.61,2.39,7.12,1.03,20.01,10.19,14.36,11.47,36.59,42.42,13.00,4,1005/1007/6001/6002,Nymphalidae,"""Boloria selene (D. & Schiff., 1775)""","""Spain, Avila, Gredos, VII-1986, Navarra, Velate, 1968, Galicia, Muros, El Pito, 9-VIII-1999, Asturias, Somiedo, 12-VIII-1999, E.G.B. leg."""
L036,14.06,1.25,2.98,3.78,2.26,6.12,1.33,16.32,8.2,12.15,10.84,27.02,34.92,11.14,1,6409,Nymphalidae,"""Issoria (Yramea) cyrethis (Drury, 1773)""","""Chile, Puerto Natales, 2-XII-1995, J. Modolell leg."""
L037,21.859,1.21,3.28,5.34,2.91,7.48,1.60,20.73,10.76,15.11,12.64,39.32,44.37,14.03,3,1192/1193/1194,Nymphalidae,"""Issoria lathonia (L., 1758)""","""Spain, Toledo, Yepes, V/VI-2007, J. Martin leg."""
L038,62.103,1.97,4.53,8.37,3.31,9.75,1.77,29.83,16.79,21.48,19.30,53.36,62.97,20.10,4,1157/1158/1159/5939,Nymphalidae,"""Argynnis adippe (D. & Schiff., 1775)""","""Spain, Guadalajara, La Puerta, 4-VII-1983, Madrid (no loc.), 2003"""
L039,117.682,2.42,5.32,8.59,4.81,10.50,2.72,33.02,18.65,24.98,22.79,62.42,70.86,21.52,2,1201/1202,Nymphalidae,"""Argynnis pandora (D. & Schiff., 1775)""","""Spain, Ciudad Real, Pueblo Nuevo de Bullaque, 1-V-2001, A. Jimenez leg., Peguer, 23-VI-1980, A. Regalado leg."""
L040,83.274,1.94,4.41,9.48,3.63,11.52,2.11,37.57,20.91,27.80,24.20,66.04,78.78,22.95,4,1167/6753/6754/6822,Nymphalidae,"""Argyreus hyperbius (L., 1763)""","""(Asia) no data, Vietnam, Changbai, Muchangchai, 1700 m., VIII-2018"""
L041,174.909,2.31,5.68,10.13,4.74,13.46,2.84,45.54,26.44,37.27,33.19,73.87,95.83,25.90,2,3778/6755,Nymphalidae,"""Childrena childreni (Gray, 1831)""","""Vietnam, Lao Cai, Sapa mt., 1600 m, IV-2015, Changbai, Muchangchai, 1700 m., VIII-2018"""
L042,44.881,1.67,3.89,7.12,2.85,8.38,1.56,32.39,19.91,25.11,22.01,55.11,67.64,17.18,2,6744/6760,Nymphalidae,"""Cirrochroa surya Moore, 1878""","""Vietnam, Changbai, Muchangchai, 1700 m., VIII-2018"""
L043,77.472,1.95,3.68,8.98,2.90,13.93,1.70,42.78,21.95,31.73,27.14,76.34,88.47,24.84,2,6756/7063,Nymphalidae,"""Cethosia cyane (Drury, 1770)""","""Vietnam, Changbai, Muchangchai, 1700 m., VIII-2018"""
L044,56.352,1.86,4.56,7.89,3.59,12.33,1.39,41.53,16.10,23.54,20.32,83.97,86.66,22.05,3,1220/1221/6365,Nymphalidae,"""Dryas iulia (Fabricius, 1775)""","""Peru, Tarapoto, VII-1984, M. Dizy leg., Ecuador, Oro, Luzumbe, 12-VII-1993, J.A. Calleja leg., Mexico, Jalisco, El Nogalito, 6 km S Puerto Vallarta (20°30'N, 105°15'W), 27-IX-1994, J. Modolell leg."""
L045,78.629,2.08,4.99,9.38,3.84,14.40,1.48,35.87,20.66,30.78,26.63,92.20,75.59,25.87,2,1226/1233,Nymphalidae,"""Philaethria dido (L., 1763)""","""Costa Rica, zona sur, 2014, Brasil, Pará, Obidos, XII-1966"""
L046,35.378,1.63,3.76,6.11,2.70,11.45,1.67,33.26,14.35,21.63,16.28,64.33,69.24,19.20,3,6215/6216/6363,Nymphalidae,"""Eueides isabella (Stoll, 1781)""","""Colombia, Dep. Boyacá, Otanche, X-2015, Colombia, Cali, Universidad del Valle, 31-I-1989, J. Modolell leg."""
L047,26.42,1.32,3.76,5.06,2.10,9.46,1.43,30.14,11.96,17.34,13.15,58.76,62.39,15.85,1,1222,Nymphalidae,"""Eueides aliphera (Latreille & Godart, 1819)""","""Bolivia, Todos Santos, no date"""
L048,48.439,2.02,4.33,6.49,2.76,15.40,1.82,39.77,18.51,25.55,19.73,73.73,82.31,23.92,2,6313/6320,Nymphalidae,"""Heliconius erato (L., 1764)""","""Mexico, Jalisco, Puerto Vallarta, Hotel Camino Real, 27-IX-1994, J. Modolell leg."""
L049,44.115,1.97,3.93,7.30,2.76,12.97,1.62,42.33,16.46,26.01,17.83,78.17,87.44,22.25,4,927/951/6332/6333,Nymphalidae,"""Heliconius charitonia (L., 1767)""","""no loc. (America),Puerto Rico, Cambalache National Forest, 7-I-1994, J. Modolell leg."""
L050,54.28,1.98,4.35,6.9,2.93,17.81,1.05,42.24,18.73,27.13,22.11,78.63,87.41,26.69,1,2480,Nymphalidae,"""Heliconius cydno (Doubleday, 1847)""","""Costa Rica, Costa atlántica, 2014"""
L051,59.252,2.36,4.11,8.88,2.88,21.34,1.84,47.24,19.22,31.08,19.94,85.96,97.37,32.58,2,4742/4743,Nymphalidae,"""Heliconius ismenius (Latreille, 1877)""","""Mexico, Chiapas, Ocosingo, VII/X-2016"""
L052,61.569,1.77,4.48,7.94,3.18,22.39,1.79,42.64,19.89,27.80,20.42,78.76,88.46,32.10,2,6218/6219,Nymphalidae,"""Heliconius numata (Cramer, 1780)""","""Peru, Loreto, Centro Fuerte, II-2015"""
L053,48.141,1.54,3.27,7.59,3.35,18.05,1.31,38.33,16.78,23.82,18.01,70.98,80.03,27.19,1,221,Nymphalidae,"""Bematistes excisa (Butler, 1874)""","""Ecuatorial Guinea, Bata (Río Muni), I-1964"""
L054,4.175,1.26,2.06,3.36,1.87,7.55,0.78,18.83,7.59,12.52,8.12,35.49,39.53,12.18,1,222,Nymphalidae,"""Acraea bonasia (Fabricius, 1775)""","""No data, (Ecuatorial Guinea?)"""
L055,21.229,1.27,2.32,5.78,2.23,11.21,1.03,26.73,12.04,16.84,12.83,42.39,55.72,18.26,2,5454/5513,Nymphalidae,"""Acraea parrhasia (Fabricius, 1793)""","""D.R. Congo, Nord-Kivu, Mamove, II-2011"""
L056,26.127,1.12,2.40,6.49,2.79,10.54,1.29,26.56,11.74,16.62,11.71,47.81,55.92,18.15,2,5455/5514,Nymphalidae,"""Acraea semivitrea Aurivillius, 1895""","""D.R. Congo, Nord-Kivu, Beni, II-2011"""
L057,25.621,1.23,2.54,5.39,2.61,12.64,1.32,26.29,12.72,18.09,14.22,48.00,55.19,19.27,2,6360/6361,Nymphalidae,"""Altinote sp. B (dicaeus / zomene)""","""Colombia, Cali, Peñas Blancas, 29-I-1989, J. Modolell leg."""
L058,17.11,1.34,3.03,4.71,2.32,8.36,0.95,21.92,10.92,16.01,12.56,40.12,46.12,14.41,1,6362,Nymphalidae,"""Altinote sp. A (erinome?)""","""Colombia, Cali, Peñas Blancas, 29-I-1989, J. Modolell leg."""
L059,24.765,1.08,2.84,5.59,2.66,11.61,1.33,26.00,13.35,18.06,12.19,45.26,54.67,18.28,2,6358/6359,Nymphalidae,"""Altinote stratonice (Latreille, 1813)""","""Colombia, Cali, Peñas Blancas, 29-I-1989, J. Modolell leg."""
L060,248.528,2.28,5.42,12.82,5.96,13.86,3.07,47.27,27.78,33.37,29.52,78.45,100.51,28.97,3,5277/5278/5402,Nymphalidae,"""Dichorragia ninus (C. & R. Felder, 1859)""","""Indonesia, W. Seram, Elpaputih area, ca. 150 m., X-2016, Maluku, Nusa Laut Island, XII-2016, E. Sanjaya leg."""
L061,149.700,2.00,4.63,11.59,4.51,14.13,2.84,43.33,23.78,30.39,26.11,79.57,91.17,27.74,3,6809/6810/6811,Nymphalidae,"""Hestinalis nama (Doubleday, 1845)""","""Vietnam, Changbai, Muchangchai, 1700 m., VIII-2018"""
L062,122.257,1.60,4.24,10.65,4.04,10.42,2.32,34.96,19.73,26.46,22.38,61.41,73.97,22.68,3,1204/2801/5859,Nymphalidae,"""Apatura iris (L., 1758)""","""Czech Republic, Bohemia, VII-1966, Spain, Orense, VIII-2012, Lugo, Folgoso do Courel, VIII-2012"""
L063,155.302,2.77,4.66,10.82,3.66,10.86,2.38,35.79,19.67,26.85,23.73,60.77,75.25,24.45,2,6742/3788,Nymphalidae,"""Dilipa morgiana (Westwood, 1850)""","""Vietnam, Changbai, Muchangchai, 1700 m., VIII-2018"""
L064,138.14,2.18,4.34,11.67,3.75,11.14,2.04,34.53,21.23,24.05,22.39,57.85,72.81,24.99,1,6741,Nymphalidae,"""Chitoria ulupi (Doherty, 1889)""","""Vietnam, Changbai, Muchangchai, 1700 m., VIII-2018"""
L065,119.60,1.73,4.19,10.82,4.42,12.03,2.43,31.83,23.28,23.10,24.29,54.38,68.10,24.60,1,5358,Nymphalidae,"""Catonephele acontius (L., 1771)""","""French Guiana, Sant Laurent de Maroni, X-2016, R. Thibault leg."""
L066,37.31,1.37,2.97,5.46,3.49,9.83,2.25,27.39,16.51,24.22,21.78,50.63,58.27,16.66,1,2368,Nymphalidae,"""Ariadne merione (Cramer, 1779)""","""Vietnam, Lao Cai prov., Sapa mt., VII-2013"""
L067,43.154,1.52,3.10,6.78,2.92,7.81,1.80,20.98,11.70,16.99,14.21,39.61,44.89,16.11,2,3809/3810,Nymphalidae,"""Paulogramma peristera (Hewitson, 1853)""","""Peru, Loreto, 08-2014"""
L068,76.37,1.56,3.97,8.83,2.96,10.42,2.05,30.59,18.71,24.34,20.26,57.53,64.14,20.81,1,6371,Nymphalidae,"""Callicore sp. (cynosura / astarte)""","""Colombia, no data (Cali, 1989), J. Modolell leg."""
L069,9.85,1.36,2.52,4.51,1.72,7.12,1.13,19.09,12.11,15.41,11.56,33.07,39.98,12.98,1,2818,Nymphalidae,"""Chersonesia risa (Doubleday, 1848)""","""Vietnam, Da Nang, Ba Na mt, 1450 m, VI-2014"""
L070,20.45,1.27,2.26,7.55,1.89,6.77,1.24,28.46,17.51,24.61,17.14,44.91,58.81,15.52,1,6745,Nymphalidae,"""Cyrestis thyodamas Boisduval, 1836""","""Vietnam, Changbai, Muchangchai, 1700 m., VIII-2018"""
L071,45.41,1.46,3.49,7.13,3.34,8.61,1.52,29.73,15.49,38.42,11.67,48.32,62.88,17.22,1,6341,Nymphalidae,"""Marpesia chiron Fabricius, 1775)""","""Colombia, San José del Guaviare?, VII-1990, J. Modolell leg."""
L072,533.390,3.48,6.58,15.37,7.25,14.21,5.08,56.72,35.13,36.83,33.78,100.19,120.70,33.06,2,5341/5342,Nymphalidae,"""Historis odius (Fabricius, 1775)""","""Peru, San Martín, Naranjos, II-2014"""
L073,11.970,0.98,2.31,4.23,2.38,5.94,1.36,16.28,7.66,12.07,8.41,31.21,34.94,11.16,2,1216/1217,Nymphalidae,"""Arschnia levana (L., 1758)""","""Spain, Guipuzcoa, Irurzun, IV-1968, C. Gomez leg."""
L074,38.85,1.46,3.25,6.81,3.22,7.24,1.72,21.45,13.39,17.86,14.52,41.22,46.11,15.52,1,2464,Nymphalidae,"""Symbrenthia lilaea (Hewitson, 1864)""","""Vietnam, Lam Dong Prov., Di Linh mt., 900 m., III-2014"""
L075,56.934,1.58,3.18,7.10,3.16,7.55,2.11,25.24,13.88,21.34,15.91,47.93,53.64,16.24,2,1150/1184,Nymphalidae,"""Aglais urticae (L., 1758)""","""Spain, Avila, Mingo Fernando, 16-III-1986, Spain, no data"""
L076,81.35,1.98,4.01,8.56,3.6,8.22,1.78,28.63,17.17,26.23,20.44,52.28,60.86,18.76,1,1155,Nymphalidae,"""Nymphalis polychloros (L., 1758)""","""Spain, no data"""
L077,40.362,1.52,3.55,6.79,2.70,7.74,2.16,26.45,14.80,19.41,15.49,50.94,55.60,16.06,2,1138/1139,Nymphalidae,"""Vanessa cardui (L., 1758)""","""Spain, no data, North America, no data"""
L078,36.433,1.43,3.43,6.40,3.16,10.90,1.80,30.60,16.09,21.69,18.83,55.43,64.37,18.74,2,6317/6321,Nymphalidae,"""Chlosyne hippodrome (Geyer, 1837)""","""Mexico, Jalisco, Puerto Vallarta, El Nogalito, 28-IX-1994, J. Modolell leg."""
L079,20.33,1.18,2.79,4.87,2.58,7.27,1.08,23.36,10.91,17.35,13.62,45.76,49.31,13.24,1,2788,Nymphalidae,"""Chlosyne janais (Drury, 1782)""","""Guatemala (no data)"""
L080,24.984,1.67,3.64,5.65,2.51,9.31,1.41,28.70,12.23,18.28,16.36,51.06,59.91,16.64,5,6336-6340,Nymphalidae,"""Atlantea tulita (Dewitz, 1877)""","""Puerto Rico, Quebradillas - Puente Blanco, 7-I-1994, J. Modolell leg."""
L081,25.249,1.22,2.78,5.16,2.82,6.23,1.78,21.24,9.31,15.62,12.50,40.38,45.31,12.62,2,6853/6861,Nymphalidae,"""Melitaea cinxia (L., 1758)""","""Spain, Madrid, Cantoblanco, 30-IV-2019, E.G.B. leg."""
L082,15.386,1.03,2.37,4.41,2.20,7.06,1.30,18.46,9.36,14.04,11.23,33.11,39.14,12.51,4,2793/2794/7445/7446,Nymphalidae,"""Melitaea diamina (Lang, 1789)""","""Sweden, Öland, 31-V-1990, Spain, Cantabria, Aliva, 1350 m, VII-1995, E.G.B. leg., Soria, Molinos de Razón, 12-VII-1991, J. Modolell leg."""
L083,16.002,1.15,2.64,3.97,2.48,7.72,1.38,18.00,9.21,13.94,11.53,33.69,38.48,12.86,2,7445/7446,Nymphalidae,"""Melitaea parthenoides Keferstein, 1851""","""Spain, Lérida, Val de Arán, Val de Ruda, 1-VII-1995, Cerdanya, Caixans, 4-VII-1993, J. Modolell leg."""
L084,33.495,1.28,3.11,5.43,3.70,7.24,1.34,21.56,11.36,16.51,13.04,39.88,46.83,13.96,2,2791/2792,Nymphalidae,"""Melitaea phoebe (D. & Schiff., 1775)""","""Spain, Toledo, Yepes, 13-V-2007, J. Martin leg."""
L085,24.880,1.22,3.18,5.01,2.66,8.36,1.68,21.04,10.21,15.37,11.91,38.84,44.74,14.59,2,1149/1189,Nymphalidae,"""Melitaea didyma (Esper, 1780)""","""Spain, Burgos, Monasterio de Rodilla, 900 m, VI-1966, Spain, no data"""
L086,267.147,2.16,4.64,12.58,6.14,15.87,3.78,49.85,37.09,46.64,33.17,81.62,105.84,30.62,2,2527/2799,Nymphalidae,"""Kallima inachus Boisduval, 1836""","""Vietnam, Lam Dong prov., Di Linh mt., 900 m, IV-2014"""
L087,72.46,2.28,4.33,8.81,3.02,10.03,1.95,37.19,22.80,27.59,24.81,63.69,77.42,21.04,1,6790,Nymphalidae,"""Hypolimnas bolina (L., 1758)""","""Vietnam, Changbai, Muchangchai, 1700 m., VIII-2018"""
L088,34.928,1.02,3.47,7.09,2.59,8.15,1.09,25.36,14.59,19.57,16.17,43.96,53.32,16.27,2,1335/6342,Nymphalidae,"""Junonia genoveva (Cramer, 1780)""","""Puerto Rico, Cambalache, 1998, nop data, Cabo Rojo, 5-I-1994, J. Modolell leg."""
L089,49.41,1.47,3.7,8.09,2.35,7.69,1.45,27.47,16.08,20.80,19.42,47.75,57.29,17.25,1,6793,Nymphalidae,"""Junonia orithya (L., 1758)""","""Vietnam, Changbai, Muchangchai, 1700 m., VIII-2018"""
L090,80.930,1.41,4.02,9.25,3.42,10.99,2.82,35.98,25.42,32.54,26.86,62.67,75.38,21.65,2,6208/6209,Nymphalidae,"""Yoma sabina (Cramer, 1780)""","""Vietnam, Dong Tien, Binh Thuan, VI-2018, V.N. leg."""
L091,321.753,2.62,5.79,13.00,6.72,13.48,3.52,48.25,32.00,37.92,30.42,79.55,103.23,29.10,2,6708/6709,Nymphalidae,"""Polyura dolon (Westwood, 1847)""","""Vietnam, Changbai, Muchangchai, 1700 m., VIII-2018"""
L092,361.866,2.71,5.97,15.87,7.44,13.97,3.70,51.36,32.84,41.17,31.52,86.11,110.17,32.56,4,2371/2437/6706/6707,Nymphalidae,"""Polyura eudamippus (Doubleday, 1843)""","""Vietnam, Di Linh mt., Lam Dong, 900 m, X-2013, Changbai, Muchangchai, 1700 m., VIII-2018"""
L093,169.427,2.13,4.92,12.95,5.59,8.94,3.13,36.21,25.11,26.69,22.93,62.96,77.99,24.03,2,5275/5276,Nymphalidae,"""Charaxes bernardus (Fabricius, 1793)""","""Indonesia, W. Bali, Gilimanuk area, VI-2017, E. Sanjaya leg."""
L094,239.818,1.86,5.01,13.06,5.53,9.22,3.31,44.01,26.43,33.75,27.11,80.50,93.56,24.14,2,1002/3708,Nymphalidae,"""Charaxes jasius (L., 1767)""","""Spain, Barcelona, 1969, Cáceres, 1995"""
L095,178.399,1.99,4.70,12.52,5.88,9.47,4.12,39.94,27.52,35.48,24.82,71.21,85.77,23.92,2,5346/5347,Nymphalidae,"""Palla publius Staudinger, 1892""","""Central African Republic, Lobaye, Bounono, IX-2016"""
L096,273.943,1.87,5.79,12.88,6.25,10.83,3.22,47.39,27.62,33.70,30.34,84.27,101.04,25.58,2,1334/6331,Nymphalidae,"""Archaeoprepona demophoon (Hübner, 1814)""","""Puerto Rico, Cambalache, 1998, Cambalache National Forest, 7-I-1994, J. Modolell leg."""
L097,438.384,3.18,6.16,15.41,7.37,14.44,3.95,52.88,30.90,36.83,32.35,96.33,113.14,33.05,3,535/792/1001,Nymphalidae,"""Archaeoprepona demophon (L., 1758)""","""Ecuador, Panki (Morona, S.), 200 m, VIII-1993, no loc."""
L098,78.486,1.80,3.74,7.20,3.75,8.63,2.59,41.12,21.48,34.50,25.90,74.37,86.00,17.64,2,5344/5345,Nymphalidae,"""Consul fabius (Cramer, 1779)""","""Colombia, Boyacá, Otanche, X-2015"""
L099,43.30,1.45,3.63,7.00,3.54,6.09,1.92,27.12,18.59,24.68,18.09,45.25,57.78,14.54,1,6314,Nymphalidae,"""Fountainea venezuelana (Johnson & Comstock, 1941)""","""Venezuela, S. Antonio los Altos, Quebrada Pacheco, 17-X-1988, J. Modolell leg."""
L100,137.646,1.73,5.00,10.13,4.42,13.27,2.14,73.08,39.81,53.81,39.39,125.24,150.58,25.15,2,813/836,Nymphalidae,"""Morpho anaxibia (Esper, 1801)""","""No data (America), French Guiana, no date"""
L101,181.264,2.09,4.77,9.77,4.70,10.87,2.66,61.71,38.16,50.79,42.38,100.52,128.14,22.74,4,7330/7331/7346/7347,Nymphalidae,"""Morpho helenor (Cramer, 1776)""","""Colombia, Otanche, V-2019, Brasil, Pará, Obidos, 11-X-2007"""
L102,251.262,2.10,5.16,12.15,6.74,17.83,5.57,46.70,26.28,32.86,28.76,74.57,100.15,32.09,3,7348/7349/7451,Nymphalidae,"""Brassolis sophorae (L., 1758)""","""Peru, Huanunco, Tingo María, 30-VI-2005"""
L103,152.061,1.89,4.76,10.39,5.16,10.29,3.57,32.68,22.96,27.34,22.36,55.56,70.54,22.58,2,1134/1135,Nymphalidae,"""Opsiphanes cassina Felder, 1862""","""No data (America, from winterhouse, 1993)"""
L104,211.495,2.56,5.44,12.17,5.65,10.10,2.63,56.76,36.77,53.98,41.42,81.64,119.19,24.84,2,7350/7450,Nymphalidae,"""Eryphanis lycomedon (C. Felder & R. Felder, 1862)""","""Ecuador, Tinalandia, Pichincha, 5-III-1996, V. Kroutov leg."""
L105,410.430,1.85,6.79,12.98,5.61,15.50,4.41,72.01,44.73,63.04,53.34,109.45,149.65,30.33,1,302,Nymphalidae,"""Caligo brasiliensis (Felder, 1862)""","""Costa Rica, San José, La Hondura, 1200 m [10 04 N 83 59 W]"""
L106,248.46,3.23,5.78,9.75,4.64,17.34,3.27,60.11,39.48,53.36,45.30,91.01,124.86,30.29,1,2802,Nymphalidae,"""Caligo telamonius (Felder & Felder, 1862)""","""Guatemala (no data)"""
L107,403.30,3.17,6.77,12.26,7.05,14.15,4.18,70.27,46.18,67.30,53.66,115.20,147.59,29.58,1,3811,Nymphalidae,"""Caligo sp. (near teucer/telamonius)""","""Peru, Loreto, 08-2014"""
L108,39.59,1.39,3.08,6.47,3.03,9.95,1.36,28.54,19.38,26.46,19.18,50.77,60.11,17.81,1,2439,Nymphalidae,"""Lethe verma (Kollar, 1844)""","""Vietnam, Lao Cai, Sapa, 2012"""
L109,12.737,1.00,2.51,4.22,2.21,7.06,1.05,21.49,12.11,17.73,13.00,38.17,45.20,12.29,8,1190/1191/5941/5942/5944/5946-5948,Nymphalidae,"""Pararge aegeria (L., 1758)""","""Spain, Ciudad Real, Navas de Estera, 1-VII-2001, A. Jimenez leg., no loc., 1980, Sweden, Stockholm, 1991"""
L110,33.446,1.47,3.38,6.98,3.05,8.57,1.48,26.94,15.55,21.51,17.02,47.85,56.93,17.03,2,6003/6004,Nymphalidae,"""Pararge xiphia (Fabricius, 1775)""","""Portugal, Madeira Island, 1990"""
L111,18.387,1.11,2.53,4.71,2.24,6.85,1.07,24.79,13.62,20.65,14.98,48.24,51.83,12.68,2,1168/1169,Nymphalidae,"""Lopinga achine (L., 1758)""","""Sweden, 9-VII-1983, K.O. Bergmann leg."""
L112,8.212,0.65,2.07,3.55,1.81,5.18,0.97,15.38,9.37,12.07,10.25,27.71,32.58,9.38,3,1336/6348/6366,Nymphalidae,"""Hermeupthychia hermes (Fabricius, 1775)""","""Brasil, 1998?, no data, Belize, Old N highway 6 m. N of Sand Hill, 17-I-1994, Chiquibul Rd., 14-I-1994, J. Modolell leg."""
L113,20.04,1.18,2.35,4.47,2.39,6.88,2.07,22.77,13.22,18.54,14.66,39.19,47.93,12.53,1,6783,Nymphalidae,"""Pareuptychia metaleuca (Boisduval, 1870)""","""Colombia, Valle del Cauca, Cali, Univ. del Valle, 21-I-1986, J. Modolell leg."""
L114,10.51,1.20,2.64,3.97,1.59,5.05,0.97,18.10,11.21,14.45,11.69,32.77,37.79,10.02,1,1166,Nymphalidae,"""Coenonympha iphioides Staudinger, 1870""","""Spain, Guadalajara,  Montejo de la Sierra, 1994"""
L115,5.34,0.62,1.48,2.94,1.33,4.14,0.70,13.73,8.06,10.97,7.98,24.37,28.79,7.69,1,1006,Nymphalidae,"""Coenonympha pamphilus (L., 1758)""","""Spain, Madrid, Manzanares, 1993"""
L116,6.044,1.29,2.10,3.6,1.94,7.05,0.72,20.12,11.33,15.72,11.09,34.97,42.18,11.95,2,2524/2525,Nymphalidae,"""Ragadia sp.""","""Vietnam, Quang Ngai prov., Bato mt., 950 m, IV-2014"""
L117,12.477,1.35,2.12,4.23,2.37,6.85,0.92,19.31,9.69,16.49,11.71,39.76,41.00,12.43,4,6373/6374/7040/7041,Nymphalidae,"""Erebia pandrose (Borkhausen, 1788)""","""Sweden, no loc. (South Sweden), 1990"""
L118,19.934,1.18,2.39,5.26,2.15,7.01,1.09,22.24,12.79,19.29,14.39,41.66,46.63,13.46,2,6005/6006,Nymphalidae,"""Erebia lefebvrei (Boisduval, 1828)""","""Spain, Cantabria, Aliva, VII-1995, E.G.B. leg., no loc. (northern Spain), 1996"""
L119,18.87,1.12,2.49,5.22,2.17,7.98,0.95,18.19,9.62,15.28,12.28,34.20,38.55,14.32,1,6446,Nymphalidae,"""Erebia arvernensis Oberthür, 1808""","""France, Laurenti, 8-VIII-1985, J. Modolell leg."""
L120,18.489,1.00,2.23,4.05,1.72,5.95,0.67,15.64,9.04,13.06,9.54,29.58,33.03,11.00,2,6410/6411,Nymphalidae,"""Homeonympha boisduvalii (Blanchard, 1852)""","""Chile, Puerto Natales, 2-XII-1995, J. Modolell leg."""
L121,12.64,0.88,1.73,4.57,1.73,7.74,1.03,21.55,12.04,18.02,15.44,42.67,44.73,13.19,1,1160,Nymphalidae,"""Aphantopus hyperantus (L., 1758)""","""Spain, Guadalajara,  Montejo de la Sierra, 1993"""
L122,12.564,1.02,2.11,4.13,1.98,6.61,1.61,19.75,11.79,15.99,12.69,35.17,41.49,11.76,2,5022/5023,Nymphalidae,"""Pyronia bathseba (Fabricius, 1793)""","""Spain, Madrid, Alcobendas, 2-VI-2017, E.G.B. leg."""
L123,12.007,0.83,2.03,4.13,1.81,6.27,1.17,17.48,10.74,14.25,11.58,32.84,36.77,11.24,4,1197/1198/1199/5005,Nymphalidae,"""Pyronia cecilia (Vallantin, 1894)""","""Spain, Toledo, Yepes, V/VI/VII-2007, J. Martin & L. Ureña leg., Madrid, Alcobendas, 2-VI-2017, E.G.B. leg."""
L124,24.793,1.31,2.57,5.29,2.46,8.48,1.35,23.60,14.17,19.31,15.97,41.37,49.67,14.78,9,4999/5000/5001/5871-5875/6784,Nymphalidae,"""Maniola jurtina (L., 1758)""","""Spain, Madrid, Alcobendas, 2-VI-2017, San Martín de la Vega, 11-VI-2008, E.G.B. leg., Greece, Crete, Kolymbari, 6-V-1990, J. Modolell leg."""
L125,16.965,0.95,2.44,4.58,2.12,7.32,1.29,19.17,11.84,15.35,11.76,35.73,40.46,12.85,2,6407/6408,Nymphalidae,"""Auca coctei (Guérin-Méneville, 1838)""","""Chile, S.E. Santiago, Cajón del Maipo, San Gabriel, 25-XI-1995, J. Modolell leg."""
L126,13.300,1.11,2.60,4.23,1.99,7.64,1.22,19.98,12.27,16.29,13.94,34.97,41.97,12.98,2,6346/6347,Nymphalidae,"""Calisto nubila Lathy, 1899""","""Puerto Rico, Bosque de Maricao, 6-I-1994, J. Modolell leg."""
L127,22.818,1.43,2.88,5.37,2.07,8.62,1.38,25.71,14.72,20.66,16.34,46.31,53.49,15.35,2,1144/1145,Nymphalidae,"""Melanargia ines (Hofmannsegg, 1804)""","""Spain, Madrid, Colmenar Viejo, 1993"""
L128,44.194,1.51,3.32,6.51,2.44,12.30,1.51,31.27,17.11,24.75,19.49,55.01,64.98,20.33,2,1180/1181,Nymphalidae,"""Melanargia halimede (Ménétriés, 1859)""","""Korea, no data, S.W. Cheong leg."""
L129,29.411,1.91,2.64,5.76,2.51,10.98,1.31,29.03,16.64,22.12,17.61,50.21,60.57,18.63,4,7036-7039,Nymphalidae,"""Melanargia lachesis (Hübner, 1790)""","""Spain, Madrid, Manzanares el Real, VII-1993, E.G.B. leg."""
L130,46.376,1.34,3.18,6.83,3.02,8.03,1.31,30.15,16.95,24.69,18.89,54.18,63.32,16.20,2,5869/5870,Nymphalidae,"""Hipparchia alcyone (D. & Schiff., 1775)""","""Spain, no data"""
L131,52.251,1.76,3.34,7.21,2.98,8.74,1.95,28.32,17.07,23.44,18.03,47.55,59.62,17.71,2,5866/5867,Nymphalidae,"""Chazara briseis (L., 1764)""","""Spain, Teruel, Albarracín, VII-1993"""
L132,35.677,1.43,3.07,5.94,3.01,9.34,1.50,27.62,17.04,22.68,17.16,50.99,58.25,16.71,2,5861/5862,Nymphalidae,"""Satyrus actaea (Esper, 1781)""","""Spain, Guadalajara, Pioz, 28-VI-1983, E.G.B. leg."""
L133,81.293,1.69,3.49,7.49,3.48,11.34,2.20,34.17,18.95,28.61,21.98,61.97,71.83,20.53,5,821/843/1203/7016/7017,Nymphalidae,"""Kanetisa circe (Fabricius, 1775)""","""Spain, Madrid, Casa de Campo, VII-1980, Guadalajara, Brihuega,VIII-1984, Budia, VIII-1984, Ciudad Real, Pueblo Nuevo de Bullaque, 14-VI-2001, A. Jimenez leg."""
L134,23.846,1.00,2.60,4.96,2.51,7.58,1.24,22.32,13.12,18.93,13.71,40.08,47.15,13.55,2,1195/1196,Nymphalidae,"""Arethusana arethusa (D. & Schiff., 1775)""","""Spain, La Coruña, Sierra de Barbanza, 1-VII-1995, Guadalajara, San Andres del Rey, 6-VIII-1980"""
L135,54.789,1.34,3.85,7.12,3.72,9.69,2.71,39.57,21.47,36.37,24.04,69.08,82.86,18.16,1,304,Nymphalidae,"""Pierella hyceta (Hewitson, 1860)""","""Peru, Manu, 1400 m"""
L136,89.043,2.16,4.58,7.82,3.80,14.14,2.03,40.94,25.36,30.63,25.81,70.57,85.69,24.13,2,5279/5280,Nymphalidae,"""Elymnias cybele (C. & R. Felder, 1860)""","""Indonesia, North Maluku, Bacan Island, Labuha area, X-2016, E. Sanjaya leg."""
L137,61.275,1.69,3.72,7.91,2.96,13.02,1.64,37.97,23.19,32.93,24.58,67.44,78.90,22.63,2,6748/7094,Nymphalidae,"""Ethope noirei (Janet,1896)""","""Vietnam, Changbai, Muchangchai, 1700 m., VIII-2018"""
L138,176.02,1.79,4.08,11.19,4.44,16.83,1.98,51.18,31.89,49.70,32.07,90.08,106.80,29.81,1,2370,Nymphalidae,"""Neorina patria Leech, 1891""","""Vietnam, Di Linh mt., Lam Dong, 900 m, X-2013"""
L139,99.143,2.15,4.30,8.75,3.98,13.58,2.19,41.85,27.55,34.14,31.04,71.71,87.70,24.49,2,7566/7593,Nymphalidae,"""Faunis caelestis Monastyrskii & Lang, 2016""","""Vietnam, Hà Giang, V-2020, Dang N.V. leg."""
L140,48.23,1.46,3.96,8.08,3.71,11.70,1.31,33.62,20.28,28.29,24.12,60.84,70.95,21.24,1,3383,Nymphalidae,"""Faunis canens (Fabricius, 1820-1826?)""","""Vietnam, Lam Dong, Di Linh Mt, 900 m, XI-2014"""
L141,74.768,1.05,4.29,8.82,3.77,12.94,2.15,37.83,23.51,32.35,28.96,65.98,79.44,22.82,2,3384/3604,Nymphalidae,"""Faunis sp.""","""Vietnam, Lam Dong, Di Linh Mt, 900 m, XI-2014, Quang Ngai, Mt. Bato, 1200 m, IV-2015, T. Le Luong leg."""
L142,325.572,1.94,5.98,14.09,6.64,18.11,4.16,55.20,35.46,46.41,38.50,97.22,117.04,34.15,2,3313/3381,Nymphalidae,"""Thauria aliris (Westwood, 1858)""","""Vietnam, Lam Dong, Di Linh Mt., 500-900 m, XII-2014"""
L143,155.45,1.75,4.74,10.72,5.69,13.87,3.09,40.19,26.59,32.47,26.08,68.57,86.07,26.34,1,3312,Nymphalidae,"""Discophora timora Westwood, 1850""","""Vietnam, Lam Dong, Di Linh Mt., 900 m, III-2014"""
M001,29.964,1.02,2.32,4.07,3.21,6.75,2.07,17.34,4.71,10.62,4.41,36.87,37.89,11.85,2,807/1276,Thyrididae,"""Marmax hyparchus (Cramer, 1779)""","""Ecuatorial Guinea, Bata, I-1964"""
M002,32.581,1.01,2.67,4.99,3.55,6.35,2.57,11.10,5.00,8.52,5.27,23.97,25.77,12.37,3,4836/4837/4843,Thyrididae,"""Dysodia taprobana (Moore, 1884)""","""Thailand, Pattava, Koh-Larn ist., 28-XI/1-XII-2016, V. Golovizin leg."""
M003,46.79,0.75,2.82,5.16,4.56,6.78,3.29,12.23,5.15,8.66,6.11,26.05,29.02,12.69,1,4517,Thyrididae,"""Dysodia miniata (Walker, 1863)""","""Vietnam, Lam Dong, Lac Duong, Bidoup Nui Ba Natl, Pk, 25-V-2016, Vo Van Nhon leg,"""
M004,44.02,1.19,3.12,5.16,4.47,8.06,3.43,14.45,4.94,9.62,6.59,31.11,33.38,14.42,1,4841,Thyrididae,"""Dysodia sp. A""","""Costa Rica, Monteverde, near Braulio Carillo, 5-V-2013, V. Golovizin leg."""
M005,50.04,0.60,3.22,5.31,4.16,5.84,2.67,11.91,5.87,9.13,6.21,25.57,27.99,11.75,1,7124,Thyrididae,"""Dysodia sp. B""","""Vietnam, Lâm Dông, Dà Lat, IV/V-2019"""
M006,4.584,0.44,1.29,2.91,2.5,4.5,1.4,6.65,2.31,5.17,3.28,14.27,15.81,7.85,1,938,Thyrididae,"""Thyris fenestrella (Scopoli, 1763)""","""Spain, Huesca, Jaca, 1988"""
M007,8.528,0.65,1.43,3.01,2.38,4.84,1.59,8.47,3.04,6.06,3.86,18.02,19.32,8.51,2,4686/4687,Thyrididae,"""Thyris sepulchralis (Guérin, 1832)""","""U.S.A., Ohio, Scioto Co., Shawnees F., Hobey Hollow Trail, 19-IV-1986"""
M008,42.712,0.55,2.88,5.80,4.23,7.35,3.05,15.25,5.33,7.73,5.97,32.11,34.73,13.72,7,2208/7421-7423/7428/7429/7430,Thyrididae,"""Glanycus coendersi Kalis, 1934""","""Malaysia, Sabah, Borneo, Trusmadi Mt., VII-2011, V. Gromenko leg."""
M009,36.659,0.63,2.37,5.19,3.98,6.19,3.28,13.12,4.73,7.07,5.06,27.77,30.22,12.02,3,3520/3727/4491,Thyrididae,"""Glanycus tricolor Moore, 1879""","""Vietnam, Quang Ngai, Mt. Bato, 1200 m, II-2015, Nghe An, Pu Mat mt., 1000 m, V-2015, T. Le Luong leg., Lam Dong, Maria past, VIII-2016, D.N. Van leg."""
M010,13.041,0.74,1.84,3.43,2.33,4.92,1.27,11.21,5.57,8.05,5.65,22.12,24.75,9.10,2,4838/4839,Thyrididae,"""Striglina scitaria (Walker, 1863)""","""Thailand, Pattava, Koh-Larn ist., 1-XII-2016, V. Golovizin leg."""
M011,35.17,1.34,2.98,5.13,3.25,8.97,1.96,17.91,9.09,12.74,9.34,34.35,39.07,15.44,1,6647,Thyrididae,"""Tanyodes rufitibia (Felder, C., Felder, R. & Rogenhofer, 1873)""","""Peru, Loreto, San Regis, I-2017"""
M012,37.076,1.33,2.68,5.28,3.35,10.11,2.02,21.25,8.70,14.47,10.34,41.22,45.86,16.73,2,2681/3738,Thyrididae,"""Herdonia sp. A""","""Vietnam, Da Nang, Ba Na mt. 850 m, III-2014, Quang Ngai, Bato mt., 900 m, V-2015"""
M013,11.96,0.55,1.81,3.28,2.34,6.81,1.16,14.54,5.9,10.23,6.87,26.97,31.42,10.63,1,2985,Thyrididae,"""Herdonia sp. B""","""Indonesia, S. Sumatra, Mt. Dempo, 24-VI-2013"""
M014,45.09,1.20,2.96,7.41,3.70,8.90,2.31,20.39,7.27,12.84,9.30,40.02,44.49,17.53,1,5820,Thyrididae,"""Herdonia sp. C""","""Indonesia, W. Kalimantan, Mt. Bawang (00°53.5'N, 109°22.2E), 245 m, VIII-2017"""
M015,7.843,0.63,1.50,2.89,2.12,5.65,0.90,16.48,6.08,11.06,4.56,30.09,35.09,9.17,2,2240/2241,Thyrididae,"""Siculodinae indet.""","""Thailand, Changwat Chang Mai, Mt. Dol Phahompok, 20 km NW Fang, 2110 m, 4-II-2013, A. Szabó leg."""
M016,133.52,1.18,3.02,7.48,4.22,13.65,4.27,32.01,16.21,21.79,15.41,53.23,68.22,22.23,1,3805,Thyrididae,"""Belonoptera sanguinea Warren, 1905""","""French Guiana, no loc., 2014"""
M017,9.641,0.50,1.89,2.48,2.3,4.96,2.03,14.96,6.14,10.22,6.86,28.19,32.22,7.94,2,4091/4185,Thyrididae,"""Pyrinioides sinuosus (Warren, 1896)""","""Vietnam, Kon Tum, Ngoc Linh, 1900 m, III-2016, L.T. Le leg., Thua Tien Hue, Bach Ma Mt., 1400 m, IV-2016"""
M018,15.946,0.78,2.08,3.45,2.13,7.39,1.52,13.34,6.02,9.33,6.17,26.45,28.81,11.63,3,3050/5706/5789,Thyrididae,"""Mellea tetragonata (Walker, [1863] 1864)""","""Malaysia, Pahang, Genting Highlands, 1700 m, 25-IV-2014, Indonesia, W. Kalimantan, Mt. Bawang (00°53.5'N, 109°22.2E), 245 m, VIII-2017"""
M019,6.14,0.52,1.71,3.44,2.52,5.22,1.54,13.04,6.11,9.12,6.28,22.99,28.68,9.18,1,2767,Thyrididae,"""Rhodoneura argentalis (Walker, 1866)""","""Malaysia, Pahang, Brinchang, 1500m, III/IV-2014, A. Vishnyakov leg."""
M020,18.742,0.55,2.33,4.12,2.55,6.11,1.29,16.51,7.85,11.24,7.95,30.57,35.55,10.79,1,5781,Thyrididae,"""Rhodoneura pudicola (Guenée, 1857)""","""Indonesia, W. Kalimantan, Mt. Bawang (00°53.5'N, 109°22.2E), 245 m, VIII-2017"""
M021,16.165,0.67,2.15,4.01,2.51,7.26,1.44,16.14,7.44,10.43,7.52,29.09,34.79,11.95,2,5898/5899,Thyrididae,"""Rhodoneura sugitanii Matsumura, 1921""","""Vietnam, Kon Tum prov., Dakglei-Dak Man, Thac che, 24-III-2017, V. Golovizin leg."""
M022,47.682,1.21,2.37,4.89,3.13,10.21,3.41,32.93,19.36,24.91,15.53,56.67,68.99,16.30,2,6206/6240,Callidulidae,"""Pterothysanus laticilia Walker, 1854""","""Vietnam, Dong Tien, Binh Thuan, VI-2018, V.N. leg."""
M023,13.387,1.10,2.12,3.72,1.67,6.27,1.38,16.33,9.53,13.13,8.76,30.83,34.34,11.11,2,2881/2882,Callidulidae,"""Callidula sp. A""","""Indonesia, Maluku, W. Seram, Mt. Manusela, 500/1000 m, IV-2014, Arfak, Mybri, 1500 m, VIII-2014"""
M024,12.71,0.86,2.02,4.6,1.78,6.94,1.36,17.96,10.18,16.31,9.61,35.96,37.71,12.41,1,3825,Callidulidae,"""Callidula sp. B (attenuata?)""","""Vietnam, Dai Lao, Bao Loc., Lam Dong, IV-2015, Mr. Van leg."""
M025,23.780,1.25,2.55,4.71,2.18,7.41,1.72,21.07,11.66,17.44,10.51,40.11,44.32,13.37,2,7333/7338,Callidulidae,"""Callidula sp. C""","""Indonesia, Central Sulawesi, Palopo, VI-2018"""
M026,8.188,0.97,1.6,3.50,1.62,5.75,0.95,12.79,7.2,10.97,6.78,23.84,27.20,10.23,2,2954/2955,Callidulidae,"""Callidula waterstradti Holloway, 1998""","""Indonesia, Sumatra, Bandar Baru, III-2012, Mt. Dempo, IV-2013"""
M027,15.525,1.09,2.39,4.15,1.76,6.31,1.22,14.67,7.71,12.25,8.95,26.31,31.11,11.54,1,2958,Callidulidae,"""Comella laetifica (Felder & Felder, 1864)""","""Indonesia, Misol, VII-2011"""
M028,12.681,1.03,1.53,4.27,1.75,6.16,1.13,18.38,11.18,16.78,10.51,35.97,38.52,11.47,5,2426/2427-2429/2430,Callidulidae,"""Pterodecta felderi (Bremer, 1864)""","""China, Guangxi Zhuang, 2012"""
M029,28.580,1.06,2.15,4.65,2.35,6.11,1.53,18.62,12.62,17.91,11.55,25.77,39.59,11.82,2,2990/3839,Callidulidae,"""Tetragonus catamitus Geyer, 1832""","""Indonesia, Maluku, W. Seram, Mt. Manusela, 500/1000 m, IV-2014, Vietnam, Nghe An, Pu Mat mt., 1000 m, V-2015"""
M030,2.115,0.68,1.05,1.53,1.63,4.01,0.79,7.43,1.61,8.35,5.97,15.77,16.5,6.21,2,138/730,Alucitidae,"""Alucita sp. A""","""Spain, Guadalajara, Durón, 27-V-2012"""
M031,1.071,0.62,1.11,2.02,1.41,4.22,0.96,9.25,2.81,8.31,5.21,19.82,19.91,6.84,1,2088,Alucitidae,"""Alucita sp. B""","""Spain, Granada, Sierra Nevada"""
M032,1.15,0.59,0.91,1.66,1.16,2.17,0.66,6.98,4.30,5.11,3.09,13.32,15.12,4.43,1,5386,Alucitidae,"""Alucita sp. C (cf. debilella Scholz & Jäckh, 1994)""","""Spain, Guadalajara, Durón, 730 m, 7-X-2017, E.G.B. leg."""
M033,0.880,0.30,0.91,1.30,1.15,3.12,0.53,6.90,2.08,5.91,2.59,14.92,14.96,4.73,3,2654/3686/3687,Epermeniidae,"""Epermenia (Calotripis) sp. (strictella, aequidentella?) ""","""Spain, Guadalajara, Durón, 730 m, 7-V-2014, 3-V-2015, 18-V-2015, E.G.B. leg."""
M034,0.509,0.24,0.63,1.08,0.82,2.06,0.47,4.61,1.36,4.10,1.71,9.91,10.02,3.39,5,3663-3665/6910/6913,Epermeniidae,"""Epermenia (Epermenia) ochreomaculella (Millière, 1854)""","""Spain, Guadalajara, Durón, 7-VII-2015, 6-VI-2019, E.G.B. leg."""
M035,1.083,0.36,0.86,1.60,1.15,3.11,0.72,7.57,2.33,6.45,2.83,15.84,16.31,5.08,11,3679/3680/6012-6020,Epermeniidae,"""Epermenia (Epermenia) pontificella (Hübner, 1796)""","""Spain, Guadalajara, Durón, 18-VI-2015, Escamilla, 1040 m, 21-V-2018, E.G.B. leg."""
M036,0.571,0.30,0.80,1.29,1.11,2.57,0.67,6.00,1.13,5.11,2.45,13.33,13.11,4.16,4,77/113/698/2813,Epermeniidae,"""Ochromolopis ictella (Hübner, 1813)""","""Spain, Guadalajara, Durón, 10-VI-2012"""
M037,0.661,0.37,0.69,1.24,0.88,2.31,0.57,5.82,1.37,5.15,2.45,12.66,12.53,3.93,3,134/717/726,Epermeniidae,"""Ochromolopis staintonellus (Millpère, 1869)""","""Spain, Huesca (no loc.), 2012"""
M038,1.247,0.40,0.75,1.72,0.98,6.32,0.50,9.73,1.67,7.43,2.27,19.32,20.46,8.45,6,7495-7500,Pterophoridae,"""Agdistis sp.""","""Russia, E. Siberia, Buryatia, Ivolginskiyi distr., near Ivolginsk, 600 m, 3-VIII-2017, A. Filippov leg."""
M039,4.06,0.63,1.39,2.35,1.45,8.99,0.91,11.6,2.03,9.99,3.42,25.3,24.65,11.97,1,3971,Pterophoridae,"""Agdistis tamaricis (Zeller, 1847)""","""Spain, Alicante, El Arenal, 4-IV-2015"""
M040,1.056,0.59,0.89,1.71,1.14,5.43,0.46,9.15,1.08,7.51,2.63,18.06,19.45,7.75,2,2043/4666,Pterophoridae,"""Amblyptilia acanthodactyla (Hübner, 1813)""","""Spain, Madrid, Cantoblanco, 14-V-2015, Guadalajara, Durón, IX-2013, E.G.B. leg."""
M041,1.484,0.43,0.90,1.85,0.98,5.57,0.56,10.19,1.54,8.12,2.21,19.18,21.37,7.87,2,6942/6943,Pterophoridae,"""Amblyptilia punctidactyla (Haworth, 1811)""","""Russia, Altai mts., Ongudai, 25 Km NW Tuekta, seminski pass, 1540 m, 51°0'54.88''N, 85°2'29.10''E, 30-VIII-2018, Kazakhstan, Katon-Karagai, Tarbagatai mt. ridge, Burkhat Pass, 2009 m, 27/28-VI-2018, 50°14'23.64''N, 86°2'29.10''E, S.A. Knyazev leg."""
M042,1.554,0.46,0.92,2.16,1.22,4.51,0.67,10.41,1.61,7.80,2.33,20.10,22.05,7.14,2,6918/6932,Pterophoridae,"""Cnaemidophorus rhododactyla (D. & Schiff., 1775)""","""Spain, Guadalajara, Durón, 23-VI-2019, E.G.B. leg."""
M043,0.741,0.31,0.64,1.16,0.87,3.29,0.48,6.47,1.31,4.73,1.26,12.68,13.81,4.76,1,3895,Pterophoridae,"""Lantanophaga pusillidactylus (Walker, 1864)""","""Spain, Alicante, 2 m, 30-12-2015, E.G.B. leg."""
M044,3.625,0.32,1.11,2.80,1.49,7.96,0.66,13.06,1.94,9.84,3.68,27.73,27.61,11.09,2,6940/6941,Pterophoridae,"""Paraplatyptilia metzneri (Zeller, 1841)""","""Russia, Altai Mts., Kosh-Agaschky distr., 4 lm W Kurai vill., 1630 m, 50°14'23.64''N, 87°52'1.32''E, 17/18-VII-2016, S.A. Knyazev leg."""
M045,1.786,0.54,0.90,1.90,0.90,6.49,0.56,11.47,1.65,8.98,3.61,23.32,23.84,8.94,2,5838/5523,Pterophoridae,"""Paraplatyptilia sp.""","""U.S.A., Colorado, Summit Co., Boston Mine, 8-IV-1985"""
M046,0.891,0.18,0.76,1.42,0.78,4.35,0.47,6.09,0.91,4.92,1.53,12.51,12.96,5.96,2,7512/7518,Pterophoridae,"""Stenoptilodes taprobanes (Felder & Rogenhofer, 1875)""","""Spain, Alicante, Urbanova, 1-VII-2020, E.G.B. leg."""
M047,2.323,0.62,0.94,2.00,1.43,4.51,0.80,10.73,1.27,8.40,3.07,20.53,22.90,7.14,2,2046/3605,Pterophoridae,"""Calyciphora sp. A (cf. adamas)""","""Spain, Guadalajara, Durón, VI-1982"""
M048,2.206,0.65,1.01,1.77,1.49,5.98,0.60,11.57,1.70,9.36,3.74,21.33,24.64,8.42,1,2047,Pterophoridae,"""Calyciphora sp. B (cf. albodactylus)""","""Spain, Guadalajara, Durón, VIII-2013"""
M049,1.336,0.36,0.89,1.81,1.08,4.57,0.62,10.29,1.48,8.70,3.24,19.78,21.66,6.75,4,6008/6035/6893/6894,Pterophoridae,"""Merrifieldia leucodactyla (Hübner, 1805)""","""Spain, Guadalajara, Escamilla, 1040 m, 21-V-2018, 6-VI-2019, E.G.B. leg."""
M050,1.181,0.46,0.84,1.74,1.18,5.41,0.54,8.96,1.56,8.25,3.46,18.90,19.11,7.61,4,119/120/721/722,Pterophoridae,"""Merrifieldia sp.""","""Spain, Guadalajara, Durón, 3-VI-2012"""
M051,1.193,0.31,0.68,1.25,1.07,3.93,0.49,7.90,1.02,6.56,2.84,15.96,16.87,5.49,3,515/776/4669,Pterophoridae,"""Merrifieldia tridactyla (L., 1758)""","""Spain, Madrid, Aranjuez, 6-V-1994, JCIF det., Guadalajara, Durón, 730 m, 1-VI-2014, E.G.B. leg."""
M052,3.215,0.39,1.15,2.35,1.42,6.65,0.83,11.85,1.85,9.47,3.36,24.67,25.14,9.40,2,4211/4220,Pterophoridae,"""Tabulaephorus punctinervis (Constant, 1885)""","""Spain, Alicante, 3 m, 12-VI-2016, E.G.B. leg."""
M053,2.504,0.56,0.98,2.06,0.94,5.96,0.53,12.09,2.49,9.61,3.46,23.17,25.13,8.59,2,5837/5522,Pterophoridae,"""Oidematophorus eupatorii (Fernald, 1891)""","""U.S.A., Colorado, Summit Co., Boston Mine, 8-IV-1985"""
M054,1.52,0.38,0.89,2.2,1.34,5.45,0.46,10.23,1.48,8.73,3.71,21.58,21.8,8.03,1,4671,Pterophoridae,"""Oidaematophorus sp.""","""Spain, Castellón, Segorbe, 3-IV-2015, E.G.B. leg."""
M055,1.259,0.38,0.85,1.69,1.07,5.68,0.59,10.19,1.39,8.50,3.09,20.10,21.47,7.76,4,4300/4443/4672/4673,Pterophoridae,"""Emmelina monodactyla (L., 1758)""","""Spain, Zaragoza, Juslibol, 1988, G.E. King leg. , Alicante, Urbanova, 3 m, 22-X-2016, E.G.B. leg,"""
M056,2.417,0.54,0.97,2.10,1.37,4.17,0.74,11.95,1.29,8.99,4.12,21.59,25.28,6.81,1,137,Pterophoridae,"""Gypsochares sp.""","""Spain, Guadalajara, Durón, 27-V-2012"""
M057,6.555,0.47,1.66,3.14,2.05,11.22,1.32,16.42,2.86,12.77,4.60,31.17,34.9,14.83,2,3939/3940,Pterophoridae,"""Hellinsia balanotes (Meyrick, 1908)""","""U.S.A., Louisiana, Abita Springs, V-2015"""
M058,1.114,0.30,0.90,1.62,1.09,5.03,0.50,9.62,1.25,7.97,2.64,19.02,20.33,6.96,6,4293/2044/4349/4457,Pterophoridae,"""Stenoptilia coprodactylus (Stainton, 1851)""","""Spain, Zaragoza, 1988, Guadalajara, Budia, 950 m, VIII-2016, Durón, 730 m, X-2016, E.G.B. leg."""
M059,1.712,0.41,1.04,3.12,1.23,6.68,0.69,12.23,1.66,9.72,3.67,24.83,25.69,10.21,1,4374,Pterophoridae,"""Stenoptilia sp.""","""France, no data"""
M060,1.415,0.40,0.82,1.54,1.04,4.18,0.60,8.06,1.07,6.22,1.87,16.39,17.18,6.14,6,2045/4303/4304/4351/4352/4674,Pterophoridae,"""Crombrugghia distans (Zeller, 1847)""","""Spain, Madrid, Valdelatas, 13-VII-2016, Guadalajara, Durón, III-1983, Budia, 950 m, VIII-2016, E.G.B. leg,"""
M061,1.537,0.30,0.79,1.58,0.92,3.80,0.56,8.10,1.06,6.38,2.25,15.45,17.12,5.69,4,2763/4665/4667/4668,Pterophoridae,"""Oxyptilus sp.""","""Spain, Guadalajara, Durón, 3/10-V-2014, 3-V-2015, E.G.B. leg."""
M062,1.385,0.36,0.85,1.43,1.08,4.59,0.54,8.38,1.62,6.51,2.65,17.5,17.84,6.38,1,4530,Pterophoridae,"""Geina sp.""","""U.S.A., Washington DC, Rock Creek Park, 30-V-2002"""
M063,2.395,0.71,1.19,2.20,1.64,3.57,0.84,7.96,2.42,6.52,3.20,16.98,17.58,6.49,1,7728,Carposinoidea,"""Carposina scirrhosella (Herrich-Schäffer, 1854)""","""Romania, no loc,, VIII-2001"""
N001,0.257,0.24,0.56,0.91,0.67,1.48,0.39,4.03,0.98,3.49,1.59,8.68,8.74,2.63,7,2660/3756/4009/4010/4199/4201/4202,Momphidae,"""Mompha (Lophoptilus) miscella (D. & Schiff., 1775)""","""Spain, Guadalajara, Durón, 10-V-2014, 15-V-2016, E.G.B. leg."""
N002,1.638,0.29,0.77,1.52,1.39,3.09,0.84,6.1,1.50,5.43,2.33,12.97,13.59,4.91,4,2036/3163/4878/4879,Momphidae,"""Mompha jurasicella (Frey, 1881)""","""Spain, Guadalajara, Durón, IX-2013, 15-IV-2014, E.G.B. leg."""
N003,0.848,0.26,0.72,1.22,1.41,2.23,0.67,6.28,1.36,5.19,2.32,13.63,13.97,3.71,1,2721,Blastobasidae,"""Blastobasis magna Amsel, 1952""","""Spain, Guadalajara, Durón, 725 m., VI-2014"""
N004,0.870,0.25,0.77,1.17,1.15,2.11,0.78,6.45,1.27,5.37,2.10,13.84,14.06,3.54,5,74/695/2708/2912/2713,Blastobasidae,"""Blastobasis phycidella (Zeller, 1839)""","""Spain, Guadalajara, Durón, 725 m., VI-1983, 14-VI-2014"""
N005,1.257,0.22,0.83,1.57,1.41,2.59,0.82,7.24,1.59,6.14,2.74,15.73,15.91,4.38,4,2910/2911/6892/6906,Blastobasidae,"""Hypatopa segnella (Zeller, 1873)""","""Spain, Guadalajara, Durón, 20-VIII-2014, 8-VI-2019, E.G.B. leg"""
N006,57.546,1.27,2.98,5.66,4.73,11.68,3.35,19.51,4.35,16.06,5.35,42.1,43.76,18.61,3,3517/3518/2463,Ashinagidae,"""Ashinaga longimana Matsumura, 1929""","""Vietnam, Quang Ngai, Mt. Bato, 1200 m, II/III-2015, 950 m, IV-2014, T. Le Luong leg. """
N007,26.795,1.03,2.59,5.16,3.84,10.19,2.7,16.68,4.02,14.17,6.15,36.04,37.2,16.38,1,3736,Ashinagidae,"""Casmara sp. A (cf. C. agronoma)""","""Vietnam, Quang Ngai, Bato mt., 900 m, V-2015"""
N008,26.529,1.03,2.93,5.01,4.15,11.03,2.79,22.3,5.74,17.79,7.09,47.46,48.75,17.08,2,3730/4518,Ashinagidae,"""Casmara sp. B (cf. calshoveni)""","""Vietnam, Nghe An, Pu Mat mt., 1000 m, V-2015, Lam Dong, Lac Duong, Bidoup Nui Ba Natl, Pk, 5-VII-2016, Vo Van Nhon leg,"""
N009,12.491,0.79,1.73,3.54,2.46,7.74,2.01,16.81,4.12,13.97,5.57,35.16,36.08,12.08,2,5958/5998,Ashinagidae,"""Casmara sp. C""","""Vietnam, Quang Nam, Tay Giang, Axan mt., 1300 m, II-2018, T. Le Luong leg."""
N010,10.03,0.69,1.73,3.56,2.66,6.17,1.35,13.22,2.66,10.58,3.64,29.05,29.15,10.42,1,4180,Stathmopodidae,"""Atkinsonia sp.""","""Vietnam, Thua Tien Hue, Bach Ma Mt., 1400 m, IV-2016"""
N011,1.815,0.34,1.07,1.86,1.44,2.79,0.73,7.99,1.83,7.13,3.37,17.36,17.42,5.00,9,2663/2875/3981-3983/5151/6896/6897/6904,Scythrididae,"""Enolmis acantella (Godart, 1824)""","""Spain, Guadalajara, Durón, 730 m, VII-VIII-2014, 7-VI-2015, 6-VI-2019, Madrid, Miraflores, La Morcuera, 1775 m, 13-VII-2017, E.G.B. leg."""
N012,1.742,0.39,1.00,1.76,1.52,2.77,0.66,7.68,1.80,6.53,3.08,16.93,16.90,4.93,2,2053/2083,Scythrididae,"""Enolmis sp. (cf. acanthella/agenjoi)""","""Spain, Guadalajara, Durón, IX-2013"""
N013,0.840,0.34,0.77,1.38,1.07,2.24,0.88,5.41,1.18,4.60,2.02,11.35,11.89,3.96,2,5154/6166,Scythrididae,"""Scythris ridiculella Caradja, 1920""","""Spain, Madrid, Miraflores, La Morcuera, 1775 m, 13-VII-2017, Teruel, Puerto del Portillo, 1790 m, 18-VII-2018, E.G.B. leg."""
N014,0.985,0.33,0.76,1.26,1.01,1.84,0.86,4.76,1.04,4.13,1.93,10.41,10.53,3.44,12,5028-5037/5152/5153,Scythrididae,"""Scythris potentillella (Zeller, 1847)""","""Spain, Madrid, Alcobendas, 9-VI-2017, Miraflores, La Morcuera, 1775 m, 13-VII-2017, E.G.B. leg."""
N015,0.867,0.35,0.86,1.43,1.07,1.92,1.04,5.04,1.19,4.25,1.98,11.07,11.16,3.65,3,5176/6138/6139,Scythrididae,"""Scythris sp. near potentillella""","""Spain, Madrid, Rascafría, 1800 m., 24-VII-2017,  26-VI-2018, E.G.B. leg."""
N016,1.196,0.28,0.75,1.44,1.09,2.88,0.66,5.92,1.26,5.34,2.63,13.77,12.95,4.62,9,78/699/3983/3692/3741/4312/6936/6937/6968,Scythrididae,"""Scythris dissimilella (Herrich-Schäffer, 1855)""","""Spain, Guadalajara, Durón, 1989, 27-VI-2014, 4-VI-2015, 24-VII-2016, 7-VII-2019, E.G.B. leg."""
N017,0.727,0.36,0.88,1.46,1.21,2.89,0.69,6.58,1.45,5.53,2.38,14.08,14.39,4.72,6,2035/1121/1122/2025/2029/3985,Scythrididae,"""Scythris limbella (Fabricius, 1775)""","""Spain, Guadalajara, Durón, IX-2012, IX-2013, IX-2015"""
N018,1.075,0.26,0.61,1.24,1.15,2.17,0.60,7.01,1.64,6.55,3.10,16.46,15.17,3.68,1,5075,Scythrididae,"""Scythris lampyrella (Constant, 1865)""","""Spain, Huesca, Broto, Valle de Bujaruelo, 30-VII-2016"""
N019,1.294,0.27,0.86,1.47,1.24,2.48,0.69,6.37,1.43,5.34,2.50,13.61,13.99,4.23,3,5062/5076/6966,Scythrididae,"""Scythris gratiosella Jäckh, 1978""","""Spain, Cáceres, Guadalupe, 1000 m., 25-V-2017K, Guadalajara, Durón, 18-VI-2017, E.G.B. leg."""
N020,0.748,0.29,0.74,1.30,1.02,2.29,0.53,6.46,1.45,5.68,2.75,13.80,13.95,3.89,14,852/881/876/2650/2651/3690/3691/4266-4271/4273/5109/6938,Scythrididae,"""Scythris scopolella (L., 1767)""","""Spain,  Madrid, Valdelatas, 26-VI-2015, Guadalajara, Durón, VII-1981, 28-VI-2015, VII-2016, 14-VII-2019, E.G.B. leg."""
N021,1.037,0.31,0.94,1.64,1.20,2.22,0.81,6.20,1.49,5.34,2.22,13.16,13.60,4.17,2,6085/6089,Scythrididae,"""Scythris clavella (Zeller, 1855)""","""Spain, Madrid, Alcobendas, 6-VI-2018, E.G.B. leg."""
N022,1.119,0.39,0.89,1.50,1.22,2.46,0.72,6.42,1.52,5.64,2.69,13.77,14.08,4.36,15,3742-3745/4135/4136/4189-4191/4901-4904/6849/7666,Scythrididae,"""Scythris villari Agenjo, 1971""","""Spain, Madrid, Cantoblanco-Valdelatas, 6-IV-2015, V-2016, 30-IV-2019, 17-V-2021, E.G.B. leg."""
N023,0.517,0.26,0.65,1.14,1.00,2.13,0.55,5.75,1.10,5.12,2.54,12.46,12.52,3.54,3,3161/3162/3984,Scythrididae,"""Scythris tributella (Zeller, 1847)""","""Spain, Madrid, Miraflores de la Sierra, VII-1990, no loc., VIII-1982"""
N024,4.515,0.63,1.38,2.09,2.10,4.64,1.37,10.04,2.97,8.39,4.31,22.33,22.18,7.36,1,132,Depressaridae,"""Depressaria (Depressaria) sp. A (cf. douglasella / chaerophylli)""","""Spain, Guadalajara, Durón, 27-V-2012"""
N025,6.077,0.49,1.39,2.21,2.29,5.81,1.93,10.34,3.01,9.2,4.02,22.21,22.97,8.51,1,5376,Depressariidae,"""Depressaria (Depressaria) pseudobadiella Nel, 2011""","""Spain, Guadalajara, Durón, 730 m, 23-IX-2017, E.G.B. leg."""
N026,2.29,0.49,1.15,1.96,1.46,3.45,0.99,7.93,2.19,6.82,3.08,16.98,17.32,5.9,1,5302,Depressaridae,"""Depressaria (Depressaria) silesiaca Heinemann, 1870""","""Norway, Bergen, 20 m, 22-VIII-2017, E.G.B. leg."""
N027,7.90,0.66,1.75,2.28,2.66,5.96,1.99,10.48,3.29,9.84,4.66,21.39,23.63,8.92,1,2041,Depressaridae,"""Depressaria (Hasenfussia) sp. B (cf. erinaceella / hirtipalpis)""","""Spain, Guadalajara, Durón, IX-2013"""
N028,2.406,0.27,1.09,1.94,1.77,3.82,1.17,7.80,2.07,6.9,3.52,16.59,17.38,6.04,2,855/879,Depressaridae,"""Exaeretia (Depressariodes) lutosella (Herrich-Schäffer, 1854)""","""Spain, Guadalajara, Durón, III-1983"""
N029,4.686,0.64,1.38,2.54,1.82,4.61,1.40,11.20,3.25,9.74,4.62,24.20,24.24,7.80,2,7699/7700,Depressaridae,"""Agonopteryx umbellana (Fabricius, 1794)""","""Spain, Madrid, puerto de Malagón, 13-VIII-2009, San Lorenzo del Escorial, 13-VIII-2009C. Gómez de Aizpurua leg."""
N030,2.770,0.37,1.04,1.65,1.48,4.13,1.05,8.31,2.44,7.03,3.51,17.49,18.12,6.16,2,2849/4298,Depressaridae,"""Agonopterix alstromeriana (Clerck, 1759)""","""Spain, Guadalajara, Durón, 27-VII-2014, 9-VII-2016"""
N031,5.445,0.52,1.41,2.57,2.5,5.27,1.23,10.91,3.18,9.69,5.1,23.66,24.32,8.36,1,2401,Depressaridae,"""Agonopterix rutana (Fabricius, 1794)""","""Spain, Guadalajara, Durón, II-2014"""
N032,2.87,0.65,1.36,2.63,1.99,4.56,1.3,9.18,2.78,7.94,3.53,20.33,20.35,7.84,1,1015,Depressaridae,"""Agonopterix sp. A""","""Spain, Guadalajara, Durón, 28-I-2013"""
N033,4.537,0.41,1.33,2.32,2.06,4.38,1.14,9.45,2.98,8.20,4.21,20.76,20.96,7.12,3,2871/320/2547,Depressaridae,"""Agonopterix sp. B""","""Spain, Guadalajara, Durón, 25-IX-2014, 22-VI-2014, 20-IX-2015"""
N034,3.115,0.41,1.26,2.20,1.73,4.32,1.19,9.32,2.76,8.35,3.81,20.24,20.39,6.94,7,3332-3334/5542-5545,Depressaridae,"""Agonopterix sp. C (cf. asimilella Treitschke, 1832)""","""Spain, Madrid, Cotos de Monterrey, 21-II-1999, Miraflores de la Sierra, 29-VII/3-VIII-2000"""
N035,1.83,0.3,1.27,2.02,1.9,3.84,1.04,8.34,2.56,7.6,3.69,18.66,18.58,6.16,1,3896,Depressariidae,"""Agonopterix sp. cf. chironiella (Constant, 1893)""","""Spain, Alicante, Cox, 28-12-2015, E, García-Barros leg,"""
N036,4.042,0.61,1.34,2.19,1.74,4.77,1.23,9.21,2.84,8.24,3.93,19.77,20.17,7.58,2,4262/4263,Depressariidae,"""Agonopterix sp. D (cf. ferulae  / purpurea)""","""Spain, Guadalajara, Durón, 2-VII-2016, E, García-Barros leg,"""
N037,2.584,0.50,1.63,2.31,1.48,2.73,1.22,8.62,3.62,7.24,3.76,17.8,18.72,5.55,1,5936,Depressariidae,"""Gonionota insulana Clarke, 1968""","""Rep. Dominicana, La Vega prov., near Constanza, 14-XII-2017, V. Golovizin leg."""
N038,3.565,0.61,1.45,2.68,1.72,3.85,0.79,9.48,4.38,7.99,4.65,19.36,20.69,7.15,4,5903/5905/5906/7464,Depressariidae,"""Gonionota rosacea (Forbes, 1931)""","""Rep. Dominicana, La Vega prov., near Constanza, 13/19-XII-2017, 24-VIII-2019, V. Golovizin leg."""
N039,0.544,0.24,0.81,1.20,0.93,2.45,0.66,5.79,1.66,4.98,2.55,12.37,12.52,3.91,3,2554/2555/2933,Peleopodidae,"""Odites kollarella (O. Costa, 1832)""","""Spain, Guadalajara, Durón, 22-VI-2014"""
N040,0.602,0.35,0.71,1.24,0.92,2.24,0.61,6.56,1.82,5.42,2.62,13.6,14.05,3.83,2,2652/3898,Lypusidae,"""Agnoea (Agnoea) filiella (Staudinger, 1859)""","""Spain, Guadalajara, Durón, 730 m, 8-VI-2015, E.G.B. leg."""
N041,5.012,0.78,1.71,2.65,2.50,6.83,1.71,14.61,4.27,11.94,6.07,30.60,31.73,10.27,2,1331/3954,Lypusidae,"""Diurnea fagella (D. & Schiff., 1775)""","""Spain, Guadalajara, Durón, 8-III-1983, 12-III-2016, E.G.B. leg."""
N042,1.650,0.51,0.67,1.57,1.43,2.73,0.62,7.92,1.79,6.65,2.42,17.57,17.27,4.82,2,858/875,Oecophoridae,"""Batia lunaris (Haworth, 1828)""","""Spain, Guadalajara, Durón, IX-1982"""
N043,1.095,0.35,0.8,1.53,1.15,2.34,0.69,5.84,1.86,4.92,2.51,12.77,12.85,4.23,4,5129/5162/5164/6135,Oecophoridae,"""Dasycera oliviella (Fabricius, 1794)""","""Spain, Madrid, Rascafría, 11-VII-2017, 21-VI-2018, E.G.B. leg."""
N044,1.146,0.36,0.80,1.61,1.16,3.36,0.64,6.66,1.74,5.29,2.7,13.98,14.49,5.34,2,7717/7718,Oecophoridae,"""Epicallima formosella (D. & Schiff., 1775)""","""Spain, Guadalajara, Durón, 18-VII-2021, E.G.B. leg."""
N045,0.816,0.34,0.87,1.38,1.11,2.32,0.73,7.15,1.74,5.98,2.60,15.29,15.42,4.04,5,2658/3899/4264/6021/6033,Oecophoridae,"""Kasyniana griseosericeella (Ragonot, 1879) or Blastobasis""","""Spain, Guadalajara, Durón, 730 m, 7-V-2014, 2-VII-2016, Cuenca, 1984, Escamilla, 1040 m, 21-V-2018, E.G.B. leg."""
N046,0.923,0.45,0.90,1.51,1.16,2.69,0.64,7.24,1.75,6.18,2.63,15.65,15.65,4.66,2,5079/5121,Oecophoridae,"""Aplota palpella (Haworth, 1828)""","""Spain, Burgos, Temiño, 20-VI-2017, E.G.B. leg."""
N047,0.786,0.41,0.84,1.52,1.25,2.58,0.73,7.76,1.72,6.42,2.84,16.36,16.77,4.52,14,104-106/150/176/709-711/735/750/160/161/727/742/743,Oecophoridae,"""Minetia sp.""","""Spain, Guadalajara, Durón, V-2012, 3-VI-2012"""
N048,0.766,0.43,0.90,1.46,1.30,2.75,0.66,8.06,1.99,6.76,3.08,17.21,17.43,4.65,2,2016/2031,Oecophoridae,"""Pleurota cf. gallicella (Huermer & Luquet, 1995)""","""Spain, Guadalajara, Durón, IX-2013"""
N049,1.204,0.29,0.99,1.36,1.10,2.86,0.79,7.71,1.76,6.41,3.04,15.92,16.54,4.52,1,4297,Oecophoridae,"""Pleurota cf. planella (Staudinger, 1859)""","""Spain, Guadalajara, Durón, 730 m., 9-VII-2016, E.G.B. leg."""
N050,0.345,0.24,0.56,0.96,0.65,1.86,0.46,5.21,0.97,4.29,1.74,10.82,11.07,3.06,1,5044,Oecophoridae,"""Pleurota ericella (Duponchel, 1839)""","""Spain, Madrid, Alcobendas, 9-VI-2017, E.G.B. leg."""
N051,2.036,0.41,1.03,1.89,1.46,3.91,0.96,9.28,2.56,7.97,3.75,19.29,20.04,6.23,3,2562/2563/5008,Oecophoridae,"""Pleurota honorella (Hübner, 1813)""","""Spain, Madrid, Valdelatas, 5-VI-2014, Cantoblanco, 3-VI-2017, E.G.B. leg."""
N052,0.474,0.32,0.73,1.51,1.10,2.05,0.53,6.89,1.38,6.05,2.52,14.66,14.89,3.89,7,103/108/118/130/708/713/720/723,Oecophoridae,"""Pleurota marginella""","""Spain, Guadalajara, Durón, 3-VI-2012"""
N053,4.695,0.78,1.36,2.52,1.77,5.43,1.23,12.26,2.97,9.72,4.45,24.12,26.29,8.74,2,2860/2861,Oecophoridae,"""Pleurota pyropella (D. & Schiff., 1775)""","""Hungary, 5 km N Bugak, 23-VI-2014, A. Szabó leg."""
N054,2.964,0.35,0.90,2.06,1.72,4.07,1.02,10.40,2.48,8.25,3.68,22.40,22.53,6.50,8,6167/117/107/174/175/712/719/748/749,Oecophoridae,"""Pleurota sobriella (Staudinger, 1859)""","""Spain, Teruel, Puerto del Portillo, 1790 m, 18-VII-2018, Guadalajara, Durón, VI-2012, E.G.B. leg."""
N055,39.248,0.6,3.06,5.68,4.60,10.46,2.80,17.96,5.39,16.45,9.89,39.60,40.52,16.74,2,3728/3729,Xylorictidae,"""Thymiatris sp. (cf. allocrossa)""","""Vietnam, Quang Ngai, Bato mt., 900 m, V-2015"""
N056,0.923,0.28,0.79,1.50,1.41,3.01,0.68,7.43,1.77,5.98,3.02,14.87,16.27,4.81,3,854/878/2030,Lecithoceridae,"""Eurodachtha canigella (Caradja, 1920)""","""Spain, Guadalajara, Durón, VII-1981"""
N057,0.79,0.48,0.78,1.18,1.08,2.79,0.75,7.59,2.14,6.19,3.08,16.11,16.26,4.45,1,2667,Lecithoceridae,"""Eurodachtha pallicornella (Staudinger, 1859) / flavisimella?""","""Spain, Guadalajara, Durón, 730 m, 14-VI-2014"""
N058,1.737,0.52,1.00,1.67,1.49,3.85,0.73,8.01,2.17,6.94,3.52,17.03,17.51,6.04,2,2616/2617,Lecithoceridae,"""Eurodachtha sp.""","""Spain, Guadalajara, Durón, 730 m, 8-VI-2014"""
N059,0.869,0.38,0.81,1.44,0.82,2.83,0.57,6.46,1.28,5.7,1.91,13.59,13.74,4.65,1,5218,Autostichidae,"""Arragonia punctivitellus (Zerny, 1927)""","""Spain, Guadalajara, Durón, 730 m., IX-2016"""
N060,0.331,0.31,0.61,1.03,0.82,1.93,0.48,4.63,1.08,3.96,1.62,10.00,10.08,3.28,6,2578/2579/2704/2705/2917/2918,Autostichidae,"""Apatema sp. A""","""Spain, Guadalajara, Durón, 725 m., 2014, 27-VII-2014"""
N061,0.161,0.19,0.42,0.69,0.68,1.48,0.44,3.58,0.85,3.27,1.30,7.59,7.84,2.36,2,2642/2643,Autostichidae,"""Apatema sp. B""","""Spain, Guadalajara, Durón, 725 m., 2014"""
N062,0.534,0.39,0.86,1.13,0.95,2.13,0.51,4.89,1.00,4.71,1.86,11.63,10.73,3.66,2,583/607/2543,Autostichidae,"""Oegoconia sp.""","""Spain, Guadalajara, Durón, IX-2012"""
N063,2.053,0.50,1.24,2.04,1.52,4.50,1.12,7.95,1.99,7.08,3.49,17.32,17.44,7.05,3,75/696/2546,Autostichidae,"""Stibaromacha ratella (Herrich-Schäffer, 1854)""","""Spain, Guadalajara, Durón, VI-1984, VI-2014"""
N064,1.028,0.29,0.97,1.61,1.32,2.68,0.89,6.97,1.83,5.94,2.99,14.89,15.28,4.59,3,2552/2606/6159,Autostichidae,"""Symmoca signatella (Herrich-Schäffer, 1854)""","""Spain, Guadalajara, Durón, 730 m, VI-2014, 8-VII-2018, E.G.B. leg."""
N065,1.964,0.47,1.10,1.94,1.62,4.24,1.05,9.42,3.01,7.70,3.93,19.80,20.46,6.67,4,4051/4053/4120/4121,Autostichidae,"""Symmoca signella (HÜbner, 1796)""","""Spain, Alicante, El Saladar, 24-III-2016, E.G.B. leg."""
N066,1.356,0.47,1.13,1.74,1.41,3.77,0.90,7.50,2.08,6.52,3.16,15.98,16.42,5.99,7,2006/2928-2930/5179/5184/5185,Autostichidae,"""Symmoca sp. A""","""Spain, Guadalajara, Durón, IX-2013,  13-VIII-2014, IX-2016"""
N067,1.113,0.49,1.01,1.86,1.41,3.24,0.87,7.1,2.14,6.14,2.80,14.99,15.61,5.6,2,2027/2553,Autostichidae,"""Symmoca sp. B (cf. oenophila)""","""Spain, Guadalajara, Durón, IX-2013, 22-VI-2014"""
N068,1.019,0.38,0.87,1.57,1.14,3.17,0.72,6.80,2.10,6.07,2.89,14.58,14.74,5.12,5,2731/4470/4482/4463/6920,Autostichidae,"""Symmoca sp. D""","""Spain, Guadalajara, Durón, 15-VII-2014, 15-VI-2015, 23-VI-2019, E.G.B. leg."""
N069,0.527,0.29,0.84,1.26,1.04,2.28,0.57,5.41,1.22,5.14,2.83,12.43,11.86,3.84,12,76/152/574/575/588/590/592/594/608/697/5110/6929,Autostichidae,"""Symmocoides oxybiella (Millière, 1872)""","""Spain, Guadalajara, Durón, IX-1982, IX-2012, 23-VI-2019, Budia, VI-2017, E.G.B. leg."""
N070,0.166,0.25,0.28,0.63,0.52,1.23,0.32,3.60,0.78,3.3,0.71,7.82,7.72,2.12,1,101,Coleophoridae,"""Coleophora sp. A""","""Spain, Guadalajara, Durón, 3-VI-2012"""
N071,0.921,0.41,0.65,1.56,0.95,2.10,0.55,7.53,1.42,6.34,2.87,15.92,16.02,4.08,4,139/5198/5199/5201,Coleophoridae,"""Coleophora sp. (B)""","""Spain, Guadalajara, Durón, 27-V-2012,  10-V-2014"""
N072,0.534,0.28,0.67,1.44,0.91,2.37,0.45,7.64,1.37,6.35,2.17,15.63,16.19,4.09,1,5191,Coleophoridae,"""Coleophora sp. C""","""Spain, Guadalajara, Durón, 730 m., 1-V-2014, E.G.B. leg."""
N073,0.506,0.28,0.47,1.04,0.66,1.90,0.49,5.07,0.74,4.30,1.78,11.12,10.81,3.23,2,604/5217,Coleophoridae,"""Coleophora sp. D""","""Spain, Guadalajara, Durón, IX-2013, IX-2014"""
N074,0.478,0.35,0.52,1.22,0.70,1.94,0.45,6.27,1.33,5.29,2.17,12.84,13.25,3.52,4,611/5195/5197/5200,Coleophoridae,"""Coleophora sp. E""","""Spain, Guadalajara, Durón, IX-2012, IV/V-2014"""
N075,0.443,0.29,0.50,1.10,0.85,2.13,0.51,6.24,1.21,5.08,2.29,12.56,13.35,3.53,5,328/612/5193/5194/5216,Coleophoridae,"""Coleophora sp. F""","""Spain, Guadalajara, Durón, IX-2012, IX-2014"""
N076,1.138,0.47,0.76,1.79,1.22,2.65,0.69,8.04,2.00,6.60,3.02,16.54,17.3,4.92,3,2032/5203/5204,Coleophoridae,"""Coleophora sp. G""","""Spain, Guadalajara, Durón, IX-2013, 17-V-2014, E.G.B. leg."""
N077,1.372,0.45,0.67,1.68,1.12,2.62,0.79,7.84,1.49,6.7,2.14,15.5,16.8,4.75,1,2033,Coleophoridae,"""Coleophora sp. H (cf. conyzae)""","""Spain, Guadalajara, Durón, IX-2013"""
N078,0.204,0.28,0.38,0.91,0.45,2.18,0.27,4.59,0.63,3.75,0.71,9.67,9.63,3.37,1,2075,Coleophoridae,"""Coleophora sp. (I)""","""Spain, Guadalajara, Durón, 21-IX-2013"""
N079,1.679,0.51,0.83,1.73,1.17,2.89,0.70,10.47,2.32,8.59,3.63,21.75,22.12,5.14,3,4187/4205/5207,Coleophoridae,"""Coleophora sp. J""","""Spain, Madrid, Cantoblanco, 19/26-V-2016, E.G.B. leg."""
N080,1.039,0.40,0.72,1.74,1.07,2.72,0.59,8.59,2.19,7.08,3.08,17.94,18.26,4.88,6,4333-4336/5211/5212,Coleophoridae,"""Coleophora sp. K (cf.: virgatella, penella)""","""Spain, Huesca, Panticosa, telecabina, 31-VII-2016"""
N081,1.488,0.49,0.69,1.63,1.19,2.62,0.69,8.74,1.37,7.27,2.53,18.13,18.67,4.75,3,5167/5132/5213,Coleophoridae,"""Coleophora sp.""","""Spain, Madrid, Rascafría, 11-VII-2017, E.G.B. leg."""
N082,0.175,0.21,0.35,0.81,0.54,1.47,0.35,4.42,1.02,3.57,1.58,8.71,9.38,2.49,1,6134,Coleophoridae,"""Coleophora sp. M""","""Spain, Madrid, Rascafría, 26-VI-2018, E.G.B. leg."""
N083,0.408,0.23,0.46,1.08,0.70,1.93,0.47,6.09,1.44,4.89,2.05,12.24,12.89,3.24,7,6125-6128/6130-6132,Coleophoridae,"""Coleophora sp. N""","""Spain, Madrid, Rascafría, 26-VI-2018, E.G.B. leg."""
N084,0.454,0.33,0.52,1.08,0.85,1.83,0.45,5.47,1.96,4.52,2.24,11.34,11.80,3.24,2,5187/5206,Coleophoridae,"""Coleophora sp. O""","""Spain, Guadalajara, Durón, 730 m., 1-VI-2014, E.G.B. leg."""
N085,0.618,0.39,0.55,1.25,0.69,1.97,0.54,6.85,1.62,5.98,2.81,14.35,14.39,3.61,1,5190,Coleophoridae,"""Coleophora sp. P""","""Spain, Madrid, Valdelatas, 17-VI-2015, E.G.B. leg."""
N086,2.018,0.44,1.02,2.12,1.33,3.99,0.86,10.58,1.71,8.77,3.39,22.64,22.50,6.56,2,6282/6304,Coleophoridae,"""Coleophora sp. Q""","""Spain, Teruel, Albarracín, IX-2018, J.P. Cancela leg."""
N087,0.241,0.21,0.43,0.85,0.60,1.37,0.43,4.54,1.10,3.67,1.86,9.61,9.69,2.43,2,5186/5449,Coleophoridae,"""Coleophora sp. R""","""Spain, Guadalajara, Durón, 730 m., 1-VI-2014,  IX-2017, E.G.B. leg."""
N088,0.464,0.37,0.60,1.31,0.75,2.32,0.39,6.56,1.20,5.69,2.61,13.76,13.87,4.01,3,7656/7657/7658,Coleophoridae,"""Coleophora sp. S""","""Spain, Madrid, Cantoblanco, 21-IV-2021, E.G.B. leg."""
N089,0.481,0.45,0.51,1.13,0.83,1.78,0.49,5.68,0.85,4.75,2.07,11.76,12.19,3.36,1,328,Coleophoridae,"""Coleophora sp. near solidaginella""","""Spain, Guadalajara, Durón, 20-IX-2015"""
N090,11.393,0.52,1.81,3.99,2.62,7.02,1.75,14.24,4.24,12.52,5.09,28.99,31.11,11.54,3,7558/7559/7578,"Elachistidae (""meta-Elachistidae"")","""Ethmia kagamegensis Mey & Shovkoon, 2014""","""Uganda, Kabarole Fort Portal, Nkuruba lake nat. reserve, 28/29-XI-2019, V. Golovizin leg."""
N091,19.108,0.61,1.99,3.55,2.41,8.23,1.83,13.97,4.22,12.73,5.35,29.38,30.37,12.41,2,7560/7561,"Elachistidae (""meta-Elachistidae"")","""Ethmia sabiella (Felder & Rogenhofer, 1875) ""","""Uganda, Kabarole Fort Portal, Nkuruba lake nat. reserve, 28-XI-2019, V. Golovizin leg."""
N092,38.797,0.51,2.43,4.78,4.29,9.50,1.97,21.33,6.18,18.84,7.98,45.45,46.96,14.8,3,2417/2523/2803,"Elachistidae (""meta-Elachistidae"")","""Ethmia lineatonotella (Moore, 1867)""","""Vietnam, Da Nang, BaNa, 2014"""
N093,9.73,1.55,1.64,2.9,2.63,6.43,1.48,12.51,3.96,11.33,5.04,26.09,27.65,10.33,1,4519,"Elachistidae (""meta-Elachistidae"")","""Ethmia sp. (near lapidella?)""","""Vietnam, Lac Duong, Lam Dong, Bidoup Nui Ba Natl, Pk, 20-IV-2016, Vo Van Nhon leg,"""
N094,6.328,0.69,1.68,2.58,2.05,4.48,1.16,10.52,3.21,9.23,3.87,22.85,23.10,7.76,4,524/785/2009/4292,"Elachistidae (""meta-Elachistidae"")","""Ethmia bipunctella (Fabricius, 1775)""","""Spain, Guadalajara, Durón, 1982, Madrid, Cantoblanco, VI-2016, H. Romo leg."""
N095,5.156,0.85,1.49,3.02,1.92,4.53,1.08,11.76,3.33,10.28,4.58,24.32,25.45,8.40,7,7472/7473/7504/7550/7551/7555/7556,"Elachistidae (""meta-Elachistidae"")","""Ethmia iranella Zerny, 1940""","""Hungary, Kiskunfélegyháza, 6/9-V-2016, ex larva, A. Szabó leg., Móricgát, 8-IV-2020, A. Szabó & V.B. Szuszi leg."""
N096,6.090,0.64,1.60,2.89,2.28,5.50,1.50,13.51,3.76,11.76,5.28,27.21,29.30,9.05,12,856/857/2407/2815/4362/6042/6063/6268-6271,"Elachistidae (""meta-Elachistidae"")","""Ethmia fumidella (Wocke, 1950)""","""Spain, Guadalajara, Durón, III-1983, Durón, IX-2016, 30-IX-2018, E.G.B. leg."""
N097,10.903,0.67,1.56,3.25,2.39,6.89,1.36,14.12,4.21,12.13,5.89,26.80,30.64,10.81,2,2333/2814,"Elachistidae (""meta-Elachistidae"")","""Ethmia pusiella (L., 1758)""","""Hungary, 5 km W Ksácvár, 17-VII-2013, A. Szabó leg."""
N098,0.901,0.34,0.57,1.30,0.99,2.42,0.52,5.69,1.42,4.87,2.78,11.93,12.37,4.07,2,550/888,Elachistidae,"""Elachista sp. A""","""Spain, Guadalajara, Durón, VI-2012"""
N099,0.313,0.24,0.63,1.08,0.87,2.09,0.36,5.05,1.43,4.19,1.84,10.54,10.98,3.42,4,2661/4208/2017/6025,Elachistidae,"""Elachista sp. B (white)""","""Spain, Guadalajara, Durón, 10-V-2014, 3-V-2015,  IX-2013, Escamilla, 1040 m, 21-V-2018, E.G.B. leg."""
N100,0.572,0.45,0.67,1.12,0.96,2.13,0.53,4.8,1.09,4.09,1.99,10.15,10.56,3.65,1,3769,Elachistidae,"""Elachista sp. C""","""Spain, Guadalajara, Durón, 5-VII-2014, E.G.B. leg."""
N101,0.394,0.24,0.65,1.15,1.03,1.85,0.49,5.51,1.62,4.69,2.74,12.06,12.05,3.24,1,4090,Elachistidae,"""Elachista sp. D""","""Spain, Madrid, Cantoblanco, 14-IV-2016, E.G.B. leg."""
N102,0.193,0.19,0.44,0.91,0.65,1.65,0.31,4.06,0.85,3.49,1.36,8.34,8.78,2.75,2,5188/5189,Elachistidae,"""Elachista sp. E (pequeña plateada)""","""Spain, Guadalajara, Durón, 730 m., 10-V-2014, E.G.B. leg."""
N103,0.149,0.18,0.43,0.87,0.6,1.36,0.30,3.35,0.85,2.84,1.32,7.11,7.31,2.42,2,5299/5304,Elachistidae,"""Elachista sp. F (near dispunctella)""","""Spain, Guadalajara, Budia, 950 m, 16-IX-2017, E.G.B. leg."""
N104,0.401,0.21,0.64,1.10,0.83,1.68,0.40,4.45,1.33,3.73,2.19,9.40,9.74,3.00,1,4186,Elachistidae,"""Perittia sp. (herrichiella / weberella ?)""","""Spain, Madrid, Valdelatas, V-2015, E.G.B. leg."""
N105,0.522,0.23,0.62,1.15,0.94,2.08,0.51,5.58,1.35,4.99,2.22,12.61,12.1,3.46,1,2607,Elachistidae,"""Blastodacna hellerella (Duponchel, 1838)""","""Spain, Guadalajara, Durón, 725 m., 10-V-2014"""
N106,1.407,0.25,0.85,1.78,1.28,2.90,0.60,7.17,1.63,6.02,2.66,15.28,15.63,4.93,5,322/329/3901/4045/5281,Elachistidae,"""Haplochrois buvati (Baldizzone, 1985)""","""Spain, Guadalajara, Durón, 20-IX-2015, 27-VIII-2017, E.G.B. leg."""
N107,10.04,0.41,1.47,3.14,2.03,6.54,1.27,14.32,3.01,11.98,4.72,29.98,30.68,10.10,1,7525,Pterolonchidae,"""Pterolonche (Gomezbustillus) pulverulenta Zeller, 1847""","""Spain, Guadalajara, Durón, 20-VII-2020, E.G.B. leg."""
N108,3.189,0.45,1.30,2.43,1.87,4.53,1.35,10.66,2.3,8.90,3.96,22.60,23.20,7.42,2,3766/3900,Pterolonchidae,"""Pterolonche (Pterolonche) inspersa Staudinger, 1859""","""Spain, Guadalajara, Durón, 20-VII-2015, E.G.B. leg."""
N109,1.797,0.42,0.96,1.73,1.44,3.67,0.78,8.39,1.90,7.06,2.91,17.79,18.23,5.83,2,1332/1333,Cosmopterigidae,"""Lymnaecia phragmitella Stainton, 1851""","""Spain, Guadalajara, Durón, 7-VII-1981, E.G.B. leg."""
N110,0.931,0.24,0.71,1.28,0.94,1.99,0.68,5.77,1.58,4.80,2.20,12.35,12.50,3.52,2,4889/6172,Cosmopterigidae,"""Pancalia sp. cf. lewenhoekella""","""Spain, Lérida, Barruera, VIII-2014, E.G.B. leg., prov. Huesca (Jaca?), VII-2013, E. Navarro leg."""
N111,0.172,0.30,0.47,0.81,0.66,1.65,0.37,3.80,1.08,3.33,1.77,7.97,8.28,2.76,2,6981/6982,Cosmopterigidae,"""Cosmopterix pulchrimella Chambers, 1875""","""Spain, prov. Barcelona, 10-IX-1992, J. Alvarez leg. """
N112,0.249,0.30,0.46,0.83,0.69,1.85,0.46,4.28,1.16,3.62,1.74,8.88,9.26,2.99,1,7471,Cosmopterigidae,"""Cosmopterix sp.""","""Spain, Madrid, Alcobendas, 7-V-2020, E.G.B. leg."""
N113,0.328,0.27,0.54,0.93,0.77,1.61,0.35,5.31,1.55,4.52,2.06,11.1,11.39,2.81,1,3752,Cosmopterigidae,"""Eteobalea albiapicella (Duponchel, 1843)""","""Spain, Guadalajara, Durón, , 3-V-2015, E, García-Barros leg."""
N114,0.681,0.34,0.72,1.14,0.94,2.09,0.53,5.06,1.13,4.25,1.88,10.99,11.06,3.57,2,3764/3765,Cosmopterigidae,"""Eteobalea dohrnii (Zeller, 1847)""","""Spain, Guadalajara, Durón, 13-VIII-2014, E.G.B. leg."""
N115,0.074,0.2,0.41,0.63,0.52,0.79,0.26,2.85,0.45,2.62,1.05,6.26,6.24,1.62,2,162/1109,Cosmopterigidae,"""Eteobalea sp. A""","""Spain, Guadalajara, Durón, 10-VI-2012, IX-2012"""
N116,0.547,0.18,0.65,1.09,1.15,2.16,0.58,5.85,2.08,5.11,2.75,12.7,12.85,3.43,1,2857,Cosmopterigidae,"""Isidiella divitella (Constant, 1885)""","""Spain, Guadalajara, Durón, 730 m, IX-2014"""
N117,0.502,0.24,0.62,0.98,0.92,1.86,0.49,5.58,1.04,4.57,2.26,12.18,12.10,3.08,3,151/736/6977,Cosmopterigidae,"""Pyroderces argyrogrammos (Zeller, 1847)""","""Spain, Guadalajara, Durón, 3-VI-2012, Alicante, Urbanova, 2 m, 2-IX-2019, E.G.B. leg."""
N118,0.364,0.16,0.44,1.17,0.81,1.45,0.42,4.86,1.13,4.35,1.66,10.47,10.53,2.78,1,3661,Cosmopterigidae,"""Ramphis ibericus Riedl, 1969""","""Spain, Guadalajara, Durón, 7-VII-2015"""
N119,0.244,0.23,0.52,0.77,0.78,0.98,0.41,3.75,0.96,3.38,1.66,8.20,8.29,1.99,2,2670/2671,Cosmopterigidae,"""Vulcaniella cf. extremella (Wocke, 1871)""","""Spain, Guadalajara, Durón, 2015"""
N120,0.130,0.25,0.41,0.68,0.57,1.05,0.34,3.28,0.76,2.80,1.51,7.02,7.14,1.99,4,1272/2672/2673/4210,Cosmopterigidae,"""Vulcaniella sp. cf. rosmarinella (Walshingham, 1891)""","""Spain, Guadalajara, Durón, VI-2012, VI/VII-2015"""
N121,5.429,0.44,1.21,2.09,1.91,4.16,1.27,8.30,2.23,7.77,3.47,18.64,18.52,6.69,4,3611/3612/3637/2874,Gelechiidae,"""Anacampsis populella (Clerk, 1759)""","""Spain, Madrid, Cantoblanco, 8-VI-2014, V-2015, VI-2015, E.G.B. leg."""
N122,0.429,0.31,0.61,0.98,0.91,1.67,0.50,5.10,1.02,4.58,2.16,11.99,11.13,2.97,9,111/112/131/144/153/167/522/715/725,Gelechiidae,"""Aproaerema anthyllidella (Hübner, 1813)""","""Spain, Guadalajara, Durón, 1982, 3/10-VI-2012"""
N123,0.292,0.35,0.64,0.84,0.76,1.58,0.45,4.39,0.79,3.98,1.94,9.92,9.56,2.78,2,2816/2817,Gelechiidae,"""Aproaerema sp""","""Spain, Guadalajara, Durón, 27-V-2012"""
N124,0.742,0.24,0.69,1.49,1.00,2.40,0.42,6.44,1.02,4.88,1.99,12.56,13.88,4.14,2,130.5/724,Gelechiidae,"""Mesophleps trinotella (Herrich-Schäffer, 1856)""","""Spain, Guadalajara, Durón, 27-V-2012"""
N125,0.640,0.24,0.67,1.24,0.83,2.40,0.49,6.20,1.41,4.91,2.96,13.07,13.25,3.89,3,4206/4295/4198,Gelechiidae,"""Mesophleps silacella (Hübner, 1796)""","""Spain, Guadalajara, Gualda, 15-V-2016, Budia, 16-V-2016, E.G.B. leg."""
N126,0.446,0.24,0.58,0.83,0.76,1.60,0.37,5.20,1.17,4.64,2.32,11.23,11.17,2.67,2,4926/4927,Gelechiidae,"""Pseudosophronia sp.""","""Spain, Madrid, Alcobendas, 9-V-2017, E.G.B. leg."""
N127,0.343,0.27,0.52,1.21,0.76,1.6,0.48,4.81,1.17,3.86,2.08,10.65,10.38,3.08,1,3678,Gelechiidae,"""Sophronia sp. (cf. grandii, humerella)""","""Spain, Guadalajara, Durón, 7-VI-2015"""
N128,1.730,0.42,0.92,1.69,1.47,3.37,0.70,7.14,1.76,6.37,2.73,15.77,15.75,5.48,3,2723/2876/4272,Gelechiidae,"""Stomopteryx basalis (Staudinger, 1876)""","""Spain, Guadalajara, Durón, 5-VII-2014, 13-VIII-2014, 2-VII-2016, E.G.B. leg."""
N129,3.761,0.52,1.29,2.23,1.88,4.72,1.04,9.85,2.38,8.15,4.33,20.68,21.6,7.48,6,2858/2859/3803/2701/2702/5294,Gelechiidae,"""Stomopteryx detersella (Zeller, 1847)""","""Spain, Madrid, Cantoblanco, VII-2014, Toledo, VI-2014, Madrid, Valdelatas, 700 m, 11-IX-2015, Alcobendas, 4-VIII-2017, E.G.B. leg."""
N130,3.751,0.47,1.22,2.16,1.84,4.74,1.17,9.54,2.42,8.39,4.12,20.45,20.93,7.38,3,579/3875/6010,Gelechiidae,"""Nothris verbascella (D. & S., 1775)""","""Spain, Madrid, Cantoblanco, 2014, Valdelatas, VI-/IX-2014, Guadalajara, Escamilla, 1040 m, 21-V-2018, E.G.B. leg."""
N131,0.776,0.43,0.77,1.25,1.01,1.83,0.79,5.59,1.51,5.26,2.84,13.07,12.19,3.51,1,155,Gelechiidae,"""Syncopacma sp. A""","""Spain, Guadalajara, Durón, 3-VI-2012"""
N132,0.424,0.32,0.60,0.99,0.77,1.74,0.54,4.81,1.15,4.24,2.35,10.06,10.41,3.06,7,323/2557-2559/2573/6969,Gelechiidae,"""Syncopacma sp. B""","""Spain, Guadalajara, Durón,  1-V-2014, 10-V-2014, IX-2015, E.G.B. leg."""
N133,1.189,0.38,0.7,1.25,1.04,1.97,0.67,5.75,1.51,5.18,2.40,12.45,12.55,3.60,2,5054/5055,Gelechiidae,"""Syncopacma sp. C""","""Spain, Madrid, Rascafría, 13-VI-2017, E.G.B. leg."""
N134,0.236,0.21,0.51,0.80,0.66,1.38,0.49,3.95,1.09,3.44,1.66,8.53,8.57,2.40,3,6152/6908/6909,Gelechiidae,"""Syncopacma sp. E (cf. polychromella)""","""Spain, Guadalajara, Durón, 29-VI-2018, 8-VI-2019, E.G.B. leg."""
N135,2.339,0.47,0.99,1.81,1.44,3.39,0.89,8.64,2.45,7.74,4.01,18.22,18.72,5.68,6,5131-5134/5166/5168/6129,Gelechiidae,"""Acompsia cinerella (Clerck, 1759)""","""Spain, Madrid, Rascafría, 11-VII-2017, 21-VI-2018, E.G.B. leg."""
N136,0.311,0.4,0.74,0.94,0.95,1.75,0.41,5.03,1.6,4.33,2.23,10.71,11.01,3.09,1,4314,Gelechiidae,"""Brachmia blandella (Fabricius, 1798)""","""Spain, Guadalajara, Durón, 24-VII-2016, E.G.B. leg."""
N137,1.173,0.43,0.88,1.49,1.07,2.91,0.79,7.95,1.95,7.13,3.19,16.56,16.97,4.83,1,5377,Gelechiidae,"""Dichomeris limbipunctellus (Staudinger, 1859)""","""Spain, Guadalajara, Durón, 730 m, 23-IX-2017, E.G.B. leg."""
N138,2.023,0.54,0.99,1.80,1.16,4.13,0.80,8.80,1.93,7.46,3.22,18.90,18.77,6.48,2,7142/7143,Gelechiidae,"""Sitotroga cerealella (Olivier, 1789)""","""Spain, Guadalajra, Durón, 22-IX-2019, E.G.B. leg."""
N139,0.11,0.25,0.54,0.91,0.64,1.48,0.37,4.09,0.86,3.48,0.74,8.94,8.82,2.65,1,109,Gelechiidae,"""Apatetris sp.""","""Spain, Guadalajara, Durón, 3-VI-2012"""
N140,0.278,0.26,0.47,0.83,0.54,1.52,0.46,4.78,1.34,3.89,1.6,10.14,10.1,2.61,1,4947,Gelechiidae,"""Dactylotula altithermella (Walsingham, 1903)""","""Spain, Guadalajara, Durón, 28-V-2017, E.G.B. leg."""
N141,0.342,0.32,0.61,0.96,0.73,1.78,0.57,5.76,1.52,4.80,2.14,12.02,12.26,3.07,4,577/3905/3906/3907,Gelechiidae,"""Epidola barcinonella Milliére, 1867""","""Spain, Gerona, IX-1988, Guadalajara, Durón, IX-1982, V-2012, 22-VI-2015"""
N142,0.524,0.36,0.72,1.43,1.10,2.53,0.57,6.67,1.56,5.65,2.42,13.95,14.44,4.33,3,519/589/780,Gelechiidae,"""Epidola stigma Staudinger, 1859""","""Spain, Catalonia, Gerona, IX-1988"""
N143,0.990,0.43,0.89,1.26,1.19,2.24,0.66,6.45,1.50,5.37,2.97,13.53,14.1,3.94,2,5446/6029,Gelechiidae,"""Bryotropha sp. A""","""Spain, Guadalajara, Durón, 730 m, IX-2017, E.G.B. leg."""
N144,1.216,0.3,0.85,1.24,1.17,2.43,0.75,5.16,1.2,4.9,2.47,11.61,11.49,3.97,1,5295,Gelechiidae,"""Bryotropha sp. B""","""Spain, Madrid, Alcobendas, 14-IX-2017, E.G.B. leg."""
N145,0.596,0.36,0.75,1.06,0.93,2.10,0.61,5.24,1.24,4.49,2.26,11.13,11.42,3.53,3,3975/5447/6030,Gelechiidae,"""Bryotropha sp. cf. domestica (Haworth, 1828)""","""Spain, Guadalajara, Durón, 730 m, 28-VI-2014, IX-2017, E.G.B. leg."""
N146,1.956,0.37,0.90,1.61,1.09,2.72,0.99,6.87,1.77,6.27,2.89,14.56,14.85,4.72,2,5092/6972,Gelechiidae,"""Bryotropha terrella (D. & Schiff., 1775)""","""Spain, Guadalajara, Budia, 25-VI-2017"""
N147,1.783,0.46,1.00,1.43,1.37,2.53,0.74,7.28,1.69,6.73,3.63,15.92,15.93,4.42,2,2561/3704,Gelechiidae,"""Aristotelia decurtella (Hübner, 1813)""","""Spain, Guadalajara, Durón, 725 m., 28-VI-2014, 28-VI-2015"""
N148,0.711,0.36,0.68,1.19,0.99,2.45,0.52,5.72,1.31,4.99,1.90,12.11,12.44,4.01,4,122/2018/2126/2127,Gelechiidae,"""Aristotelia sp. Indet.""","""Spain, Guadalajara, Durón, IX-2012"""
N149,0.335,0.32,0.60,1.03,0.91,2.21,0.53,4.78,1.05,4.02,1.68,9.75,10.48,3.56,8,521/603/606/613/782/2020/2021/2048/,Gelechiidae,"""Aristotelia subericinella (Duponchel, 1842)""","""Spain, Guadalajara, Durón, VI-1982, VI-2012"""
N150,0.815,0.36,0.74,1.46,0.85,2.41,0.5,6.07,1.43,4.95,2.44,13.11,13.00,4.24,2,3675/3676,Gelechiidae,"""Deltophora sp. (stictella / gielisia ?)""","""Spain, Guadalajara, Durón, 15-VI-2015"""
N151,0.299,0.23,0.52,0.84,0.72,1.78,0.49,5.00,1.22,4.15,1.65,10.54,10.73,2.85,2,2715/2727,Gelechiidae,"""Megacraspedus sp""","""Spain, Guadalajara, Durón, 725 m., 28-VI-2014, 5-VII-2014"""
N152,0.688,0.36,0.61,1.31,0.94,2.39,0.51,5.72,1.25,4.78,2.23,12.39,12.38,4.06,1,5114,Gelechiidae,"""Megacraespedus sp. B""","""Spain, Guadalajara, Budia, VI-2017, E.G.B. leg."""
N153,1.492,0.46,0.95,1.85,1.36,2.79,0.66,8.53,1.71,7.03,3.45,18.08,18.42,5.12,3,3681/3682/158,Gelechiidae,"""Metzneria sp. (cf. aprilella)""","""Spain, Guadalajara, Durón, 30-V-2015, 3-VI-2012"""
N154,0.752,0.44,0.66,1.38,1.19,2.51,0.65,6.55,1.15,5.20,2.55,13.22,14.30,4.34,7,157/171/741/965/966/4973/4974,Gelechiidae,"""Metzneria sp. A (cf. ehikeella, paucipunctella)""","""Spain, Guadalajara, Durón, V, VI, VII-2012"""
N155,0.976,0.37,0.72,1.45,1.32,2.57,0.53,7.85,1.29,4.27,2.54,10.57,17.02,4.39,1,967,Gelechiidae,"""Metzneria sp. B""","""Spain, Guadalajara, Durón, VI-2012"""
N156,0.532,0.53,0.88,1.31,1.29,3.12,0.64,7.76,2.77,6.58,4.55,16.10,16.81,4.96,2,1329/1330,Gelechiidae,"""Eulamprotes immaculatella (Douglas, 1850)""","""Spain, Guadalajara, Durón, 12-III-2016, E.G.B. leg."""
N157,1.031,0.44,0.86,1.42,1.18,2.97,0.60,7.52,1.60,6.13,3.21,15.71,16.23,4.84,6,116/4897/4914/2711/3903/3904,Gelechiidae,"""Isophrictis sp. A (cf. kefersteinellus)""","""Spain, Guadalajara, Durón, 3-VI-2012, 1-VI-2014, 11-VI-2014, 30-IV-2017, Madrid, Alcobendas, 28-IV-2017"""
N158,0.431,0.51,0.60,1.09,0.86,2.04,0.47,5.95,1.30,5.29,2.68,13.58,12.76,3.65,3,964/4942/5150,Gelechiidae,"""Isophrictis sp. B (cf. striatellus, lineatellus)""","""Spain, Guadalajara, Durón, VI-2012, Madrid, Alcobendas, 23-V-2017,  La Morcuera, 1775 m, 13-VII-2017, E.G.B. leg."""
N159,0.833,0.39,0.81,1.52,1.00,2.44,0.55,6.97,1.56,5.87,3.16,14.45,14.95,4.35,7,3759/3760/4139/4244/4259/6847/6848,Gelechiidae,"""Isophrictis sp. C (cf. striatella)""","""Spain, Madrid, Valdelatas, 17-IV-2015, 5-V-2015, V-2016, Cantoblanco, 30-IV-2019, E.G.B. leg."""
N160,0.55,0.32,0.62,1.27,0.89,2.50,0.47,6.14,0.84,5.26,1.77,12.77,13.18,4.10,1,163,Gelechiidae,"""Monochroa sp.""","""Spain, Guadalajara, Durón, 10-VI-2012"""
N161,0.402,0.34,0.56,0.98,0.76,1.81,0.59,4.79,1.1,4.28,2.21,10.40,10.35,3.14,2,6124/6137,Gelechiidae,"""Monochroa tenebrella (Hübner, 1817)""","""Spain, Madrid, Rascafría, 26-VI-2018, E.G.B. leg."""
N162,0.88,0.35,0.83,1.17,1.13,2.9,0.47,6.47,1.45,5.66,1.65,14.5,14.08,4.42,1,124,Gelechiidae,"""Ornativalva sp. cf. plutelliformis""","""Spain, Guadalajara, Durón, 3-VI-2012"""
N163,0.284,0.27,0.51,1.05,0.77,1.58,0.43,5.08,1.03,4.33,1.79,10.74,10.94,2.91,2,5116/5123,Gelechiidae,"""Ptocheuusa cf. paupella (Zeller, 1847)""","""Spain, Guadalajara, Budia, VI-2017, E.G.B. leg."""
N164,0.642,0.34,0.74,1.31,0.98,2.39,0.72,5.75,1.45,4.81,2.50,12.05,12.48,4.05,3,2725/4469/4472,Gelechiidae,"""Neofriseria peliella (Treitschke, 1835)""","""Spain, Guadalajara, Durón, 725 m., 5-VII-2014, 24-VII-2016, E. García.Barros leg."""
N165,1.488,0.35,0.92,1.60,1.25,2.46,1.14,6.93,1.47,6.17,2.81,14.87,15.11,4.41,3,4328/4329/4372,Gelechiidae,"""Athrips sp.""","""Spain, Huesca, Broto, Valle de Bujaruelo, 30-VII-2016"""
N166,2.689,0.39,1.22,1.99,1.56,3.58,1.06,10.09,2.07,8.51,4.15,21.52,21.74,5.96,2,6011/6036,Gelechiidae,"""Prolita solutella (Zeller, 1839)""","""Spain, Guadalajara, Escamilla, 1040 m, 21-V-2018, E.G.B. leg."""
N167,0.696,0.33,0.75,1.43,1.01,2.49,0.58,6.30,1.53,5.26,2.49,13.42,13.61,4.27,2,4918/4929,Gelechiidae,"""Mirificarma eburnella (D. & Schiff., 1775)""","""Spain, Madrid, Alcobendas, 9-V-2017, E.G.B. leg."""
N168,1.043,0.38,0.88,1.46,1.20,2.66,0.69,7.78,1.78,6.53,3.35,16.11,16.78,4.51,5,4037/4047/4874/6801/6802,Gelechiidae,"""Mirificarma interrupta (Curtis, 1827)""","""Spain, Guadalajara, Durón, 730 m, 19-IV-2015, 3-V-201, 15-IV-2017, 23-III-2019, E.G.B. leg."""
N169,0.706,0.28,0.71,1.34,1.15,2.49,0.69,6.49,1.46,5.54,2.81,13.86,14.14,4.11,4,141/853/877/4130,Gelechiidae,"""Mirificarma lentiginosella (Zeller, 1839)""","""Spain, Guadalajara, Durón, 27-V-2012, 30-IV-2016, E, García-Barros leg,"""
N170,0.458,0.46,0.72,1.22,0.80,1.75,0.50,5.77,1.53,5.51,2.82,12.59,12.34,3.45,1,6087,Gelechiidae,"""Mirificarma ulicinella (Staudinger, 1859)""","""Spain, Guadalajara, Durón, 730 m, II-2018, E.G.B. leg."""
N171,3.375,0.47,1.10,1.78,1.31,3.23,0.89,6.8,1.88,6.38,3.14,14.8,14.91,5.48,1,1310,Gelechiidae,"""Filatima albilorella (Zeller, 1783)""","""U.S.A., Arizona, Santa Croz Co., Ruby Mine, 19-VII-1996, W.F. Babcock col."""
N172,0.290,0.34,0.72,0.94,0.71,1.39,0.32,3.42,0.62,4.23,2.26,9.33,7.56,2.67,3,602/585/4343,Gelechiidae,"""Caryocolum sp. (cf. vicinella)""","""Spain, Guadalajara, Durón, IX-2012"""
N173,0.60,0.25,0.69,1.35,0.86,1.93,0.53,4.77,1.16,4.36,2.00,10.27,10.42,3.54,1,3974,Gelechiidae,"""Caryocolum sp. (cf. viscariella Stainton)""","""Spain, Guadalajara, Durón, 730 m, 10-V-2014"""
N174,0.153,0.21,0.45,0.68,0.58,1.37,0.24,3.87,0.77,3.31,2.03,8.05,8.32,2.27,1,3976,Gelechiidae,"""Scrobipalpa sp. A""","""Spain, Guadalajara, Durón, 730 m, 28-VI-2014"""
N175,0.360,0.40,0.77,1.15,1.16,2.22,0.71,5.2,1.1,4.37,2.07,10.56,11.56,3.77,2,2008/2019,Gelechiidae,"""Scrobipalpa sp. B""","""Spain, Guadalajara, Durón, IX-2013"""
N176,0.221,0.33,0.63,0.93,0.70,1.85,0.43,4.19,0.97,4.11,1.77,9.95,9.08,3.11,3,3795-3797,Gelechiidae,"""Tuta absoluta (Meyrick, 1917)""","""Spain, Lab. Stock, 7-VII-2015, N. Agustí leg."""
N177,1.902,0.63,1.16,1.84,1.57,3.53,1.19,7.12,1.57,6.62,3.4,15.76,15.81,6.01,1,6970,Gelechiidae,"""Psoricoptera gibbosella (Zeller, 1839)""","""Spain, Guadalajara, Durón, 730 m, 12-VII-2015, E.G.B. leg."""
N178,2.044,0.44,1.12,1.64,1.28,3.03,0.86,7.26,1.85,6.68,3.65,15.87,15.80,5.12,2,6971/6973,Gelechiidae,"""Chionodes sp. cf. distinctella (Zeller, 1839)""","""Spain, Guadalajara, Durón, 730 m, 17-V-2014, E.G.B. leg."""
N179,0.804,0.47,0.80,1.32,1.01,2.30,0.68,5.66,1.22,4.92,2.83,12.16,12.34,4.1,4,2604/2605/6037/6803,Gelechiidae,"""Carpatolechia decorella (Haworth, 1812)""","""Spain, Guadalajara, Durón, 725 m., 22-VI-2014, 23-III-2018, E.G.B. leg., Segovia, Valsaín, 29-III-2019, E.G.B. leg."""
N180,0.45,0.26,0.7,1.3,0.92,1.59,0.51,5.16,1.33,4.3,2.11,10.59,11.24,3.15,1,4028,Gelechiidae,"""Streyella anguinella (Herrich-Schäffer, 1861)""","""Spain, Guadalajara, Durón, 730 m, 27-VI-2014, E.G.B. leg."""
N181,1.268,0.47,0.93,1.66,1.26,2.67,0.82,6.77,1.68,5.9,2.8,14.67,14.8,4.8,1,6151,Gelechiidae,"""Teleiopsis diffinis (Haworth, 1828)""","""Spain, Madrid, Cantoblanco UAM, 24-VI-2018, E.G.B. leg."""
O001,15.32,0.98,2.15,4.36,2.47,9.75,1.00,15.22,5.47,10.82,6.37,30.13,32.91,15.09,1,3064,Crambidae,"""Anania sp.""","""Malaysia, Pahang, Genting Highlands, 27-VI-2013"""
O002,2.390,0.76,1.22,1.93,1.62,4.53,1.07,8.74,3.12,7.06,4.15,17.25,19.11,7.23,6,3213/4977-4981,Crambidae,"""Carminibotys carminalis (Caradja, 1925)""","""Malaysia, Pahang, Genting Highlands, 1700 m, 3-VII-2014, Vietnam, Thua Thien Hue, Bach Ma Mt., 1400 m, XI-2016"""
O003,12.47,1.2,2.14,4.31,2.06,8.59,1.23,14.32,3.68,9.47,6.07,29.13,30.7,14.1,1,3016,Crambidae,"""Circobotys sp.""","""Malaysia, Pahang, Genting Highlands, 1700 m, VII-2014"""
O004,6.567,0.88,1.64,2.73,2.34,7.47,1.68,12.20,4.79,9.17,5.50,24.23,26.75,11.09,3,3228/3229/3230,Crambidae,"""Crocidophora pustuliferalis Lederer, 1863""","""U.S.A., Louisiana, St. Tammany, Parish, 4.2 mi NE Abita Springs, 12-IV-2014, V.A. Brou leg."""
O005,5.501,0.66,1.43,2.73,1.96,6.83,0.89,10.95,3.79,8.87,5.94,22.32,23.86,10.23,3,830/849/6843,Crambidae,"""Loxostege sticticalis (L., 1761)""","""Spain, Guadalajara, Durón, VIII-1981, Cuenca, Casas de Haro (30SWJ65), 750 m., 27-IV-2019, E.G.B. leg."""
O006,1.89,0.76,1.16,2.07,1.94,3.31,1.31,7.6,2.61,5.88,2.82,16.73,17.14,6.14,1,2974,Crambidae,"""Nacoleia sp.""","""Indonesia, S. Sumatra, Mt. Dempo, 24-VII-2013"""
O007,6.476,0.73,1.59,2.76,1.81,6.91,0.94,11.71,5.19,9.60,4.89,22.85,25.24,10.40,2,4857/4864,Crambidae,"""Ostrinia nubilalis (Hübner, 1796)""","""Spain, Albacete, Sierra de Alcaraz, 3-VI-1988, Madrid, Cabanillas de la Sierra, IX-1998"""
O008,17.052,1.09,2.04,4.29,3.05,8.97,1.67,14.12,5.22,10.84,7.66,29.67,31.29,14.36,2,4159/4160,Crambidae,"""Prooedema inscisalis (Walker, 1866)""","""Vietnam, Lam Dong, Lac Duong, Bidoup Nui Ba Natl. Pk., 20-II-2016, Vo Van Nhon leg."""
O009,2.495,0.65,1.18,2.12,1.54,4.73,0.94,8.55,3.23,6.81,4.08,16.93,18.65,7.51,2,4858/4863,Crambidae,"""Pyrausta (Pyrausta) aurata (Scopoli, 1763)""","""Spain, Madrid, Cabanillas, IX-1998, 3-X-1998"""
O010,2.599,0.66,1.04,2.24,1.56,3.36,1.12,6.68,2.79,5.52,3.74,13.96,14.93,6.27,2,4197/4438,Crambidae,"""Pyrausta acontialis (Staudinger, 1859)""","""Spain, Guadalajara, Gualda, V-2016"""
O011,1.733,0.51,0.94,1.83,1.40,4.77,0.70,7.14,2.44,5.5,3.23,13.40,15.69,7.12,2,832/874,Crambidae,"""Pyrausta cespitalis (D. & Schiff., 1775)""","""Spain, Guadalajara, Durón, VI-1982"""
O012,2.173,0.53,1.10,1.84,1.48,4.26,0.96,7.71,2.98,5.88,3.94,15.29,16.91,6.64,12,73/516/2051/3969/4245/4274/4275/4802/4865/5283/5930/5931,Crambidae,"""Pyrausta despicata (Scopoli, 1763)""","""Spain, Madrid, Cenicientos, 12-VI-1993, JCIF det., Valdelatas, V-2016, 2-IV-2018, Guadalajara, Durón, 9-VIII-1981, VIII-1983, VII-2016, 17-IX-2017, E.G.B. leg."""
O013,2.802,0.41,1.15,2.04,2.05,4.84,0.71,7.67,2.91,6.46,3.77,17.42,17.39,7.29,1,2519,Crambidae,"""Pyrausta ostrinalis (Hübner, 1796)""","""Spain, Guadalajara, Durón, 10-V-2014"""
O014,2.204,0.58,0.93,1.62,1.38,3.68,0.60,7.03,2.58,5.87,3.32,14.05,15.45,5.89,4,68/1264/690/804,Crambidae,"""Pyrausta sanguinalis (L., 1767)""","""Spain, Guadalajara, Durón, Madrid, 1986"""
O015,66.765,1.65,2.91,6.14,4.72,16.50,2.49,26.76,8.13,19.2,13.09,54.63,58.26,24.30,1,210,Crambidae,"""Pyraustini indet. (A)""","""Ecuatorial Guinea, Bata (Río Muni), III-1963"""
O016,14.889,0.99,2.05,3.70,3.10,8.26,1.98,15.29,6.05,12.14,7.89,29.69,33.69,12.96,2,935/957,Crambidae,"""Sitochroa palealis (D. & Schiff., 1775)""","""Spain, Guadalajara, Durón, VIII-1980"""
O017,6.725,0.79,1.76,3.03,2.13,6.96,1.12,14.57,5.73,11.38,7.33,29.19,31.27,10.79,2,3958/3959,Crambidae,"""Sitochroa verticalis (L., 1758)""","""Spain, Cuenca, Arroyo de las Truchas, 13-VII-1972, Guadalajara, Durón, 18-V-1984"""
O018,14.087,1.15,2.18,4.05,3.17,10.02,1.62,14.56,5.36,11.32,7.70,28.62,32.29,15.23,4,526/786/862/3970,Crambidae,"""Uresiphita gilvata (Fabricius, 1794)""","""Spain, Madrid, Cantoblanco, 1984,  6-IV-2015, Cuenca, 1982"""
O019,3.432,0.62,1.16,2.20,1.82,5.05,1.05,9.56,3.17,7.98,4.93,18.84,20.94,7.87,3,172/3652/3966,Crambidae,"""Udea ferrugalis (Hübner, 1796)""","""Spain, Guadalajara, Durón, 10-VI-2012"""
O020,7.522,0.74,1.64,2.73,2.49,6.86,1.44,13.27,4.84,10.67,6.44,26.21,29.03,10.35,4,142/826/872/731,Crambidae,"""Udea numeralis (Hübner, 1796)""","""Spain, Cuenca, V-1988, Guadalajara, Durón, 27-V-2012"""
O021,5.002,0.76,1.54,2.54,1.97,6.03,1.04,8.97,3.18,6.55,3.90,18.83,19.92,9.34,2,2978/3215,Crambidae,"""Agrotera sp. (cf. basinotata)""","""Malaysia, Pahang, Genting Highlands, 1700 m, 15-V-2014"""
O022,18.09,1.01,1.99,5.02,2.87,10.45,1.67,18.24,6.3,13.54,8.77,35.31,39.35,16.48,1,2221,Crambidae,"""Pantographa limata (Grote & Robinson, 1867)""","""U.S.A., Wisconsin, E Langlade on fish hatchery, 18-VII-2009"""
O023,12.23,1.05,1.91,3.70,2.59,6.04,1.35,12.84,4.73,9.37,5.62,25.50,28.28,10.79,1,5795,Crambidae,"""Patania cf. punctimarginalis (Hampson, 1896)""","""Indonesia, W. Kalimantan, Mt. Bawang (00°53.5'N, 109°22.2E), 245 m, VIII-2017"""
O024,38.31,1.28,2.91,6.32,3.57,10.1,1.94,20.96,7.01,14.57,10.03,38.59,45.49,17.7,1,3126,Crambidae,"""Phostria sp. (cf. dorhnii)""","""Peru, Dep. Amazonas, Montenegro, 800-1200 m, XI-2009"""
O025,13.33,0.94,2.08,4.37,2.67,7.7,1.33,14.47,3.5,10.67,6.07,27.72,31.61,13.01,1,5094,Crambidae,"""Agathodes designalis (Guenée, 1854)""","""U.S.A., Arizona, Santa Cruz Co., Ruby Mine (31° 36' 29.0'' N, 111° 14' 19.7'' W), 19-VII-1996, W.F. Babcock leg."""
O026,47.37,1.11,2.82,5.81,4.73,12.16,2.41,18.94,5.44,13.83,8.95,40.56,42.61,19.07,1,2281,Crambidae,"""Agathodes sp.""","""Vietnam, Lam Dong prov., Di Linh mt., 900 m, IV-2013"""
O027,11.07,1.19,1.86,4.19,2.56,6.24,1.2,12.03,4.31,8.61,5.88,25.67,26.62,11.62,1,3019,Crambidae,"""Agrioglypta cf. deliciosa Butler""","""Malaysia, Pahang, Genting Highlands, 1700 m, 24-VI-2013"""
O028,14.85,1.05,2.00,3.44,2.73,8.18,1.98,15.07,5.3,11.32,7.28,29.74,32.87,12.67,1,1235,Crambidae,"""Agrioglypta sp. (cf. naralis)""","""Vietnam, Lao Cai, Sapa, X-2015, Vo Van Nhon leg."""
O029,72.22,0.96,2.94,6.11,3.95,8.96,2.59,21.08,8.34,15.54,9.91,38.97,46.11,16.03,1,5351,Crambidae,"""Aphytoceros lucusalis (Walker, 1859)""","""Australia, Queensland, Ningi, X-2005"""
O030,38.687,1.50,2.68,5.79,4.40,10.18,2.44,22.85,8.19,15.65,10.99,45.03,50.11,17.48,2,2734/3083,Crambidae,"""Botyodes asialis Guenée, 1854""","""Vietnam, Da Nang, Ba Na, XII-2013, Vo Van Nhon leg."""
O031,12.475,0.97,1.98,3.73,3.16,7.89,1.89,15.16,6.63,11.28,7.53,30.27,33.48,12.60,2,4396/4515,Crambidae,"""Botyodes crocopteralis (Hampson, 1898)""","""Vietnam, Da Nang, Ba Na Mt., 1450 m., IX-2015, Lam Dong, Lac Duong, Bidoup Nui Ba Natl. Pk., 20-III-2016, Vo Van Nhon leg."""
O032,29.73,1.22,2.44,4.67,3.17,8.34,2.19,16.16,6.06,11.53,7.85,32.62,35.49,14.23,1,5709,Crambidae,"""Botyodes flavibasalis (Moore, 1867)""","""Indonesia, W. Kalimantan, Mt. Bawang (00°53.5'N, 109°22.2E), 245 m, VIII-2017"""
O033,20.46,1.47,2.32,5.69,3.83,12.28,1.43,17.19,5.91,13.09,9.14,36.14,38.21,19.44,1,974,Crambidae,"""Cadarena pudoraria""","""Ecuatorial Guinea, Bata, IV-1964"""
O034,13.47,1.01,1.94,4.22,2.75,6.95,1.1,11.34,5.46,8.93,5.59,23.42,25.43,12.18,1,3029,Crambidae,"""Cirrhochrista sp.""","""Malaysia, Pahang, Genting Highlands, 1700 m, 12-VII-2014"""
O034b,12.92,1.11,1.88,3.24,2.72,6.75,1.89,12.05,5.03,9.55,5.72,23.55,26.84,11.11,1,5802,Crambidae,"""Conogethes sp.""","""Indonesia, W. Kalimantan, Mt. Bawang (00°53.5'N, 109°22.2E), 245 m, VIII-2017"""
O035,14.308,1.02,2.17,4.68,2.52,11.02,1.51,16.80,5.13,11.06,6.46,34.87,36.13,16.72,2,5722/5723,Crambidae,"""Cydalima laticostalis (Guenée, 1854)""","""Indonesia, W. Kalimantan, Mt. Bawang (00°53.5'N, 109°22.2E), 245 m, VIII-2017"""
O036,24.46,1.22,2.32,4.51,3.64,8.91,2.23,16.03,5.27,11.43,8.54,31.96,35.7,14.64,1,2959,Crambidae,"""Cydalima sp. (cf. elwesialis)""","""Indonesia, W. Sumatra, Harau Valley, VII-2007"""
O037,15.237,0.94,1.97,3.09,2.75,7.12,1.73,14.02,5.31,10.87,6.77,28.33,30.79,11.15,2,3534/3535,Crambidae,"""Glyphodes sp. (cf. actorionalis)""","""Vietnam, Quang Ngai, Mt. Bato, 1200 m, III-2015, T. Le Luong leg."""
O038,24.387,1.27,2.23,4.49,3.67,9.23,1.94,16.1,5.4,11.79,8.93,32.5,35.87,14.99,2,3060/1238,Crambidae,"""Glyphodes sp. (cf. stolalis)""","""Vietnam, Sapa, Lao Cai, 1-XI-2014, X-2015, Hang Mien Tué leg."""
O039,6.998,0.82,1.53,2.71,2.07,6.90,1.27,11.65,3.46,8.59,5.70,23.63,25.37,10.44,2,1236/3893,Crambidae,"""Maruca vitrata (Fabricius, 1787)""","""Korea, South Korea (no loc.), X-2012, Vietnam, Lao Cai, Sapa, X-2015, Vo Van Nhon leg."""
O040,137.09,1.20,3.48,6.64,4.38,11.86,4.49,24.25,7.44,15.60,9.02,49.43,52.89,19.71,1,7434,Crambidae,"""Pachynoa purpuralis Walker, 1866""","""Malaysia, Borneo Island, Sabah, Trus Madi, VII-2011, V. Gromenko leg."""
O041,68.559,1.65,3.26,5.64,4.56,11.61,4.4,21.65,7.77,14.09,9.44,42.02,47.86,18.90,2,4400/4401,Crambidae,"""Pachynoa sp. (cf. sabelialis)""","""Vietnam, Thua Thien Hue, Bach Ma Mt., 1400 m, I-2016"""
O042,9.863,0.92,1.72,3.22,2.47,6.45,1.63,12.70,4.15,9.31,6.74,25.49,27.88,10.59,3,3967/3968/6872,Crambidae,"""Palpita vitrealis (Rossi, 1794)""","""Spain, Guadalajara, VIII-1984, e.l. 82/54, Durón, 8-VI-2019, E.G.B. leg."""
O043,32.973,1.22,2.57,5.45,4.31,10.44,2.29,17.61,6.11,12.6,9.13,36.8,39.54,17.11,2,2261/5726,Crambidae,"""Parotis sp. A (cf. marinata, marginata)""","""Vietnam, Lao Cai prov., Sapa mt., 1800 m, 07-2013, Indonesia, W. Kalimantan, Mt. Bawang (00°53.5'N, 109°22.2E), 245 m, VIII-2017"""
O044,67.65,1.76,2.89,7.30,4.79,13.57,2.52,28.04,9.01,19.6,13.57,52.08,60.89,22.64,1,975,Crambidae,"""Parotis sp. C cf. baldersalis (Walker, 1859)""","""Ecuatorial Guinea, Bata, I:1964"""
O045,14.285,0.91,1.88,3.51,2.42,7.14,1.42,12.98,4.01,9.36,6.1,25.62,28.38,11.56,1,5727,Crambidae,"""Parotis sp. E""","""Indonesia, W. Kalimantan, Mt. Bawang (00°53.5'N, 109°22.2E), 245 m, VIII-2017"""
O046,50.614,1.36,2.90,6.16,4.72,10.92,3.00,21.01,7.56,14.94,9.54,43.40,46.75,18.45,2,7435/7456,Crambidae,"""Parotis sp. F""","""Malaysia, Borneo Island, Sabah, Trus Madi, VII-2011, V. Gromenko leg."""
O047,29.38,1.04,2.44,5.31,3.15,8.51,1.7,18.8,6.6,13.75,8.87,35.94,40.75,14.86,1,3085,Crambidae,"""Pygospila tyres (Cramer, 1780)""","""Vietnam, Quang Ngai, Mt. Bato, 950 m, IX-2014"""
O048,21.907,1.17,2.54,5.07,3.66,10.79,1.91,20.46,7.74,14.63,9.37,41.09,44.58,17.04,7,5009/5971-5976,Crambidae,"""Radessa sp.""","""Vietnam, Thua Thien Hue, Bach Ma Mt., 1400 m, XI-2016, Quang Nam, Tay Giang, Axan mt., 1300 m, XI-2017, T. Le Luong leg."""
O049,41.097,1.19,2.55,5.27,3.69,8.91,2.18,18.72,7.09,13.71,8.73,38.62,41.14,15.38,3,3530/3531/3889,Crambidae,"""Rhagoba octomaculalis (Moore, 1867)""","""Vietnam, Quang Ngai, Mt. Bato, 1200 m, II-2015, T. Le Luong leg., Kon Tum, Ngoc Linh, IX-2015"""
O050,10.71,1.02,1.69,4.03,3.15,7.89,1.84,16.66,5.43,11.22,6.92,31.57,36.48,12.94,1,976,Crambidae,"""Stemorrhages sp.""","""Ecuatorial Guinea, Bata, I- 1964"""
O051,70.588,1.48,2.99,6.92,4.24,12.39,2.50,23.46,7.84,17.66,11.63,46.77,51.17,20.80,4,4589/4590/7359/7360,Crambidae,"""Stemorrhages sericea (Drury, 1773)""","""Madagascar, Moramanga, II-2007, Fianarantsoa, Ifnadiana, Ranomafana, 1-III-2019, V. Golovizin leg."""
O052,6.04,1.04,1.55,3.00,2.03,6.65,1.12,11.77,3.76,9.33,5.76,23.07,25.59,10.69,1,5803,Crambidae,"""Talanga sp.""","""Indonesia, W. Kalimantan, Mt. Bawang (00°53.5'N, 109°22.2E), 245 m, VIII-2017"""
O053,39.91,1.52,2.85,6.13,5.96,17.01,2.80,22.62,6.13,16.47,10.88,48.01,51.21,24.67,1,903,Crambidae,"""Terastia egialealis (Walker, 1859)""","""Thailand, Chiang Mai, Doi Inthanon, VIII-2006"""
O054,45.9,0.95,2.63,5.09,3.12,11.31,2.39,17.85,3.82,13.42,8.35,37.18,38.82,17.35,1,5093,Crambidae,"""Terastia meticulosalis (Guenée, 1854)""","""U.S.A., Arizona, Santa Cruz Co., Ruby Mine (31° 36' 29.0'' N, 111° 14' 19.7'' W), 19-VII-1996, W.F. Babcock leg."""
O055,24.12,1.45,2.68,5.07,3.47,10.28,1.69,16.73,3.95,11.60,7.89,34.90,36.93,16.81,1,4835,Crambidae,"""Terastia sp.""","""Thailand, Pattava, Koh-Larn ist., 2-XII-2016, V. Golovizin leg."""
O056,22.695,0.98,2.36,4.37,3.23,9.45,1.21,16.81,6.22,12.30,7.34,32.97,36.86,14.81,2,3218/3158,Crambidae,"""Tyspanodes sp. cf. flavolimbalis""","""Indonesia, S. Sumatra, Mt. Dempo, VII-2013, Vietnam, Lao Cai, Sapa, VII-2014"""
O057,287.882,1.42,3.92,8.85,5.92,15.34,4.73,31.63,13.97,20.34,14.73,60.01,69.18,25.63,3,911/6554/6555,Crambidae,"""Siga liris (Cramer, 1775)""","""Bolivia, Puno, Nor Yungas, X-2010, Peru, Loreto, San Regis, I-2017"""
O058,5.40,0.50,1.18,2.22,1.59,5.27,1.02,8.20,2.70,6.60,0.85,17.45,17.99,8.49,1,7690,Crambidae,"""Herpetogramma dorsipunctalis (Rebel, 1892)""","""Spain, Tenerife, Santa Cruz de Tenerife, 3-XII-2010, G. Gómez de Aizpurua leg."""
O059,4.420,0.68,1.42,2.50,1.97,4.98,1.25,10.00,3.29,8.18,4.73,20.79,21.97,8.17,2,7694/7695,Crambidae,"""Spoladea recurvalis (Fabricius, 1775)""","""Spain, Tenerife, Santa Cruz de Tenerife, 10/20-XI-2010, C. Gómez de Aizpurua leg."""
O060,14.546,1.14,2.16,4.79,2.63,9.07,1.35,15.91,5.25,11.33,6.86,32.09,34.45,15.01,2,5724/5725,Crambidae,"""Bradina sp.""","""Indonesia, W. Kalimantan, Mt. Bawang (00°53.5'N, 109°22.2E), 245 m, VIII-2017"""
O061,3.156,0.73,1.54,2.41,1.68,7.19,0.98,11.47,4.20,9.23,5.16,22.78,24.62,10.33,4,3335/3336/3337/4301,Crambidae,"""Dolicharthria punctalis (D. & Schiff., 1775)""","""Spain, Madrid, Aranjuez, 6-V-1994, Cantoblanco, 20-VII-2016, M.L. Munguira leg."""
O062,0.787,0.52,0.95,1.48,1.12,3.40,0.77,6.80,2.55,5.20,2.99,14.52,14.73,5.41,3,2855/6229/6230,Crambidae,"""Metasia sp.""","""Spain, Guadalajara, Durón, 730 m, 13-VIII-2014, IX-2018, E.G.B. leg."""
O063,9.587,0.83,1.61,3.21,2.15,8.64,1.43,13.81,5.41,11.08,6.36,27.55,29.79,12.68,3,3962/3963/4350,Crambidae,"""Metasia suppandalis (Hübner, 1823)""","""Spain, Guadalajara, Durón, 18-VIII-1981, 31-VIII-1983, Budia, 950 m, VIII-2016, E.G.B. leg."""
O064,7.53,0.69,1.72,3.02,2.22,6.21,0.69,11.61,4.39,8.54,5.68,23.34,25.45,9.93,1,5792,Crambidae,"""Spilomelinae indet. (Bradina? Bacotoma?)""","""Indonesia, W. Kalimantan, Mt. Bawang (00°53.5'N, 109°22.2E), 245 m, VIII-2017"""
O065,24.59,1.07,2.34,4.69,3.38,9.41,2.29,16.64,5.42,12.37,8.27,33.80,36.67,15.17,1,5811,Crambidae,"""Syllepte iophanes (Meyrick, 1894)""","""Indonesia, W. Kalimantan, Mt. Bawang (00°53.5'N, 109°22.2E), 245 m, VIII-2017"""
O066,5.214,0.83,1.42,2.87,1.93,5.74,0.88,10.63,3.84,6.41,4.89,20.36,23.19,9.44,2,2070/2071,Crambidae,"""Desmia funeralis (Hübner, 1796)""","""U.S.A., Illinois, Iroquois County, 15 m E of St. Anne, VII-2009"""
O067,2.82,0.76,1.2,1.87,1.47,5.19,0.81,9.5,2.98,7.8,4.42,18.54,20.47,7.82,1,6254,Crambidae,"""Diasemia reticularis (L., 1761)""","""Hungary, Kiskunfélegyháza, 25-IV-2016, erx larva, A. Szabó leg."""
O068,2.63,0.84,1.33,1.97,1.4,3.11,0.93,9.53,2.69,7.24,3.68,20.14,20.46,5.92,1,3623,Crambidae,"""Diasemiopsis ramburialis (Duponchel, 1834)""","""Spain, Guadalajara, Durón, 730 m, 18-V-2015, E.G.B. leg."""
O069,7.17,0.89,1.67,3.3,2.15,6.64,1.42,12.84,4.59,10.07,6.14,26.58,27.83,10.83,1,3957,Crambidae,"""Mecyna auralis (Peyerimhoff, 1872)""","""Spain, Guadalajara, Durón, 9-VIII-1981"""
O070,7.668,0.9,1.66,2.65,2.55,6.64,1.12,11.37,4.38,8.84,5.64,24.25,25.29,10.19,2,2517/3978,Crambidae,"""Mecyna flavalis (D. & Schiff., 1775)""","""Spain, Lérida, Bohí, VIII-2015, Guadalajara, Durón, 22-VI-2014"""
O071,8.048,0.81,1.63,3.01,2.23,6.8,1.20,12.98,5.02,9.98,6.15,25.9,28.19,10.62,2,3955/3956,Crambidae,"""Mecyna trinalis (D. & Schiff., 1775)""","""Spain, Guadalajara, Durón, 28-VI-1982, 22-VI-2014"""
O072,4.662,0.74,1.58,2.82,1.82,6.12,1.08,11.46,2.81,9.21,5.27,23.91,24.74,9.69,5,71/693/4354-4356/8400,Crambidae,"""Nomophila noctuella (D. & Schiff., 1775)""","""Spain, Guadalajara, Durón, 1989, 18-V-2015, 2017, Budia, 950 m, IX-2016, E.G.B. leg."""
O073,4.73,0.71,1.45,2.79,1.79,4.89,1.11,8.78,2.64,6.13,3.13,18.20,19.35,8.39,1,3926,Crambidae,"""Syngamia florella (Cramer, 1781)""","""U.S.A., Florida, Tallahassee, Leon Co., Tall Timbers Res, Stn., 29.IX-1989"""
O074,24.841,1.15,2.47,4.82,3.95,7.98,2.08,17.97,7.66,13.40,10.09,34.84,39.89,13.95,2,3081/3145,Crambidae,"""Hemopsis sp.""","""Vietnam, Quang Ngai, Mt, Bato, 950 m, IX-2014"""
O075,20.419,1.29,2.60,4.74,3.27,9.92,2.28,16.15,5.42,11.44,8.14,33.17,35.58,15.97,2,4398/4399,Crambidae,"""Nevrina procopia (Stoll, 1781)""","""Vietnam, Quang Ngai, Bato Mt., 900 m, IX-2015"""
O076,16.07,1.16,2.01,4.30,2.80,8.06,0.88,18.36,6.8,13.42,8.58,34.19,39.52,13.52,1,3086,Crambidae,"""Polythlipta cerealis Lederer, 1863""","""Vietnam, Quang Ngai, Mt. Bato, 950 m, IX-2014"""
O077,12.67,0.9,1.83,3.61,2.81,6.95,1.26,12.6,4.41,8.88,6.1,26.02,28.01,11.46,1,2986,Crambidae,"""Pycnarmon sp.""","""Indonesia, S. Sumatra, Mt. Dempo, 24-VI-2013"""
O078,9.01,0.84,1.54,2.70,2.57,6.02,1.34,9.96,3.4,7.63,4.98,21.45,22.49,9.56,1,3022,Crambidae,"""Rehimena phrynealis (Walker, 1859)""","""Malaysia, Pahang, Genting Highlands, 1700 m, 24-VI-2013"""
O079,6.465,0.85,1.89,2.60,1.64,6.19,1.23,11.25,4.08,8.20,4.33,21.83,24.16,9.65,1,5782,Crambidae,"""Xanthomelaena schematias (Meyrick, 1894)""","""Indonesia, W. Kalimantan, Mt. Bawang (00°53.5'N, 109°22.2E), 245 m, VIII-2017"""
O080,34.24,1.06,2.25,4.51,3.96,7.73,2.45,18.62,6.66,14.01,8.00,38.12,41.20,13.3,1,2386,Crambidae,"""Heortia vitessoides (Moore, 1885)""","""Vietnam, Di Linh mt., Lam Dong, 900 m, X-2013"""
O081,3.267,0.66,1.43,2.14,1.79,6.13,0.88,9.07,3.54,7.17,4.58,17.79,19.93,8.94,5,70/1266/692/806/6155,Crambidae,"""Emprepes pudicalis (Duponchel, 1832)""","""Spain, Guadalajara, Durón, 1989, 29-VI-2018, E.G.B. leg."""
O082,5.664,0.96,1.45,3.16,3.00,4.97,1.67,10.04,4.55,7.78,5.71,20.11,23.09,9.10,2,864/3606,Crambidae,"""Eurrhypis sp.""","""Spain, Huesca, Jaca, VII-1986"""
O083,16.615,1.25,2.17,3.92,2.68,7.66,1.41,14.08,5.79,10.05,6.69,26.53,30.84,12.83,1,5731,Crambidae,"""Dausara marginalis (Moore, 1854)""","""Indonesia, W. Kalimantan, Mt. Bawang (00°53.5'N, 109°22.2E), 245 m, VIII-2017"""
O084,6.172,0.65,1.43,2.57,2.10,4.28,1.62,9.47,4.27,8.09,5.73,19.91,21.06,7.51,2,5239/5240,Crambidae,"""Metaxmeste sp.""","""Russia, Buryatia, Tunkinski distr., Mondy, 4-VI-2014, 11-VI-2014, V. Golovizin leg."""
O085,15.01,1.23,2.44,4.55,3.87,10.23,2.31,16.37,6.98,11.8,8.46,34.12,36.61,16.01,1,2733,Crambidae,"""Pitama sp. (cf. hermesalis, lativitta)""","""Vietnam, Da Nang, Ba Na, III-2014, Vo Van Nhon leg."""
O086,2.29,0.47,1.07,1.97,1.29,3.71,0.62,7.72,3.22,6.09,4.47,14.63,16.73,6.15,1,6253,Crambidae,"""Cataonia enubescens (Christoph, 1877)""","""Bulgaria, Stara Kresna, 4-IX-2013, A. Szabó leg."""
O087,5.725,0.59,1.54,2.50,2.11,5.63,1.40,10.96,4.29,8.91,5.63,22.13,24.04,8.73,4,2872/5388/6876/6877,Crambidae,"""Cynaeda dentalis (D. & Schiff., 1775)""","""Spain, Guadalajara, Durón, 730 m, 25-IX-2014, 7-X-2017,  8-VI-2019, E.G.B. leg."""
O088,12.12,0.63,1.56,3.31,2.5,6.09,1.03,12.59,5.51,10.1,7.13,24.04,27.68,10.03,1,2867,Crambidae,"""Ephelis cruentalis (Geyer, 1832)""","""Bulgaria, Stara Kresna, 29-VI-2014, A. Szabó leg."""
O089,10.970,0.78,2.03,4.06,2.48,6.69,1.47,12.62,4.60,9.20,5.80,23.60,27.72,11.54,2,5793/5794,Crambidae,"""Noctuelia sp.""","""Indonesia, W. Kalimantan, Mt. Bawang (00°53.5'N, 109°22.2E), 245 m, VIII-2017"""
O090,2.944,0.66,1.17,2.02,1.91,2.97,0.96,6.69,2.73,5.54,4.41,13.91,15.3,5.66,2,5127/5163,Crambidae,"""Titanio tarraconensis Leraut & Luquet, 1982""","""Spain, Guadalajara, Durón, 730 m, 8-VII-2017, E.G.B. leg."""
O091,2.463,0.59,1.24,1.87,1.57,3.99,1.00,7.84,2.92,6.38,4.32,16.02,17.25,6.46,5,4366/4465/5340/5400/6987,Crambidae,"""Hellula undalis (Fabricius, 1781)""","""Spain, Guadalajara, Durón, IX-2016, 2-IX-2019, Madrid, Campus Cantoblanco, 17-X-2017, E.G.B. leg."""
O092,1.501,0.47,0.94,1.79,1.21,2.88,0.87,6.30,2.34,5.00,3.12,13.01,13.82,5.15,2,7680/7719,Crambidae,"""Hyperlais rivasalis (Vázquez, 1905)""","""Spain, Madrid, Aranjuez, El Regajal, 8-VI-2006, C. Gómez de Aizpurua leg."""
O093,5.942,0.56,1.30,2.21,1.64,4.68,1.36,8.31,2.91,6.78,4.12,17.93,18.28,7.46,2,7671/7672,Crambidae,"""Cornifrons ulceratalis Lederer, 1758""","""Spain, Tenerife, Santa Cruz de Tenerife, 30-X-2012, C. Gómez de Aizpurua leg."""
O094,13.37,1.17,1.99,3.8,3.7,6.45,1.5,13.21,6.06,10.64,8.31,27.33,30.12,11.42,1,3782,Crambidae,"""Crocidolomia suffusalis Hampson, 1891""","""Vietnam, Da Nng, Ba Na mt., 1450 m, VI-2015"""
O095,9.003,0.93,1.75,3.30,2.43,5.95,1.18,13.14,5.20,10.31,6.95,25.47,28.71,10.19,2,72/3960,Crambidae,"""Evergestis frumentalis (L., 1761)""","""Spain, Ávila, Sierra de Gredos, Hotocasero, 1996, Madrid, Valdelatas, 11-IV-2015"""
O096,8.365,0.71,1.50,2.65,2.19,7.04,1.51,14.13,4.68,11.05,7.51,26.03,30.45,10.41,2,7720/7721,Crambidae,"""Evergestis isatidalis (Duponchel, 1833)""","""Spain, Madrid, Cantoblanco, 18/25-XI-2021, E.G.B. leg (ex larva)"""
O097,5.301,0.57,1.42,2.59,2.30,5.52,1.07,10.73,4.26,8.52,5.56,21.71,23.77,8.69,2,3964/3965,Crambidae,"""Evergestis politalis (D. & Schiff., 1775)""","""Spain, Guadalajara, Durón, 16-VIII-1981, 26-VI-1982"""
O098,11.317,0.85,1.87,2.90,2.6,7.55,1.27,13.21,4.89,10.67,7.81,26.65,29.02,11.32,2,7481/7482,Crambidae,"""Evergestis sp.""","""Russia, E. Siberia, Buryatia, Ivolginskiyi distr., near Ivolginsk, 600 m, 3-VIII-2017, A. Filippov leg."""
O099,2.72,0.71,1.26,2.07,1.53,3.92,1.06,8.95,3.84,7.01,4.96,16.08,19.43,6.70,1,311,Crambidae,"""Evergestis sp. (cf. marionalis Leraut, 2003)""","""Spain, Guadalajara, Durón, 20-IX-2015"""
O100,19.074,1.16,2.24,3.91,3.12,8.47,2.06,15.13,5.83,11.25,6.32,30.65,33.38,13.55,2,5012/5060,Crambidae,"""Aelopetra sp.""","""Vietnam, Thua Thien Hue, Bach Ma Mt., 1400 m, XI-2016"""
O101,116.30,1.51,4.01,7.86,5.01,11.61,3.67,26.78,12.37,17.12,13.98,50.48,58.57,20.98,1,6553,Crambidae,"""Eupastranaia tumidifrons (Munroe, 1970)""","""Peru, Loreto, San Regis, I-2017"""
O102,81.66,2.07,3.92,6.62,4.56,9.15,2.57,27.44,12.3,20.34,14.28,48.46,59.44,17.84,1,6687,Crambidae,"""Midila lamia (Munroe, 1970)""","""Peru, Loreto, no loc., I-2017"""
O103,75.959,1.49,3.22,7.29,4.46,14.79,2.72,28.98,12.77,23.37,13.73,56.81,62.43,23.57,2,6383/6384,Crambidae,"""Brihaspa atrostigmella Moore, 1868""","""Thailand, Chiangmai, VIII-2014"""
O104,5.868,0.69,1.48,2.83,1.94,7.48,1.44,13.12,4.17,11.14,5.41,27.08,28.18,11.00,2,7553/7554,Crambidae,"""Donacaula mucronella (D. & Schiff., 1775)""","""Hungary, Kiskumfélegyháza, 7/12-VI-2020, A. Szabó & V.B.Zsuzsi leg."""
O105,2.87,0.58,1.03,1.57,1.56,3.32,1.17,7.45,2.19,5.89,3.06,14.98,16.46,5.47,1,2901,Crambidae,"""Eoparargyractis irroratalis (Dyar, 1917)""","""U.S.A., Louisiana, St Tammany Parish 4.2 mi NE Abita Springs, 23-IV-2014, V.A. Brou leg."""
O106,1.57,0.36,1.09,1.87,1.4,2.6,0.99,5.83,2.49,4.67,3.35,11.72,13.06,4.83,1,3185,Crambidae,"""Nymphulini indet.""","""Malaysia, Pahang, Genting Highlands, 1700 m, 24-VI-2013"""
O107,10.069,1.01,1.98,3.79,2.40,8.23,1.06,13.27,4.93,9.20,6.63,25.32,28.95,13.04,2,3057/3068,Crambidae,"""Paracymoriza nigra (Warren, 1896)""","""Malaysia, Pahang, Genting Highlands, 1700 m, V/VI-2013-2014"""
O108,2.565,0.64,1.36,2.27,1.66,4.27,1.15,7.74,2.55,6.37,3.33,16.14,17.15,7.18,3,3941/3942/3943,Crambidae,"""Paraponyx obscuralis (Grote, 1881)""","""U.S.A., Louisiana, St. Tamany Parish, 30° 30.986'N, 89° 57.276'W, 24/28-V-2015, V.A. Brou leg."""
O109,2.826,0.48,0.97,1.62,1.54,3.43,1.14,7.58,2.12,5.66,3.08,15.3,16.71,5.53,2,2902/2903,Crambidae,"""Paraponyx seminealis (Walker, 1859)""","""U.S.A., Louisiana, St Tammany Parish 4.2 mi NE Abita Springs, 21-IV-2014, V.A. Brou leg."""
O110,3.330,0.81,1.69,2.88,1.95,7.48,1.50,11.79,4.07,9.54,5.34,23.37,25.55,11.17,2,6247/6251,Crambidae,"""Elophila nymphaeata (L., 1758)""","""Hungary, Magyartés, 9-VIII-2015, A. Szabó leg."""
O111,10.275,1.05,1.87,3.16,2.75,10.15,1.76,16.33,4.43,13.78,8.51,33.29,35.41,14.37,2,308/2039,Crambidae,"""Ancylolomia palpella (D. & Schiff., 1775)""","""Spain, Guadalajara, Durón, IX-2013, 20-IX-2015, E.G.B. leg."""
O112,9.610,0.91,1.98,3.55,2.57,10.40,1.74,14.85,4.43,12.40,7.45,30.98,32.27,14.88,4,529/789/3801/5320,Crambidae,"""Ancylolomia tentaculella (Hübner, 1796)""","""Spain, Madrid, Valdelatas, 700 m, 11-IX-2015, Guadalajara, Durón, 1982, 16-IX-2017, E.G.B. leg."""
O113,2.637,0.73,1.39,2.10,1.71,5.71,1.31,10.34,3.00,8.76,5.59,21.60,22.40,8.55,9,312/598/4449-4453/5315/5316,Crambidae,"""Agriphila geniculea (Haworth, 1811)""","""Spain, Guadalajara, Durón, IX-2012, 20-IX-2015, 16-IX-2017, E.G.B. leg."""
O114,6.11,0.77,1.36,2.73,1.76,5.48,1.40,12.54,3.76,10.56,6.12,24.54,26.84,8.99,1,7476,Crambidae,"""Agriphila selasella (Hübner, 1813)""","""Hungary, Kiskunfélegyháza, 22-IX-2015, A. Szabó leg."""
O115,2.088,0.57,1.14,1.66,1.43,4.53,0.96,8.58,2.98,7.38,5.26,17.61,18.61,6.77,6,4338/3787/3788/5140-5142,Crambidae,"""Agriphila straminella (D. & Schiff., 1775)""","""France, Port du Portalet, 2-VIII-2016, Spain, León, Truchillas, 16-VII-2015, Madrid, Rascafría, 11-VII-2017, E.G.B. leg."""
O116,1.465,0.58,1.05,1.97,1.36,3.61,0.61,8.04,2.6,6.95,5.05,16.13,17.44,6.16,1,1320,Crambidae,"""Catoptria falsella (D. & Schiff., 1775)""","""Bulgaria, Kalimantsi, 5-IX-2013, A. Szabó leg."""
O117,2.617,0.77,1.42,2.23,1.62,5.07,1.11,10.64,3.09,8.73,5.14,22.27,22.91,8.08,2,600/2042,Crambidae,"""Catoptria fulgidella (Hübner, 1813)""","""Spain, Guadalajara, Durón, IX-2012"""
O118,2.999,0.58,1.22,1.82,1.54,3.62,0.87,7.53,2.23,7.17,4.39,18.2,16.60,6.03,2,576/2851,Crambidae,"""Catoptria pinella (L., 1758)""","""Spain, Guadalajara, Durón, IX-2012"""
O119,1.696,0.58,1.12,1.70,1.33,4.43,0.95,8.79,2.49,7.49,4.58,17.67,18.93,6.72,8,2074/309/310/314/315/4454-4456,Crambidae,"""Catoptria staudingeri (Zeller, 1863)""","""Spain, Guadalajara, Durón, IX-2013, IX-2015, E.G.B. leg."""
O120,2.3,0.53,1.05,1.45,1.48,6.02,1.03,8.97,3.14,7.67,5.15,18.27,19.42,8.00,1,2495,Crambidae,"""Chrysocrambus sp. A (dentuellus/craterellus)""","""Spain, Guadalajara, Durón, 1-VI-2014"""
O121,3.357,0.52,1.12,2.11,1.49,5.68,0.88,10.43,3.73,8.89,5.80,20.74,22.35,8.32,3,4954/4961/4963,Crambidae,"""Chrysocrambus sp. B""","""Spain, Cáceres, Guadalupe, 1000 m., 25-V-2017, E.G.B. leg."""
O122,4.107,0.72,1.35,2.25,1.74,5.71,1.18,10.38,3.93,9.29,6.98,21.15,22.51,8.68,4,825/850,Crambidae,"""Chrysoteuchia culmella (L., 1758)""","""Spain, Ávila, Hoyocasero, V-1987, Guadajara, Durón, 2014"""
O123,12.891,0.83,1.64,3.74,2.32,6.67,1.19,12.79,4.62,11.11,7.80,25.61,27.91,11.25,2,7356/7357,Crambidae,"""Chrysoteuchia porcelanella (Motschulsky, 1860)""","""Russia, Primorsky krai, Khasansky, Andreevka, 26-VI-2017, 11-VIII-2017, V. Golovizin leg."""
O124,4.026,0.69,1.26,2.10,1.56,5.36,0.86,10.58,3.33,8.97,5.66,21.47,22.73,8.16,6,4955-4960,Crambidae,"""Crambus lathoniellus (Zincken, 1817)""","""Spain, Cáceres, Guadalupe, 1000 m., 25-V-2017, E.G.B. leg."""
O125,5.75,0.83,1.65,2.62,1.81,5.83,0.93,11.07,3.33,8.96,5.3,21.96,23.95,9.28,1,4311,Crambidae,"""Crambus sp.""","""Spain, Guadalajara, Durón, 24-VII-2016, E.G.B. leg."""
O126,2.78,0.71,1.09,1.92,1.28,3.14,1.01,8.28,2.60,6.81,3.23,17.47,17.84,5.77,1,2513,Crambidae,"""Euchromius sp.""","""Spain, Alicante, El Saladar, 18-IV-2014"""
O127,1.959,0.62,1.18,1.95,1.48,4.29,0.81,8.39,3.38,6.74,4.4,16.85,18.26,6.87,2,6176/6177,Crambidae,"""Euchromius sp. B""","""Spain, Alicante, 1 m, 22-VIII-2018, E.G.B. leg."""
O128,18.141,0.80,2.02,3.97,3.32,10.58,2.20,16.25,5.02,13.67,8.3,34.61,35.84,15.35,2,828/847,Crambidae,"""Metacrambus pallidellus (Duponchel, 1836)""","""Spain, Guadalajara, Durón, VIII-1981"""
O129,3.291,0.56,1.43,2.34,1.76,5.85,1.01,11.53,3.27,9.99,5.84,22.81,24.82,8.76,5,2534/5284/5285/5288/5235,Crambidae,"""Pediasia contaminella (Hübner, 1796)""","""Spain, Guadalajara, Durón, 14-VI-2014, 17-IX-2017, E.G.B. leg."""
O130,4.48,0.84,1.48,2.62,2.34,5.89,1.37,11.70,3.02,9.61,6.55,23.40,25.75,9.36,1,599,Crambidae,"""Pediasia sp. (cf. luteella)""","""Spain, Guadalajara, Durón, IX-2012"""
O131,2.19,0.54,1.18,2.20,1.80,4.19,0.85,8.96,2.41,7.29,4.98,18.40,19.72,6.93,1,2233,Crambidae,"""Platytes alpinella (Hübner, 1813)""","""Hungary, 5 km S Bugac, 18-IX-2012, A. Szabó leg."""
O132,1.311,0.56,1.03,1.70,1.42,4.07,0.84,8.66,2.42,7.46,4.12,17.24,18.74,6.34,7,2393/2394/2853/1323/4797/4798/6286,Crambidae,"""Eudonia angustea (Curtis, 1827)""","""Spain, Guadalajara, Durón, Madrid, Cantoblanco, 2014, Guadalajara, 7-IX-2014, 11-III-2017, IX-2018, Valencia, Utiel, 10-III-2017, E.G.B. leg."""
O133,1.747,0.52,1.08,1.66,1.36,3.77,0.89,7.74,2.56,6.60,4.00,16.29,16.85,5.96,7,2536/2602/3771/6889-6891/6898,Crambidae,"""Eudonia delunella (Stainton, 1849)""","""Spain, Guadalajara, Durón, 725 m, 14/28-VI-2014, 18-V-2015, 6-VI-2019, E.G.B. leg."""
O134,1.672,0.50,1.10,1.86,1.45,3.48,0.80,8.65,2.92,7.31,4.22,17.50,18.75,5.85,2,5300/5301,Crambidae,"""Eudonia lacustrata (Panzer, 1804)""","""Norway, Bergen, 23-VIII-2017, E.G.B. leg."""
O135,1.453,0.54,1.06,1.86,1.26,4.20,0.97,8.49,2.41,7.20,4.27,17.55,18.24,6.60,7,827/846/6076-6080,Crambidae,"""Eudonia murana (Curtis, 1827)""","""Spain, Guadalajara, VII-1981, IV-2018, E.G.B. leg."""
O136,1.942,0.60,1.04,1.94,1.51,4.64,0.91,9.49,2.36,8.26,4.15,20.01,20.51,7.19,8,69/1265/691/805/3914-3917,Crambidae,"""Eudonia truncicolella (Stainton, 1849)""","""Spain, prov. Madrid, 1990"""
O137,1.348,0.50,1.05,2.01,1.17,4.15,0.83,8.61,2.4,7.30,4.46,17.86,18.40,6.66,2,6174/6175,Crambidae,"""Scoparia sp.""","""Spain, Teruel, Torres de Albarracín, VII-2018"""
O138,7.705,0.75,1.45,2.36,2.23,6.82,2.18,10.7,4.8,8.37,5.17,22.45,23.63,9.93,1,3945,Pyralidae,"""Clydonopteron sacculana (Bosc, 1900)""","""U.S.A., Louisiana, St. Tamany Parish, 30° 30.986'N, 89° 57.276'W, 13-IV-2014, V.A. Brou leg."""
O139,20.828,0.60,1.68,4.58,3.60,6.59,1.69,13.63,5.50,11.26,6.80,29.91,30.87,11.77,2,891/1278,Pyralidae,"""Galleria melonella (L., 1758)""","""Spain, no loc"""
O140,382.305,0.91,4.3,10.77,7.01,21.95,4.37,45.26,14.27,35.39,22.02,90.72,97.55,33.63,3,2197/2452/2904,Pyralidae,"""Ethopia roseilinea Walker, 1865""","""Indonesia, W. Papua, Arfak, VII-2012, Arfak, Mybri, 1500 m, VIII-2014"""
O141,13.180,0.56,1.95,3.46,2.67,6.66,1.61,13.85,4.49,11.90,6.33,28.4,30.37,10.69,2,2492/2852,Pyralidae,"""Lamoria anella (D. & Schiff., 1775)""","""Spain, Guadalajara, Durón, 8-VI-2014, 5_VII-2014"""
O142,45.722,1.53,2.71,4.96,3.88,11.76,2.68,19.81,5.65,16.18,8.42,41.85,43.51,18.26,2,3385/3387,Pyralidae,"""Lamoria sp. (cf. infumatella)""","""Vietnam, Quang Ngai, Mt Bato, 500 m, I-2015"""
O143,26.55,0.81,1.83,5.46,2.32,9.37,1.66,23.55,7.47,19.12,9.86,45.78,49.42,15.63,1,5465,Pyralidae,"""Tirathabini indet. (Eldana / Lamoria sp.?)""","""D.R. Congo, Biakato Ituri, IX-2012"""
O144,4.300,0.78,1.32,2.71,2.26,5.89,0.97,11.44,3.65,7.33,4.73,17.87,25.16,9.39,2,831/873,Pyralidae,"""Ematheudes punctellus (Treitschke, 1833)""","""Spain, Guadalajara, Durón, VII-1980"""
O145,8.51,0.77,1.44,2.46,2.35,4.82,1.34,11.64,3.58,9.91,6.24,24.69,25.63,8.03,1,2502,Pyralidae,"""Acrobasis sp.""","""Spain, Guadalajara, Durón, 1-V-2014"""
O146,8.25,0.84,1.54,3.32,2.2,6.53,1.04,11.74,3.18,10.21,6.66,23.94,25.68,10.69,1,2868,Pyralidae,"""Ancylosis cinnamomella (Duponchel, 1836)""","""Bulgaria, Kalimantsi, 4-IV-2014, A. Szabó leg."""
O147,4.169,0.89,1.56,2.58,2.23,5.88,1.22,10.39,2.78,8.75,4.88,22.83,23.01,9.35,1,2085,Pyralidae,"""Ancylosis oblitella (Zeller, 1848)""","""Spain, Guadalajara, Durón, 1982"""
O148,4.731,0.81,1.46,2.72,2.13,4.67,1.18,10.73,3.3,9.06,5.32,21.81,23.61,8.21,2,2530/2531,Pyralidae,"""Asalebria florella (Mann, 1862)""","""Spain, Guadalajara, Durón, VI-2014"""
O149,2.18,0.58,1.10,1.72,1.71,4.24,1.01,8.72,2.34,7.37,3.91,18.16,19.14,6.54,1,2533,Pyralidae,"""Cadra sp.""","""Spain, Guadalajara, Durón, 10-V-2014"""
O150,11.245,0.54,1.77,3.05,2.59,7.12,1.94,12.61,3.74,11.08,6.26,25.73,27.82,10.72,2,7477/7478,Pyralidae,"""Cremnophila auranticiliella Ragonot, 1893""","""Russia, E. Siberia, Buryatia, Ivolginskiyi distr., near Ivolginsk, 600 m, 3-VIII-2017, A. Filippov leg."""
O151,1.249,0.62,1.06,1.60,1.16,3.84,0.79,7.55,1.8,7.07,3.47,15.33,16.26,6.07,2,140/173,Pyralidae,"""Cryptoblabes gnidiella (Millière, 1867)""","""Spain, Guadalajara, Durón, 27-V-2021, 10-VI-2012"""
O152,6.078,0.94,1.69,2.83,2.21,6.30,1.13,11.32,3.15,9.75,5.87,24.13,24.86,10.07,2,6249/6250,Pyralidae,"""Denticera divisella (Duponchel, 1842)""","""Greece, 10 km N Amfissa, 17-X-2012, A. Szabó leg."""
O153,11.66,0.86,2.01,3.26,3.44,8.05,1.32,13.68,3.8,12.1,7.6,29.46,30.8,12.17,1,2503,Pyralidae,"""Dioryctria mendacella (Staudinger, 1859)""","""Spain, Guadalajara, Durón, 1-VI-2014"""
O154,2.628,0.65,1.36,1.80,1.60,4.53,0.96,8.05,2.17,6.25,3.66,17.95,17.72,6.99,4,3798/587/3799/3800,Pyralidae,"""Ephestia kuehniella Zeller, 1879""","""Spain, Valencia, Lab. Stock, 7-VII-2015, N. Agustí leg., Guadalajara, Durón, IX-2012"""
O155,4.73,0.74,1.38,2.03,2.17,4.39,1.16,9.75,2.39,7.61,4.45,20.06,21.68,7.16,1,892,Pyralidae,"""Ephestia sp. A""","""Spain, Guadalajara, Durón, IX-2012"""
O156,1.703,0.62,1.15,2.05,1.47,3.98,0.87,7.86,2.01,6.76,3.74,16.19,17.19,6.66,2,1318/1319,Pyralidae,"""Ephestia sp. B""","""Greece, 10 km N Amfissa, 6-IX-2013, A. Szabó leg., Spain, Guadalajara, Durón, 28-VI-2015"""
O157,11.78,1.2,1.94,2.91,2.79,7.8,1.29,12.77,3.04,10.83,5.62,28.62,28.33,11.91,1,2087,Pyralidae,"""Epischnia prodromella (Hb., 1799)""","""Spain, Guadalajara, Durón, 1981"""
O158,3.386,0.78,1.46,2.18,1.74,4.96,1.10,9.95,2.77,8.49,4.90,20.27,21.65,7.93,2,324/1322,Pyralidae,"""Epischnia sp. cf. illotella Zeller, 1839""","""Spain, Guadalajara, Durón, 20-IX-2015"""
O159,4.032,0.61,1.19,2.34,1.77,5.21,1.14,10.77,3.50,9.16,4.94,22.84,23.32,8.17,2,2518/3660,Pyralidae,"""Eurhodope cruentella (Duponchel, 1843)""","""Spain, Guadalajara, Durón, 14-VI-2014, 28-VI-2015, E.G.B. leg."""
O160,17.065,0.90,1.98,3.78,3.33,8.04,2.70,15.02,4.66,12.47,6.88,32.22,33.38,12.73,3,3946/3947/3948,Pyralidae,"""Euzophera ostricolorella Hulst, 1890""","""U.S.A., Louisiana, St. Tamany Parish, 30° 30.986'N, 89° 57.276'W, 13-IV/13-IV-2014, V.A. Brou leg."""
O161,4.57,0.84,1.59,2.73,2.29,4.49,0.91,11.52,3.12,9.48,6.06,24.1,25.34,8.06,1,156,Pyralidae,"""Euzophera sp.""","""Spain, Guadalajara, Durón, 3-VI-2012"""
O162,2.476,0.61,1.13,2.17,1.53,4.31,1.02,8.11,2.08,7.14,3.83,17.05,17.76,7.10,14,514/775/2538/4346/6066-6075,Pyralidae,"""Homoeosoma sinuella (Fabricius, 1794)""","""Spain, Madrid, Cenicientos, 12-VIII-1991, JCIF det., Alcobendas, 1-VI-2018, Guadalajara, Durón, 22-VI-2014, Budia, 950 m, VIII-2016, E.G.B. leg."""
O163,13.085,0.78,1.78,3.16,2.84,7.56,1.76,14.55,4.84,12.28,8.30,28.78,31.96,11.51,2,6850/6858,Pyralidae,"""Hypochalcia ahenella (D. & Schiff., 1775)""","""Spain, Madrid, Cantoblanco, 30-IV-2019, E.G.B. leg."""
O164,2.611,0.66,1.32,1.89,1.92,4.33,0.87,8.15,2.49,7.32,4.12,18.81,18.22,6.88,1,2520,Pyralidae,"""Merulempista turturella (Zeller, 1848)""","""Spain, Guadalajara, Durón, 10-V-2014"""
O165,4.677,0.53,1.41,2.37,2.02,5.25,1.22,9.73,2.86,8.45,5.13,20.65,21.48,8.15,2,2529/6903,Pyralidae,"""Moitrelia hispanella Staudinger, 1859""","""Spain, Guadalajara, Durón, V-2014, 8-VI-2019, E.G.B. leg."""
O166,4.505,0.84,1.67,2.42,2.05,6.5,1.36,10.63,3.08,9.25,5.41,20.31,23.31,9.76,1,2854,Pyralidae,"""Moitrelia sp.""","""Spain, Guadalajara, Durón, 6-VIII-2014"""
O167,23.397,0.97,1.87,3.28,2.73,7.53,1.82,12.69,3.70,10.86,6.30,27.83,28.13,11.79,3,523/784/6841,Pyralidae,"""Myelois circumvoluta (Fourcroy, 1875)""","""Spain, Guadalajara, Durón, 1982, Cuenca, Casas de Haro (30SWJ65), 750 m., 27-IV-2019, E.G.B. leg."""
O168,9.525,0.72,1.89,3.02,2.71,6.93,1.39,11.50,3.27,10.33,6.23,25.44,25.71,10.68,3,207/759/7523,Pyralidae,"""Oncocera semirubella (Scopoli, 1763)""","""Spain, Guadalajara, Durón, 1982, E.G.B. leg., Hungary, Kiskunfélegyháza, 22-VI-2015, A. Szabó leg."""
O169,2.833,0.64,1.29,2.18,1.88,4.39,0.99,9.19,2.58,7.82,4.65,19.78,20.26,7.22,5,573/883/5383-5385,Pyralidae,"""Oxybia transversella (Duponchel, 1836)""","""Spain, Guadalajara, Durón, IX-2012, 7-X-2017, E.G.B. leg."""
O170,5.222,0.70,1.33,2.41,1.60,4.47,1.12,9.29,2.31,7.86,4.81,19.45,20.18,7.59,2,7692/7693,Pyralidae,"""Pempelia genistella (Duponchel, 1836)""","""Spain, Murcia, Lorca, 11-VI-2016, C. Gómez de Aizpurua leg."""
O171,5.976,0.70,1.46,2.55,2.13,5.79,0.99,10.29,2.85,8.78,4.99,22.45,22.72,9.04,2,1321/2086,Pyralidae,"""Pempelia palumbella (D. & Schiff., 1775)""","""Spain, Guadalajara, Durón, 1982, Guadalajara, 13-V-2015, E.G.B. leg."""
O172,3.980,0.59,1.16,2.07,2.06,4.47,1.05,9.4,2.41,7.64,4.44,18.98,20.86,7.13,3,582/884/2537,Pyralidae,"""Pempeliella sororiella (Zeller, 1839)""","""Spain, Guadalajara, Durón, IX-2012, V-2014"""
O173,3.374,0.57,1.38,2.25,1.71,4.6,1.04,8.51,2.04,7.56,4.27,17.47,18.73,7.42,1,1317,Pyralidae,"""Phycita diaphana (Staudinger, 1870)""","""Spain, Guadalajara, Durón, 18-V-2015"""
O174,1.313,0.59,0.97,1.57,1.24,3.67,0.79,6.82,1.52,5.68,2.83,14.24,14.88,5.84,4,2022/5223/5224/5289,Pyralidae,"""Phycitodes lacteella (Rothschild, 1915)""","""Spain, Guadalajara, Durón, IX-2013, VIII-2017, Brihuega, VIII-2017, E.G.B. leg."""
O175,3.38,0.68,1.31,2.05,1.89,4.78,1.1,8.97,2.4,7.69,4.89,19.29,19.83,7.51,1,3669,Pyralidae,"""Phycitodes sp.""","""Spain, Guadalajara, Durón, 15-VI-2015"""
O176,4.02,0.71,1.54,2.61,2.15,6.79,1.09,12.65,3.16,10.66,6.02,26.58,27.45,10.11,1,2500,Pyralidae,"""Pima boisduvaliella (Guenée, 1845)""","""Spain, Guadalajara, Durón, 10-V-2014"""
O177,1.170,0.49,1.39,1.83,1.38,2.98,0.84,6.26,1.82,5.60,3.01,14.32,13.91,5.31,5,541/542/795/796/3638,Pyralidae,"""Plodia interpunctella (Hübner, 1813)""","""Spain, Madrid, Alcobendas, 2011, Cuenca, 1999"""
O178,10.198,0.85,1.94,3.04,2.84,5.98,1.77,12.39,3.83,10.01,6.59,26.47,27.63,9.87,3,584/3613/3740,Pyralidae,"""Pterothrixidia rufella (Duponchel, 1836)""","""Spain, Guadalajara, Durón, IX-2012, 7-VII-2015, E.G.B. leg."""
O179,9.846,1.02,2.08,3.43,2.33,6.88,1.38,11.66,3.70,10.03,6.53,24.17,25.67,11.34,2,7563/7577,Pyralidae,"""Stenopterix bicolorella (Leech, 1889)""","""Russia, Primorsky krai, Khasansky distr., Zanadverovka, 24-VII-2020, V. Golovizin leg."""
O180,9.213,0.93,1.83,2.83,2.06,5.52,1.04,10.25,3.79,8.3,5.68,20.39,22.57,9.29,3,5098/5099/5100,Pyralidae,"""Cacozelia basiochrealis Grote, 1878""","""U.S.A., Arizona, Santa Cruz Co., Ruby Mine (31° 36' 29.0'' N, 111° 14' 19.7'' W), 19-VII-1996, W.F. Babcock leg."""
O181,8.86,0.95,1.83,2.79,1.92,5.14,1.06,10.07,4.57,8.48,6.09,20.72,22.06,8.88,1,1307,Pyralidae,"""Epipaschia superatalis (Clemens, 1870)""","""U.S.A., Ohio, Portage Co., Triangle Lake, Ravenna Bog, 15-VII-1985"""
O182,20.415,1.13,2.27,3.77,2.45,5.84,1.79,13.86,6.37,10.95,7.7,26.53,30.18,10.75,2,5242/5243,Pyralidae,"""Lista haraldusalis (Walker, 1858)""","""Vietnam, Kon Tum, Dakglei-Dak Man, Thac che, 28-III-2017, V. Golovizin leg."""
O183,61.45,1.45,2.78,7.23,2.51,7.73,2.58,17.56,6.63,12.7,9.94,35.32,37.63,16.41,1,5244,Pyralidae,"""Locastra muscosalis Walker, 1865""","""Vietnam, Kon Tum, Dakglei-Dak Man, Thac che, 27-III-2017, V. Golovizin leg."""
O184,14.68,0.9,2.14,3.64,2.3,5.47,1.38,12.29,4.47,10.32,6.59,25.77,26.88,10.01,1,5095,Pyralidae,"""Oneida luniferella Hulst, 1895""","""U.S.A., Arizona, Santa Cruz Co., Ruby Mine (31° 36' 29.0'' N, 111° 14' 19.7'' W), 19-VII-1996, W.F. Babcock leg."""
O185,22.549,1.07,2.27,3.62,3.15,7.4,2.71,15.09,5.98,11.73,7.55,30.77,33.34,12.09,2,4101/4102,Pyralidae,"""Salma sp.""","""Vietnam, Kon Tum, Ngoc Linh, 1900 m, III-2016, L,T, Le leg,"""
O186,25.966,1.07,2.68,4.83,3.87,7.95,2.49,14.35,5.58,10.44,7.60,30.42,32.58,13.85,3,3597/3598/5801,Pyralidae,"""Salma sp.""","""Vietnam, Quang Ngai, Mt. Bato, 1200 m, III-2015, T. Le Luong leg., Indonesia, W. Kalimantan, Mt. Bawang (00°53.5'N, 109°22.2E), 245 m, VIII-2017"""
O187,8.96,0.8,2.01,3.29,2.02,5.24,1.08,10.37,4.24,8.27,6.38,19.91,22.77,9.34,1,3053,Pyralidae,"""Teliphasa sp.""","""Malaysia, Pahang, Genting Highlands, 1700 m, 27-VI-2013"""
O188,19.676,1.03,2.43,3.73,3.08,7.01,1.47,11.60,4.73,8.50,6.18,22.79,26.30,11.77,2,4821/4854,Pyralidae,"""Termioptycha margarita (Butler, 1879)""","""Thailand, Pattava, Koh-Larn ist., 2-XII-2016, V. Golovizin leg."""
O189,16.42,1.03,2.57,4.32,2.85,6.92,1.20,13.19,5.16,9.47,7.51,25.44,29.23,12.28,1,5800,Pyralidae,"""Termioptycha sp.""","""Indonesia, W. Kalimantan, Mt. Bawang (00°53.5'N, 109°22.2E), 245 m, VIII-2017"""
O190,16.575,1.01,2.75,4.07,2.68,6.60,1.71,12.04,5.31,9.66,6.68,24.43,26.77,11.69,3,5796/5797/5798,Pyralidae,"""Epispachiinae indet.""","""Indonesia, W. Kalimantan, Mt. Bawang (00°53.5'N, 109°22.2E), 245 m, VIII-2017"""
O191,2.378,0.46,1.25,2.48,1.65,4.53,0.96,9.17,3.49,6.94,4.42,18.23,20.00,7.47,3,2514/3653/6252,Pyralidae,"""Endotricha flammealis (D. & Schiff., 1775)""","""Spain, Madrid, Alcobendas, VII-2015, Guadalajara, Durón, 22-VI-2014, Hungary, 2 km E Kétvölgy, 31.VII-2005, A. Szabó leg."""
O192,6.846,0.81,1.82,3.56,2.22,6.58,1.26,10.92,4.01,8.32,5.53,21.01,24.07,10.96,2,3204/3065,Pyralidae,"""Endotricha sp. (cf. mesenterialis Wlk., 1859)""","""Malaysia, Pahang, Genting Highlands, 1700 m, 27-VI-2013"""
O193,6.803,0.44,1.56,2.49,2.16,4.73,1.33,10.01,3.80,7.84,5.04,20.24,22.19,7.66,2,4299/4345,Pyralidae,"""Aglossa (Aglossa) caprealis (Hübner, 1809)""","""Spain, Guadalajara, Budia, 950 m, VIII-2016, Durón, 730 m., 9-VII-2016, E.G.B. leg."""
O194,2.714,0.61,1.44,2.08,1.67,4.59,1.18,9.06,3.09,7.40,4.23,18.69,19.79,7.28,3,3746/5124/5286,Pyralidae,"""Aglossa (Aglossa) pinguinalis (L., 1758)""","""Spain, Madrid, Alcobendas, 22-VII-2015, Cantoblanco, 28-VII-2017, Guadalajara, Durón, 730 m., VIII-2017, E.G.B. leg."""
O195,2.992,0.74,1.52,2.18,1.73,4.65,1.13,8.79,3.36,7.16,4.55,18.26,19.31,7.57,3,5175/6978/6979,Pyralidae,"""Aglossa (Agriope) cf. brabantii Ragonot, 1884""","""Spain, Guadalajara, Durón, 730 m, 17-VII-2017, 2-VIII-2019, E.G.B. leg."""
O197,1.304,0.53,1.07,1.64,1.33,4.09,0.70,7.21,2.36,6.04,3.48,15.45,15.77,6.27,4,2532/2512/165/744,Pyralidae,"""Bostra obsoletalis (Mann, 1884)""","""Spain, Guadalajara, Durón, 1981, 8-VI- 2014, Madrid, Cantoblanco, 18-VI-2014"""
O198,13.43,0.86,2.16,4.61,2.41,6.48,1.35,13.3,4.93,9.77,6.69,25.62,29.01,11.95,1,5729,Pyralidae,"""Herculia productalis (Walker, 1865)""","""Indonesia, W. Kalimantan, Mt. Bawang (00°53.5'N, 109°22.2E), 245 m, VIII-2017"""
O199,32.63,0.91,3.02,6.27,4.18,7.41,2.32,16.34,5.44,11.86,8.27,36.07,36.86,14.59,1,2282,Pyralidae,"""Loryma decusata (Walker, 1863)""","""Vietnam, Lam Dong prov., Di Linh mt., 900 m, VII-2013"""
O200,6.245,0.63,1.50,2.55,2.01,5.05,1.12,9.87,3.99,8.01,5.44,21.02,21.76,8.24,1,6974,Pyralidae,"""Loryma egregialis (Herrich-Schäffer, 1838)""","""Spain, Alicante, Urbanova, 2 m, 2-IX-2019, E.G.B. leg."""
O201,12.77,0.68,2.05,3.73,1.76,6.87,1.63,15.48,6.19,12.54,7.72,29.01,32.72,11.28,2,3131/1130,Pyralidae,"""Mapeta xanthomelas Walker, 1863""","""Peru, Dep. Amazonas, Montenegro, 800-1200 m, XI-2009"""
O202,24.322,1.14,2.78,4.69,3.38,8.94,2.26,19.46,8.46,15.04,10.60,37.02,42.31,14.78,2,3541/3542,Pyralidae,"""Orybina flaviplaga (Walker, 1863)""","""Vietnam, Quang Ngai, Mt. Bato, 1200 m, III-2015, T. Le Luong leg."""
O203,18.383,0.52,2.21,3.96,2.89,7.25,1.61,14.34,6.89,11.39,8.02,29.22,31.57,11.74,2,4829/4830,Pyralidae,"""Orybina regalis (Leech, 1889)""","""Russia, Primorsky krai, Spasski distr., Kalinovka, 26-VI-2015, V. Golovizin leg."""
O204,34.907,0.71,2.41,5.48,3.83,9.15,2.92,20.24,8.22,16.94,9.62,42.56,44.32,15.34,2,4151/4152,Pyralidae,"""Pyralinae indet.""","""Vietnam, Vietnam, Thua Thien-Hue prov., Bach Ma mt., 1400 m, III-2016, L.T. Le leg."""
O205,3.525,0.47,1.48,2.18,2.19,4.65,1.37,9.89,3.34,6.86,3.83,17.93,21.98,7.31,3,829/848/2842,Pyralidae,"""Pyralis farinalis (L., 1758)""","""Spain, Madrid, Cotos de Monterrey, VII-1998, Guadalajara, IX-1981"""
O206,1.845,0.41,1.22,1.88,1.75,3.45,1.12,7.69,2.2,6.00,3.04,17.09,17.13,5.74,1,2516,Pyralidae,"""Pyralis lienigialis (Zeller, 1846)""","""Spain, Cotos, Madrid, 1998"""
O207,4.51,0.64,1.53,2.42,2.16,6.36,0.90,11.35,4.37,9.66,6.26,23.75,24.86,9.43,1,3961,Pyralidae,"""Stemmatophora brunnealis (Treitschke, 1829)""","""Spain, Guadalajara, Durón, 7-VIII-1981"""
O208,2.967,0.46,1.22,1.88,1.86,4.54,1.02,8.36,3.33,7.05,4.19,17.51,18.59,6.88,2,2515/3656,Pyralidae,"""Stemmatophora combustalis (Fischer von Röslerstamm, 1842)""","""Spain, Guadalajara, Durón, 22-VI-2014, 28-VI-2015"""
O209,8.469,0.67,1.59,2.78,2.31,7.05,1.54,11.54,4.09,9.77,6.05,22.95,25.42,10.50,2,2496/2497,Pyralidae,"""Synaphe aberralis (Guenée, 1854)""","""Spain, Guadalajara, Durón, 1-VI-2014"""
O210,15.208,0.72,1.99,3.90,3.07,8.64,1.70,13.78,5.61,11.10,8.02,27.48,30.64,13.24,4,863/1116/3614/3619,Pyralidae,"""Synaphe bombycalis (D. & Schiff., 1775)""","""Spain, Ávila, Hoyocasero, VII-1987, Spain, Guadalajara, San Andrés del Rey, 18-V-2015"""
O211,3.69,0.48,1.01,2.62,2.53,5.20,1.77,8.56,2.72,7.17,4.41,16.56,19.65,8.30,1,513,Pyralidae,"""Synaphe chellalalis (Hampson, 1900)""","""Spain, Madrid, Aranjuez, 1994"""
O212,7.368,0.68,1.69,2.89,2.30,6.42,1.71,11.42,4.44,9.40,6.42,23.03,25.14,10.01,3,4885/4888/6842,Pyralidae,"""Synaphe diffidalis (Guenée, 1854)""","""Spain, Alicante, 12-IV-2017, Alicante, El Altet (30SYH14), 3 m, 14-IV-2019, E.G.B. leg."""
O213,17.037,0.86,1.85,3.59,2.78,8.95,1.38,13.97,5.39,11.74,8.39,27.92,30.72,13.41,3,2250/2251/6248,Pyralidae,"""Synaphe moldavica (Esper, 1794)""","""Hungary, Kiskunfélegyháza, 16-VI-2013, A. Szabó leg."""
O214,5.66,0.68,1.5,2.49,1.97,5.79,1.31,12.22,4.19,10.76,6.11,24.55,26.41,8.96,3,4301/5128/5137,Pyralidae,"""Synaphe punctalis (Fabricius, 1775)""","""Spain, Madrid, Cantoblanco, 20-VII-2016, 12-VII-2017, M.L. Munguira leg., Rascafría, 11-VII-2017, E.G.B. leg."""
O215,50.344,1.02,2.66,5.81,3.69,9.41,1.93,19.45,7.30,13.73,9.80,34.59,42.59,16.24,5,908/3089/3090/5815/5816,Pyralidae,"""Toccolosida rubriceps Walker, 1863""","""Malaysia, Fraser's Hill, XII-2011, Vietnam, Quang Ngai, Mt. Bato, 950 m, IX-2014, Indonesia, W. Kalimantan, Mt. Bawang (00°53.5'N, 109°22.2E), 245 m, VIII-2017"""
O216,8.994,0.82,1.85,3.42,2.09,5.59,1.07,11.64,4.94,8.67,6.15,22.26,25.38,9.84,2,5241/5406,Pyralidae,"""Zytha tripartalis (Joannis, 1930)""","""Vietnam, Kon Tum, Dakglei-Dak Man, Thac che, 24-III-2017, V. Golovizin leg."""
O217,29.196,1.19,2.55,4.84,3.41,9.49,2.09,18.89,8.11,14.65,10.05,38.8,41.19,15.53,5,3543-3545/3547/3548,Pyralidae,"""Arctioblepsis rubida Felder & Felder, 1862""","""Vietnam, Quang Ngai, Mt. Bato, 1200 m, III-2015, T. Le Luong leg."""
O218,24.176,0.74,2.25,4.26,3.39,7.92,2.55,15.48,7.45,11.75,9.06,29.97,34.37,12.93,2,7562/7575,Pyralidae,"""Lantzina prasinalis (Hampson, 1906)""","""Uganda, Kabarole Fort Portal, Nkuruba lake nat. reserve, 20/28-XI-2019, V. Golovizin leg."""
O219,17.88,0.95,2.36,3.49,2.66,8.05,1.62,14.6,5.23,12.03,7.17,29.89,31.86,12.49,1,5700,Pyralidae,"""Vitessa sp. (cf. hieratica Swinhoe)""","""Indonesia, W. Kalimantan, Mt. Bawang (00°53.5'N, 109°22.2E), 245 m, VIII-2017"""
O220,63.003,1.17,2.84,5.20,2.68,12.45,2.04,23.14,7.46,17.68,10.48,43.60,48.97,18.83,2,5485/5486,Pyralidae,"""Vitessa pyraliata Walker, 1864""","""Philippines, Mindanao, South Cotabato, Mt. Matutum, VI-2017"""
O221,37.422,1.17,2.89,5.36,4.34,11.79,2.81,21.22,7.19,17.04,10.26,44.86,46.79,18.32,2,2387/2388,Pyralidae,"""Vitessa suradeva (Moore, 1860)""","""Vietnam, Di Linh mt., Lam Dong, 900 m, VII-2013"""
O222,53.96,1.24,2.84,5.56,3.53,9.89,2.32,21.12,7.22,16.81,8.97,41.03,45.79,16.70,1,7401,Pyralidae,"""Vitessa teloroma Swinhoe, 1906""","""No loc. (Asia), VIII-2018, M. Wiles leg."""
O223,29.612,1.42,2.52,4.25,2.96,9.32,1.65,19.97,7.59,15.75,8.75,34.68,42.91,14.99,2,5628/5629,Pyralidae,"""Vitessa sp. (near V. zemire)""","""Philippines, Mindanao, South Cotabato, Mt. Matutum, VI-2017"""
O224,76.876,0.53,1.92,6.88,5.28,9.43,3.00,15.76,8.71,13.26,11.13,34.58,36.80,16.85,2,3820/3821,Hyblaeidae,"""Hyblaea constellata Guenée, 1862""","""Vietnam, Dong Tien, Binh Thuan, VII-20154"""
O225,53.634,0.55,1.86,6.5,4.48,7.41,2.43,16.01,8.21,13.25,10.85,35.39,36.51,14.47,4,3570/3994/5432/5439,Hyblaeidae,"""Hyblaea firmamentum Guenée, 1852""","""Vietnam, Lao Cai, Sapa mt., 1800 m, IV-2015, Lam Dong, Bao Lam, Dambri, IX-2015, Yenbai prov., Mucangchai, 1700 m, VII-2017"""
O226,34.947,0.84,2.14,5.93,4.30,8.03,2.43,13.75,6.15,11.60,8.38,28.70,31.80,14.83,2,2884/3243,Hyblaeidae,"""Hyblaea puera (Cramer, 1777)""","""Indonesia, Southeast Sulawesi, Pulau Muna Island, X-2011"""
O227,78.83,0.81,2.3,8.85,5.67,10.4,3.26,19.4,9.7,15.6,11.49,38.55,44.47,20.06,1,2510,Hyblaeidae,"""Hyblaea sp. A""","""Indonesia, W. Papua, Arfak, Minyambouw, 800 m, VI-2013"""
P001,77.73,1.57,3.32,6.88,3.49,10.9,2.93,20.23,8.29,12.77,9.05,40.43,43.95,19.35,1,6561,Mimallonidae,"""Menevia sp. (subgroup vulgaris: Alexander & Dombroskie, 2016)""","""Peru, Loreto, San Regis, I-2017"""
P002,18.988,0.45,1.70,4.53,2.58,6.93,2.35,15.56,6.76,10.87,6.5,29.06,33.71,11.92,3,910/1013/1014,Mimallonidae,"""Lacosoma chiridota Grote, 1864""","""U.S.A., Tennessee, Franklin, I-2011"""
P003,70.02,0.94,3.97,6.14,4.17,11.91,4.19,25.83,13.08,16.02,12.9,47.92,55.83,18.99,1,6703,Mimallonidae,"""Mimallo amilia (Cramer, 1780)""","""Peru, Loreto, no loc., I-2017"""
P004,70.295,0.89,2.99,5.92,4.06,10.52,3.54,18.79,8.61,13.68,8.62,34.93,41.65,17.34,3,2895/2896/2935,Mimallonidae,"""Cicinnus melsheimeri (Harris, 1841)""","""U.S.A., Louisiana, St Tammany Parish 4.2 mi NE Abita Springs, IV/V-2014, V.A. Brou leg."""
P005,195.43,1.83,3.93,8.03,4.39,12.77,4.06,28.13,13.87,17.33,14.53,49.46,60.65,22.63,1,6564,Mimallonidae,"""Cicinnus sp. (cf. C. tuisiana)""","""Peru, Loreto, San Regis, I-2017"""
P006,174.33,1.96,4.03,8.31,4.49,13.72,4.12,23.07,9.92,14.41,8.52,47.58,50.64,24.00,1,6557,Mimallonidae,"""Euphaneta divisa (Walker, 1855)""","""Peru, Loreto, San Regis, I-2017"""
Q001,12.754,0.51,1.95,3.62,2.96,6.81,1.67,14.58,6.56,11.37,7.66,29.43,32.13,10.95,2,202/754,Cimeliidae,"""Axia margarita (Hübner, 1813)""","""Spain, Guadalajara, Durón, 1982"""
Q002,109.472,1.57,4.01,6.38,4.58,15.72,3.1,39.86,20.65,29.98,22.15,69.19,84.30,23.67,3,2471/3513/3514,Drepanidae,"""Cyclidia orciferaria Walker, 1860""","""Vietnam, Lao Cai, Sapa mt., 1800 m., IV-2014, Quang Ngai, Mt. Bato, 1200 m, II-2015, T. Le Luong leg."""
Q003,85.804,1.49,2.98,6.84,3.32,16.40,2.37,37.25,20.81,29.29,20.92,71.44,77.83,24.74,1,3219,Drepanidae,"""Cyclidia sericea (Warren, 1922)""","""Vietnam, Lamdong, Nuiba-Bidoop N.P., X-2014"""
Q004,58.879,1.56,3.38,4.80,4.32,13.22,2.56,33.73,18.15,25.73,18.83,61.12,71.79,19.59,2,3094/3382,Drepanidae,"""Cyclidia substigmaria (Hübner, 1831)""","""Vietnam, Da Nang, Mt. Ba Na, 1450 m, VI-2014,  Quang Ngai, Mt Bato, 1200 m, XI-2014"""
Q005,30.92,1.31,3.22,4.48,4.69,7.05,3.65,16.83,7.53,13.04,9.52,37.86,38.35,12.84,1,2110,Drepanidae,"""Cymatophorina diluta (D. & Schiff., 1775)""","""Spain, Madrid, Miraflores, 1998"""
Q006,34.547,0.86,3.27,5.02,3.24,8.34,2.46,18.61,7.43,15.10,10.56,36.89,40.47,14.22,3,3951/3952/3953,Drepanidae,"""Gaurena florens Walker, 1865""","""Asia, no loc., Philippines? ('58-18-21')"""
Q007,46.482,1.02,2.73,4.96,4.26,8.94,2.71,18.43,7.19,14.56,9.99,38.81,41.13,14.93,3,3485/3486/3487,Drepanidae,"""Gaurena sp.""","""Vietnam, Lao Cai, Sapa, X-2014/I-2015, V. Van Nhon leg."""
Q008,56.624,1.06,3.43,5.49,4.73,11.87,3.39,21.62,8.99,16.50,10.95,43.83,47.97,18.42,2,3488/3515,Drepanidae,"""Habrosyne sp.""","""Vietnam, Lao Cai, Sapa, V-2014, Quang Ngai, Mt. Bato, 1200 m, II-2015"""
Q009,38.77,1.13,3.22,4.35,4.37,11.99,2.80,18.72,7.53,15.32,11.12,39.20,41.81,17.48,1,2944,Drepanidae,"""Horithyatira sp.""","""Vietnam, Lao Cai, Sapa, X-2014, N. Vo Van leg."""
Q010,21.15,0.93,2.18,4.67,2.45,7.24,1.61,18.61,8.4,14.75,10.37,34.91,39.67,12.81,1,4498,Drepanidae,"""Nemacerota tancrei (Graeser, 1888)""","""Russia, Primorski krai, Ussuriysky distr., Gornotayezhnaya, 18-IX-2016, V. Golovizin leg."""
Q011,37.10,1.12,2.86,4.36,4.64,6.66,2.52,19.31,7.25,13.98,9.1,39.99,43.26,12.14,1,4499,Drepanidae,"""Shinploca shini Kim, 1955""","""Russia, Primorski krai, Skotovski distr., Anisimovka, 16-IV-2016, V. Golovizin leg."""
Q012,33.41,0.73,2.4,3.87,4.10,6.76,2.89,17.04,6.01,12.66,8.34,35.53,38.18,11.33,1,4500,Drepanidae,"""Achilla kuramana (Matsumura, 1933)""","""Russia, Primorski krai, Skotovski distr., Anisimovka, 22-IV-2016, V. Golovizin leg."""
Q013,25.033,0.46,3.02,5.27,5.03,9.31,2.30,17.11,7.65,12.66,9.01,35.53,39.25,15.04,2,820/842,Drepanidae,"""Tethea ocularis (L., 1767)""","""Spain, Ávila, El Hornillo, VII-1985"""
Q014,34.402,0.93,2.69,4.48,3.60,9.03,2.35,17.38,7.3,13.52,8.96,35.54,38.37,14.44,3,2237/2303/3372,Drepanidae,"""Thyatira batis (L., 1758)""","""Hungary, Tiszaalpár, Vietnam, Thanh pho Hue, 2012, Quang Ngai, Mt Bato, 500 m, I-2015"""
Q015,55.547,0.60,2.90,5.64,4.30,8.87,4.52,22.26,11.15,15.01,11.06,41.37,48.83,15.12,5,4431/4434-4436/2359,Drepanidae,"""Oreta bicolor (Warren, 1897)""","""Vietnam, Thua Thien Hue, Bach Ma Mt., 1400 m, III-2016, Da Nang, BaNa, 2014"""
Q016,21.19,0.56,1.67,3.92,2.56,6.61,1.95,15.3,7.96,11.06,6.81,25.96,33.1,11.02,1,2289,Drepanidae,"""Oreta rosea (Walker, 1855)""","""U.S.A., Indiana, Alton, Perry Co., 5-VI-2012"""
Q017,20.66,0.93,2.48,4.3,2.97,6.42,2.79,17.94,8.33,11.92,7.98,32.77,38.85,11.62,1,5021,Drepanidae,"""Oreta sp. (cf. obtusa)""","""Vietnam, Thua Thien Hue, Bach Ma Mt., 1400 m, XI-2016"""
Q018,2.44,0.47,1.40,1.76,1.31,4.98,0.80,10.44,6.32,8.22,5.08,21.33,22.19,7.21,1,3018,Drepanidae,"""Spectroreta sp.""","""Malaysia, Pahang, Genting Highlands, 1700 m, 2-VII-2014"""
Q019,4.125,0.88,1.71,2.46,1.89,4.61,1.57,11.55,6.11,10.08,6.42,22.97,25.01,7.97,3,4730/4737/4738,Drepanidae,"""Spidia sp.""","""Vietnam, Kon Tum, Ngoc Linh mt., 1700 m, XI-2016"""
Q020,12.05,0.37,2.16,4.33,2.39,6.16,1.53,18.77,9.16,12.66,8.73,33.81,39.94,10.87,1,4558,Drepanidae,"""Agnidra cf. vinacea""","""P.R. China, Tibet, Motuo county, 5 km S Hanmi, 2000 m, VIII-2015"""
Q021,17.53,0.91,2.32,4.03,2.6,7.52,2.53,19.17,9.43,12.51,9.33,36.31,40.94,12.46,1,5019,Drepanidae,"""Agnidra specularia (Walker, 1860)""","""Vietnam, Thua Thien Hue, Bach Ma Mt., 1400 m, XI-2016"""
Q022,15.92,0.75,2.15,4.14,2.39,7.14,1.26,23.13,11.64,18.23,10.5,44.04,48.65,12.03,1,2305,Drepanidae,"""Auzata semipavonaria Walker, 1862""","""Vietnam, Thua Thien-Hue prov., Thanh pho Hue, 2012"""
Q023,24.116,0.61,1.95,3.78,2.32,7.92,1.84,20.09,10.45,15.54,9.23,38.13,42.50,12.32,2,3062/3491,Drepanidae,"""Auzata sp. (cf. ocellata)""","""Vietnam, Sapa, Lao Cai, 25-X-2014, V-2014, H. Mien Tué leg."""
Q024,8.386,0.65,2.28,3.50,2.18,4.86,1.57,15.45,8.30,11.26,7.33,27.57,33.08,9.02,2,5804/5834,Drepanidae,"""Callidrepana pulcherrima (Hampson, 1893)""","""Indonesia, W. Kalimantan, Mt. Bawang (00°53.5'N, 109°22.2E), 245 m, VIII-2017"""
Q025,43.76,0.25,1.65,4.77,2.88,7.49,2.48,27.23,13.48,18.16,13.08,50.64,57.34,12.51,1,2304,Drepanidae,"""Canucha sp. (cf. speculans)""","""Vietnam, Thua Thien-Hue prov., Thanh pho Hue, 2012"""
Q026,5.530,0.37,1.51,2.59,1.90,3.85,1.07,13.01,6.45,9.31,5.59,22.67,27.93,6.81,5,32/660/5765/5766/5842,Drepanidae,"""Cilix glaucata (Scopoli, 1763)""","""Hungary, Keltvölgy, 2005, Belgique, Sprimont, 5-VI-2005, Herzet leg."""
Q027,11.24,0.39,1.55,3.05,1.88,5.07,1.41,14.79,7.2,10.93,6.71,25.87,31.46,8.51,1,2234,Drepanidae,"""Watsonalla binaria (Hufnagel, 1767)""","""Hungary, 5 km W Ksácvár, 17-VII-2013, A. Szabó leg."""
Q028,7.170,0.58,1.75,3.08,2.08,4.70,1.34,13.43,7.30,9.89,6.90,23.21,28.94,8.36,11,33/661/2235/6054-6056/6272-6275/6873,Drepanidae,"""Watsonalla uncinula (Borkhausen, 1790)""","""Bulgaria, Stara Kresna, 2012, Spain, Cotos de Monterrey, no date, Guadalajara, Durón, 730 m, 2-VI-2018, 30-IX-2018,  8-VI-2019, E.G.B. leg."""
Q029,9.61,0.62,1.82,3.38,2.14,5.69,0.91,15.28,8.78,11.78,7.91,28.29,32.71,9.71,1,2061,Drepanidae,"""Drepana arcuata Walker, 1855""","""U.S.A., Wisconsin, Langlade, 2 m E of fish hatchery rd, VII-2009"""
Q030,12.97,0.73,1.82,3.86,1.99,4.42,1.46,17.82,9.79,13.67,9.1,30.49,37.63,9.01,1,2239,Drepanidae,"""Drepana curvatula (Borkhausen, 1790)""","""Hungary, Kétvölgy, 31-VII-2005, A. Szabó leg."""
Q031,20.15,0.07,1.42,3.54,2.50,8.31,2.87,17.49,9.06,12.74,7.64,35.03,37.48,11.92,1,2691,Drepanidae,"""Drepana sp.""","""Vietnam, Da Nang, BaNa, 2014"""
Q032,16.52,0.63,1.71,3.23,2.32,4.92,1.53,16.98,9.21,12.82,8.63,30.23,36.28,8.75,1,2238,Drepanidae,"""Falcaria lacertiniaria (L., 1758)""","""Hungary, Kétvölgy, 31-VII-2005, A. Szabó leg."""
Q033,1.079,0.52,1.02,1.38,1.49,2.74,0.85,6.73,2.58,5.24,3.01,13.42,14.89,4.58,1,3187,Drepanidae,"""Gogana sp.""","""Malaysia, Pahang, Genting Highlands, 1700 m, 24-VI-2013"""
Q034,5.535,0.48,1.75,2.57,1.86,4.4,1.97,13.19,6.74,9.76,5.68,25.27,28.24,7.45,1,2732,Drepanidae,"""Leucoblepsis sp. (cf. taiwanensis)""","""Vietnam, Da Nang, Ba Na, XII-2013, Vo Van Nhon leg."""
Q035,21.536,0.38,2.53,5.01,3.13,7.05,2.55,25.28,13.3,19.64,12.58,46.07,53.70,12.45,2,2362/3507,Drepanidae,"""Macrocilix maia Leech, 1888""","""Vietnam, Da Nang, BaNa, 2014, Lao Cai, Sapa, 2014, V. Van Nhon leg."""
Q036,28.66,0.61,2.23,4.00,3.21,8.5,2.41,22.01,10.88,17.51,9.62,44.62,47.23,13.11,1,2341,Drepanidae,"""Macrocilix mysticata (Walker, 1863)""","""Vietnam, Di Linh mt., Lam Dong, 900 m, X-2013"""
Q037,10.66,0.96,1.67,3.26,2.34,5.77,1.95,16.85,8.82,12.19,8.05,31.89,36.04,9.93,1,2258,Drepanidae,"""Paralbara sp.""","""Vietnam, Da Nang, Ba Na Mountain, 1450 m, VII-2013"""
Q038,8.40,0.37,1.57,3.38,1.57,4.25,1.35,14.75,7.78,10.65,7.04,24.92,31.07,7.95,1,3025,Drepanidae,"""Paralbara sp. (cf. perornata)""","""Malaysia, Pahang, Genting Highlands, 1700 m, 15-V.2014"""
Q039,6.53,0.78,1.59,3.20,1.98,5.59,1.31,15.24,7.8,10.71,6.78,27.67,32.46,9.57,1,2236,Drepanidae,"""Sabra harpagula (Esper, 1786)""","""Hungary, Keltvölgy, 31-VII-2005, A. Szabó leg."""
Q040,8.41,0.85,1.86,2.74,1.93,6.17,1.61,15.01,8.32,12.52,7.87,28.27,31.95,9.76,1,5014,Drepanidae,"""Sewa orbiferata (Walker, 1862)""","""Vietnam, Thua Thien Hue, Bach Ma Mt., 1400 m, XI-2016"""
Q041,4.58,0.38,1.73,2.73,1.69,3.98,0.76,10.44,6.63,8.04,5.47,19.64,22.57,7.10,1,5835,Drepanidae,"""Teldenia sp. (cf. nigrinotata)""","""Indonesia, W. Kalimantan, Mt. Bawang (00°53.5'N, 109°22.2E), 245 m, VIII-2017"""
Q042,3.52,0.49,1.24,2.18,1.23,3.51,0.78,9.01,4.9,6.64,4.51,15.96,19.25,6.18,1,3198,Drepanidae,"""Teldenia unistrigata Warren, 1896""","""Malaysia, Pahang, Genting Highlands, 1700 m, 24-VI-2013"""
Q043,30.772,0.36,2.19,4.68,3.94,8.63,2.79,25.61,12.51,17.12,11.49,49.56,55.17,13.67,2,2271/2319,Drepanidae,"""Tridrepana flava (Moore, 1879)""","""Vietnam, Di Linh mt., 900 m, 2013, Thua Thien-Hue, 2012"""
R001,51.01,1.62,3.51,5.38,4.2,17.07,4.24,26.77,10.8,20.77,11.7,53.51,57.74,24.07,1,3720,Notodontidae,"""Perigeos hunyada (Swinhoe, 1903)""","""Vietnam, Quang Ngai, Bato mt., 900 m, V-2015"""
R002,19.096,1.05,2.87,5.02,3.31,8.75,1.88,21.14,9.73,15.30,9.93,38.07,45.59,14.82,2,2166/5473,Notodontidae,"""Epanaphe clarilla Aurivillius, 1904""","""Ecuatorial Guinea, Rio Muni, Bata, X-1964, D.R. Congo, Biakato Ituri, IX-2012"""
R003,24.126,1.55,2.82,4.75,3.27,6.46,2.03,19.90,10.04,14.88,10.50,38.52,43.08,12.76,2,5471/5512,Notodontidae,"""Epanaphe moloneyi (Druce, 1887)""","""D.R. Congo, Biakato Ituri, IX-2012"""
R004,24.657,0.94,2.67,4.23,3.64,8.09,2.93,13.7,6.12,10.88,6.99,27.81,31.04,13.27,2,3933/3986,Notodontidae,"""Clostera inclusa (Hübner, 1825)""","""U.S.A., Louisiana, St. Tamany Parish, 30° 30.986'N, 89° 57.276'W, 14-IX-2014, 11-III-2014, V.A. Brou leg."""
R005,26.118,0.17,2.56,3.96,4.21,6.57,2.25,10.27,5.18,8.41,5.71,22.91,24.77,10.71,3,7/204/637,Notodontidae,"""Clostera pigra (Hüfnagel, 1766)""","""Spain, Cuenca, 1988, Guadalajara, Durón, 1984"""
R006,84.334,0.97,3.24,5.63,4.19,15.10,3.36,23.82,10.43,15.67,9.82,49.05,51.85,21.72,2,2993/7426,Notodontidae,"""Ginshachia bronacha (Schaus, 1928)""","""Malaysia, Pahang, Kampung Panggen, Cameron Highlands, VI-2013, Borneo Island, Sabah, Trus Madi, VII-2011, V. Gromenko leg."""
R007,12.380,0.75,2.09,2.87,2.91,6.50,1.45,12.24,6.03,9.29,6.06,24.34,27.40,10.14,2,7354/7355,Notodontidae,"""Micromelalopha troglodyta (Graeser, 1890)""","""Russia, Primorsky krai, Skotovsky, Anisimova, 2/3-VII-2019, V. Golovizin leg."""
R008,536.15,0.84,6.36,11.11,9.06,33.17,10.10,43.76,17.01,30.34,18.13,93.50,96.58,45.13,1,909,Notodontidae,"""Crinodes bellatrix (Stoll, 1789)""","""Ecuador, Napo, Santa Clara, Río Piatua, II-2008"""
R009,259.38,1.14,5.38,9.67,6.11,22.8,5.45,35.8,12.79,22.72,13.28,72.00,77.71,33.61,1,6501,Notodontidae,"""Crinodes besckei (Hübner, 1821)""","""Peru, Loreto, Maynas, Melitón Carbajal, II-2017"""
R010,428.537,0.66,4.90,11.68,8.60,28.56,7.11,41.84,14.10,23.94,15.08,85.69,92.30,40.90,2,3998/3999,Notodontidae,"""Dudusa sphingiformis Moore, 1872""","""Vietnam, Kon Tum, Ngoc Linh, VI-2015, Lam Dong, Di Linh, IV-2015"""
R011,203.824,2.01,5.04,8.13,5.64,19.35,4.97,36.96,17.52,25.22,17.42,71.27,79.56,29.50,3,2474/3095/4712,Notodontidae,"""Gangarides rosea (Walker, 1865)""","""Vietnam, Lao Cai, Sapa mt., 1800 m, IV-2014, Quang Ngai, Mt. Bato, 950 m, IX-2014, Thua Thien Hue, Bach Ma mt., 1400 m., VIII-2016"""
R012,289.482,2.05,4.71,8.55,5.81,20.65,6.60,47.69,23.37,31.37,21.9,84.59,101.20,31.25,2,4713/4714,Notodontidae,"""Gangarides vittipalpis (Walker, 1869)""","""Vietnam, Thua Thien Hue, Bach Ma mt., 1400 m., VIII-2016"""
R013,440.686,1.69,6.03,10.47,8.10,39.81,6.39,48.55,17.98,29.25,15.64,92.78,105.21,51.97,2,2345/2346,Notodontidae,"""Megaschachia (Tarsolepis) sp. (A)""","""Vietnam, Sapa mt., Lao Cai & Lam Dong, 2013"""
R014,145.577,0.72,3.89,8.17,7.83,17.83,6.13,31.53,11.67,19.20,11.46,63.92,70.89,26.73,2,2392/2925,Notodontidae,"""Megaschachia (Tarsolepis) sp. B""","""Vietnam, Di Linh mt., Lam Dong, 900 m, X-2013"""
R015,251.789,1.56,4.67,8.6,7.17,17.67,6.25,33.75,14.73,24.23,16.92,70.15,74.67,27.83,2,2283/4710,Notodontidae,"""Netria viridescens Walker, 1855""","""Vietnam, Da Nang prov., Ba Na mt., 1450 m, VII-2013, Thua Thien Hue, Bach Ma mt., 1400 m., VIII-2016"""
R016,72.86,1.33,3.92,6.35,4.69,11.19,4.16,26.36,10.21,19.13,13.13,51.97,57.41,18.87,1,5685,Notodontidae,"""Cerasana sp. cf. anceps Walker 1862""","""Indonesia, W. Kalimantan, Mt. Bawang (00°53.5'N, 109°22.2E), 245 m, VIII-2017"""
R017,431.27,0.87,5.66,10.93,7.22,25.4,6.55,49.76,18.56,31.9,20.13,99.56,106.74,37.21,1,3098,Notodontidae,"""Euhampsonia sp. (cf. serratifera Sugi, 1994)""","""Vietnam, Quang Ngai, Mt. Bato, 950 m, IX-2014"""
R018,142.166,1.63,4.08,8.39,6.05,17.73,4.62,38.01,13.96,27.73,16.64,76.08,82.07,27.76,2,3142/3860,Notodontidae,"""Baradesa omissa Rothschild, 1917""","""Vietnam, Quang Ngai, Mt. Bato, X-2014, 950 m, T. Le Luong leg."""
R019,54.45,1.63,3.45,6.02,4.48,12.93,2.99,23.43,7.52,18.47,11.41,49.83,51.34,20.58,1,3562,Notodontidae,"""Gargetta eucharius Schintlmeister, 1997""","""Vietnam, Da Nang, Ba Na mt., 1450 m, II-2015"""
R020,14.04,1.04,1.85,4.11,2.65,9.68,1.66,17.54,5.23,14.21,8.29,35.50,37.73,14.83,1,2252,Notodontidae,"""Phycidopsis albovittata (Hampson, 1893)""","""Thailand, Changwat Chiang Mai, 4 km SE Pang Faen, 1100 m, 18-I-2004, A. Szabó leg."""
R021,197.954,2.33,4.97,9.93,7.42,22.42,5.73,44.23,16.64,33.77,20.29,86.83,95.89,34.68,2,3861/1250,Notodontidae,"""Baradesa lithosioides Moore, 1883""","""Vietnam, Ngoc Linh, Kon Tum, 6-2015, Lao Cai, Sapa, 20-I-2015, Vo Van Nhon leg."""
R022,26.961,0.69,2.54,4.49,4.09,8.94,2.25,15.40,7.59,11.96,7.88,31.39,34.90,14.12,2,3459/3460,Notodontidae,"""Spatalia argentina (D. & Schiff., 1775)""","""Spain, Madrid, Cotos de Monterrey, 3-VI-1998"""
R023,59.261,0.45,3.11,5.13,4.92,9.59,3.44,17.51,7.57,12.85,8.63,37.57,39.95,15.17,2,3463/3464,Notodontidae,"""Drymonia querna (D. & Schiff., 1775)""","""Spain, Madrid, Cercedilla, 18-VII-1978"""
R024,142.75,1.53,4.70,8.04,4.61,16.12,3.85,28.27,11.46,20.18,13.67,54.95,61.16,25.69,1,4556,Notodontidae,"""Hupodonta corticalis (Butler, 1877)""","""P.R. China, Tibet, Motuo county, 5 km S Hanmi, 2000 m, VIII-2015"""
R025,118.081,1.55,3.55,6.24,4.12,11.29,4.43,19.78,6.80,14.68,8.88,39.52,43.68,19.08,3,5681/5823/5783,Notodontidae,"""Notodonta sp. A""","""Indonesia, W. Kalimantan, Mt. Bawang (00°53.5'N, 109°22.2E), 245 m, VIII-2017"""
R026,74.66,1.48,3.7,6.51,3.79,9.01,2.35,18.89,7.05,13.66,9.21,37.58,41.57,17.02,1,5688,Notodontidae,"""Notodonta sp. B""","""Indonesia, W. Kalimantan, Mt. Bawang (00°53.5'N, 109°22.2E), 245 m, VIII-2017"""
R027,58.281,0.46,2.82,6.24,4.52,11.88,2.94,18.60,7.59,15.03,8.97,40.46,41.73,18.58,2,9/639,Notodontidae,"""Pterostoma palpinum (Clerk, 1759)""","""Spain, Guadalajara, Durón, 1989"""
R028,102.54,1.60,3.80,7.84,4.57,12.79,3.87,25.82,11.00,16.52,10.74,53.76,56.22,22.24,1,7163,Notodontidae,"""Brachychira numenius Kiriakoff, 1955""","""Cameroon, Ambazania, Mt. Cameroon, 8-VI-2019"""
R029,270.886,1.30,4.14,9.30,9.07,14.45,7.63,32.05,13.25,20.88,12.43,67.20,73.19,25.06,6,8/206/638/758/2181/4873,Notodontidae,"""Cerura iberica Templado & Ortiz, 1966""","""Spain, Avila, La cebedilla, Madrid, 1986, Guadalajara, Durón, 15-IV-2017"""
R030,45.17,1.17,3.75,4.35,3.57,9.33,1.80,15.97,6.73,10.82,7.12,30.81,35.53,14.85,1,6593,Notodontidae,"""Cerura sp. (cf. dindata)""","""Peru, Loreto, Maynas, Punchacu, Picuroyacu, II-2017"""
R031,52.097,1.01,2.79,5.52,5.80,10.20,2.78,17.25,5.26,12.1,5.91,39.36,40.31,16.73,2,10/640,Notodontidae,"""Dicranura ulmi (Schiffermüller, 1775)""","""Spain, Guadalajara, Durón, 1989"""
R032,75.054,1.29,3.39,6.72,5.76,12.38,3.88,19.91,8.83,14.04,8.96,41.78,45.58,20.39,2,2357/1240,Notodontidae,"""Formofentonia orbifer (Hampson, 1892)""","""Vietnam, Da Nang, BaNa, 2014, IX-2015, Vo Van Nhnon leg."""
R033,51.064,0.57,2.41,5.62,5.22,8.69,3.53,17.36,6.78,12.17,7.11,37.57,39.95,14.89,3,3457/3458/4872,Notodontidae,"""Furcula bifida (Brahm, 1787)""","""Spain, Madrid, 1981/1982, Guadalajara, Durón, 15-IV-2017"""
R034,339.734,0.64,4.87,9.08,8.00,17.64,6.26,30.33,11.27,19.45,11.50,66.22,68.66,27.36,2,2469/2470,Notodontidae,"""Neocerura sp.""","""Vietnam, Nghe An & Lam Dong, 2013-2014"""
R035,70.454,1.72,3.51,5.89,5.18,11.60,3.89,23.8,10.61,18.33,13.74,45.07,52.78,19.22,2,3324/3325,Notodontidae,"""Somera sp.""","""Vietnam, Quang Ngai, Bato Mt., 500 m, I-2015"""
R036,61.485,1.35,4.02,7.00,5.82,12.54,3.99,23.12,8.04,16.09,10.37,49.26,52.04,20.91,1,7441,Notodontidae,"""Somera virens Dierl, 1976""","""Malaysia, Borneo Island, Sabah, Trus Madi, VII-2011, V. Gromenko leg."""
R037,55.150,1.55,3.37,5.80,4.62,12.2,3.42,20.05,9.79,13.43,8.79,40.35,44.71,19.55,2,3563/3564,Notodontidae,"""Syntypistis sp.""","""Vietnam, Quang Ngai, Mt. Bato, 1200 m, III-2015, T. Le Luong leg."""
R038,195.360,0.76,4.18,8.79,6.53,18.73,4.73,35.81,12.72,24.71,14.58,74.91,78.16,28.28,2,3807/3808,Notodontidae,"""Amyops ingens Karsh, 1895""","""Nigeria, no loc., 1024"""
R039,20.105,0.52,2.56,4.77,3.73,11.21,2.63,20.23,9.07,15.28,10.43,40.17,44.20,16.49,2,537/794,Notodontidae,"""Anaphe sp.""","""Ecuatorial Guinea, Bata, 1964"""
R040,51.76,0.92,2.95,4.87,3.19,7.85,2.43,18.64,10.8,15.69,10.67,37.62,40.47,13.64,1,5775,Notodontidae,"""Epicoma melanosticta (Donovan, 1805)""","""Australia, Queensland, Glenwood, 19-X-2008, B.J. Mallett leg."""
R041,51.53,0.58,3.43,4.63,4.65,9.75,2.81,18.09,8.69,14.24,9.67,38.14,40.83,14.96,1,2468,Notodontidae,"""Oligoclona chrysolopha (Kollar, 1844)""","""Vietnam, Nghe An prov., Pu Mat mt., 1200 m., IV-2014"""
R042,97.914,0.91,3.30,6.75,4.95,12.23,4.55,21.75,10.57,17.47,12.47,44.38,48.45,19.90,2,5353/5776,Notodontidae,"""Teara contraria (Walker, 1885?)""","""Australia, Queensland, Ningi, X-2005, Glenwood, 29-X-2008, B.J. Mallett leg."""
R043,31.82,1.30,2.77,4.45,3.74,5.01,2.93,14.42,7.62,11.23,7.06,30.28,32.59,10.78,1,7159,Notodontidae,"""Thaumetopoea apologetica Strand, 1909""","""Rep. South Africa, Kwazulu-Natal, 11 km E Magudu, Belvedere Game Runch, 27°31'44.68''S, 31°45'36.82''E, 17/18-II-2019, S.A. Knyazev leg."""
R044,45.258,0.71,2.3,3.91,4.09,6.32,2.32,14.47,7.04,11.82,7.16,28.86,33.04,10.94,2,3465/3466,Notodontidae,"""Thaumetopoea herculeana (Rambur, 1840)""","""Spain, Madrid, Colmenar Viejo, IX-1981, M.L. Munguira leg."""
R045,83.054,0.61,2.91,4.95,5.44,8.31,2.34,17.26,7.73,13.60,8.61,38.05,39.97,13.87,2,25/653,Notodontidae,"""Thaumetopoea pytiocampa (Denis & Schiffermüller, 1775)""","""Spain, Ávila, El Hornillo, VII-1985"""
R046,141.175,0.87,3.68,7.09,4.85,11.67,4.5,25.06,11.10,15.81,11.69,47.48,54.99,19.63,2,6559/6699,Notodontidae,"""Moresa sp.""","""Peru, Loreto, San Regis, I-2017, Maynas, Punchacu, Picuroyacu, II-2017"""
R047,103.653,1.02,3.42,7.04,6.04,13.88,4.47,25.98,10.15,17.08,11.53,52.92,58.00,21.95,3,3533/3453/3454,Notodontidae,"""Peridea anceps (Goeze, 1781)""","""Spain, Jaén, Cotorríos, 23-IV-1991, Guadalajara, Durón, 3-V-2015"""
R048,186.786,0.63,3.59,6.82,7.83,14.46,4.85,26.88,10.99,19.23,12.01,59.68,61.6,21.92,2,3455/3456,Notodontidae,"""Phalera bucephala (L., 1758)""","""Spain, Madrid, Miraflores, VI-1998"""
R049,385.787,1.66,5.41,10.37,7.08,27.21,5.56,43.03,16.57,28.78,18.42,84.88,93.14,39.18,2,3561/4719,Notodontidae,"""Phalera grotei Moore, 1859""","""Vietnam, Quang Ngai, Mt. Bato, 1200 m, III-2015, T. Le Luong leg., Thua Thien Hue, Bach Ma mt., 1400 m., VIII-2016"""
R050,234.89,2.12,5.59,9.67,6.83,25.23,6.01,35.43,12.37,22.04,13.65,70.15,77.69,37.02,1,4711,Notodontidae,"""Phalera parivala (Moore, 1859)""","""Vietnam, Thua Thien Hue, Bach Ma mt., 1400 m., VIII-2016"""
R051,194.736,1.49,4.17,7.92,5.72,14.77,4.76,28.47,13.72,19.42,13.26,54.03,62.67,24.18,2,6692/6693,Notodontidae,"""Hemiceras conspirata Schaus, 1905""","""Peru, Loreto, San Regis, I-2017"""
R052,150.93,1.47,4.51,8.57,5.69,14.11,3.77,25.86,11.09,16.71,11.36,50.94,57.41,24.15,1,6697,Notodontidae,"""Hemiceras truncata Schaus, 1904""","""Peru, Loreto, Maynas, Punchacu, Picuroyacu, II-2017"""
R053,95.098,1.84,4.03,7.76,4.85,16.46,3.69,28.19,11.75,17.39,11.76,50.33,61.23,26.07,3,6562/6563/6661,Notodontidae,"""Rhapigia sp. cf. aymara (Schaus, 1905)""","""Peru, Loreto, San Regis, I-2017"""
R054,280.91,1.67,5.04,11.2,10.55,21.38,4.88,45.01,14.06,28.36,14.44,93.86,100.57,34.25,1,970,Notodontidae,"""Lirimiris cf. gigantea (Druce, 1906)""","""Ecuador, Buenaventura, Oro, 10-VII-1993"""
R055,160.39,0.88,4.69,8.23,5.77,20.95,4.33,36.38,12.39,23.93,15.21,75.95,78.53,30.06,1,3934,Notodontidae,"""Lirimiris meridionalis (Schaus, 1904)""","""French Guiana, forét de Kaw, piste forestière, 25_I-2013"""
R056,44.45,0.53,2.88,6.06,3.42,8.26,3.05,17.39,7.12,13.03,8.19,35.46,38.2,14.85,1,1304,Notodontidae,"""Dasylophia anguina (Smith, 1797)""","""U.S.A., Ohio, Muskingam Co. Rd 43 SE Young Hickory, 10-V-1986"""
R057,52.183,1.27,3.52,6.25,4.59,11.72,3.06,19.30,8.09,12.85,8.83,39.78,43.19,19.26,3,5251/5252/6682,Notodontidae,"""Notoplusia clara Cramer, 1782""","""Costa Rica, Monteverde, Santa Clara, 6-X-2015, 8-X-2015, V. Golovizin leg., Peru, Loreto, San Regis, I-2017"""
R058,185.35,1.83,4.39,6.79,5.58,18.06,5.3,25.71,8.75,17.91,8.98,53.34,57.08,26.68,1,6413,Notodontidae,"""Nystalea ebalea (Stoll, 1780)""","""Rep. Dominicana, La Vega prov., nera Constanza town, 10-XII-2017, V. Golovizin leg."""
R059,105.243,1.83,4.49,8.24,4.88,14.74,3.36,26.95,9.11,15.70,9.03,53.99,58.79,24.81,2,6567/6696,Notodontidae,"""Nystalea virgula Felder, 1874""","""Peru, Loreto, Maynas, Punchacu, Picuroyacu, II-2017, San Regis, I-2017"""
R060,225.284,2.11,5.74,9.29,5.27,19.66,4.49,34.35,14.59,22.89,13.39,65.04,73.98,31.06,3,6502/6503/6504,Notodontidae,"""Antaea sp. (cf. juturna / lycormas)""","""Peru, Loreto, San Regis, I-2017, Melitón Carbajal, II-2017"""
R061,113.57,1.53,4.27,8.28,4.53,12.91,3.14,24.86,10.34,14.81,10.51,47.53,54.25,22.72,1,6664,Notodontidae,"""Chilara cresus (Cramer, 1777)""","""Peru, Loreto, San Regis, I-2017"""
R062,184.873,1.92,5.23,9.67,5.93,20.6,4.25,34.18,13.48,21.24,14.84,67.04,74.3,32.19,2,6505/6506,Notodontidae,"""Hapigia gaudens Schaus, 1906""","""Peru, Loreto, San Regis, I-2017"""
R063,258.865,2.26,5.62,12.96,5.97,22.65,5.07,39.32,15.92,23.9,16.13,78.21,84.61,37.87,2,6510/6523,Notodontidae,"""Hapigia nodicornis Guenée, 1852""","""Peru, Loreto, San Regis, I-2017"""
R064,313.199,3.55,6.82,10.27,6.40,32.21,10.79,33.53,10.23,19.06,15.7,75.01,73.47,46.04,2,6509/6522,Notodontidae,"""Hapigia obliqua (Walker, 1865)""","""Peru, Loreto, San Regis, I-2017"""
R065,151.914,1.88,4.88,9.25,5.75,19.62,4.23,32.34,13.37,20.20,14.68,62.86,70.44,30.75,4,6512/6513/6695/6511,Notodontidae,"""Hapigia rufescens Schaus, 1901""","""Peru, Loreto, San Regis, I-2017"""
R066,241.059,2.25,5.45,10.72,5.68,23.89,4.83,38.4,15.44,24.13,15.29,74.50,82.48,36.86,2,6507/6508,Notodontidae,"""Hapigia smerinthoides (Walker, 1865)""","""Peru, Loreto, San Regis, I-2017, Maynas, Punchacu, Picuroyacu, II-2017"""
R067,13.42,0.65,1.75,4.03,2.63,9.47,2.28,21.92,9.29,14.56,6.64,39.21,46.48,14.15,1,968,Notodontidae,"""Isostyla, Dioptis (?)""","""Panamá, Coiba, 26.VII-1995"""
R068,5.62,0.77,1.68,2.64,1.53,6.62,0.77,15.85,7.28,12.47,6.63,30.86,33.23,10.03,1,4820,Notodontidae,"""Monocreagra sp.""","""Costa Rica, Monteverde, near Braulio Carillo, 26-IV-2013, V. Golovizin leg."""
R069,12.12,1.03,2.16,3.79,3.28,13.47,1.13,15.42,5.55,10.88,5.09,32.63,34.04,18.22,1,2219,Notodontidae,"""Myonia umbrifera (Walker, 1854)""","""French Guiana, Piste de Coralie Km 7.5, 15-II-2013"""
R070,14.131,1.04,1.84,3.65,1.82,7.57,1.08,17.94,7.92,13.34,7.33,36.20,37.72,12.26,2,7580/7582,Notodontidae,"""Phaeochlaena lampra Prout, 1918""","""Peru, Iquitos, 26-XII-2000, J. Timberlake leg."""
R071,16.300,1.08,1.95,3.81,2.70,10.57,1.73,19.79,9.69,15.15,8.46,40.38,42.29,15.47,2,6763/6764,Notodontidae,"""Phanoptis fatidica (Dognin, 1910)""","""Venezuela, Aragua, P.N. Henri Pittier, cerca Estación Biológica (El Portachuelo), 11-VI-1983, J. Modolell leg."""
R072,61.615,1.43,3.48,6.10,3.95,12.99,3.49,21.53,8.94,15.56,10.10,43.53,47.02,20.53,2,6650/6668,Notodontidae,"""Disphragis aemula (Schaus, 1906)""","""Peru, Loreto, San Regis, I-2017, Maynas, Punchacu, Picuroyacu, II-2017"""
R073,121.11,1.11,4.18,8.35,6.34,14.13,4.32,26.39,9.97,15.46,10.45,50.78,59.12,23.59,1,6698,Notodontidae,"""Rhuda sp. (cf. focula Stoll, 1780)""","""Peru, Loreto, San Regis, I-2017"""
R074,95.79,0.72,3.99,6.62,4.47,13.58,4.37,22.31,9.45,13.81,10.15,42.67,49.07,20.92,1,6666,Notodontidae,"""Goodgeria sp.""","""Peru, Loreto, no loc., I-2017"""
R075,222.694,1.18,4.95,9.26,6.36,19.75,5.57,34.73,15.4,23.36,16.42,68.27,75.83,30.19,2,6518/6519,Notodontidae,"""Lobeza medina Schaus, 1928""","""Peru, Loreto, San Regis, I-2017"""
R076,378.67,1.63,5.61,10.01,8.82,21.09,6.12,41.82,17.33,23.31,15.87,84.53,92.46,32.73,1,4462,Notodontidae,"""Colax apulus (Cramer, 1779)""","""Costa Rica, Limón, near Guapiles, 10,1598N 083.80181W, VI-2015"""
R077,646.88,0.65,4.27,12.68,10.32,22.94,6.63,42.42,17.16,23.29,15.06,84.71,95.16,36.27,1,2163,Notodontidae,"""Colax phocus Schaus, 1852""","""French Guiana, Piste Coralie PK 7,5, 29-VIII-2013"""
R078,111.349,1.40,3.63,6.76,4.84,13.43,3.81,23.68,8.50,14.61,9.45,47.92,52.22,21.60,3,7419/7420/7439,Notodontidae,"""Fentonia bipunctus (Rothschild, 1917)""","""Malaysia, Borneo Island, Sabah, Trus Madi, VII-2011, V. Gromenko leg."""
R079,65.810,0.63,3.41,6.14,5.55,8.69,3.39,20.79,7.38,13.59,8.28,44.96,47.13,15.47,2,3461/3462,Notodontidae,"""Harpyia milhauseri (Fabricius, 1775)""","""Spain, Albacete, Río Barrancazo, 2-VI-1988, Guadalajara, Durón, 15-IV-1981"""
R080,113.671,0.89,3.51,6.24,5.57,14.9,4.88,21.54,8.72,15.32,10.02,46.57,48.67,22.04,3,3930/3931/3932,Notodontidae,"""Heterocampa astarte Doubleday, 1841""","""U.S.A., Louisiana, St. Tamany Parish, 30° 30.986'N, 89° 57.276'W, 14/18-IV-2015, V.A. Brou leg."""
R081,35.83,0.86,2.41,4.67,3.11,7.40,2.04,13.92,6.61,11.35,7.02,28.25,30.94,12.93,1,5096,Notodontidae,"""Litodonta wymola (Barnes, 1905)""","""U.S.A., Arizona, Santa Cruz Co., Ruby Mine (31° 36' 29.0'' N, 111° 14' 19.7'' W), 19-VII-1996, W.F. Babcock leg."""
R082,122.09,1.17,3.52,7.12,5.09,14.1,5.01,27.12,12.44,19.26,12.24,53.05,59.33,22.39,1,3136,Notodontidae,"""Pseudhapigia brunnea Schaus, 1901""","""U.S.A., Arizona, Pima Co., Box Canyon, 8-I-2014"""
R083,80.65,0.95,3.04,7.02,5.22,11.19,3.78,22.58,11.22,15.28,11.33,41.03,50.36,19.14,1,3323,Notodontidae,"""Stauropus sp. cf. virescens""","""Vietnam, Quang Ngai, Bato Mt., 500 m, I-2015"""
R084,38.54,0.47,2.47,6.7,5.21,12.41,3.63,20.25,8.94,12.92,8.12,42.83,45.71,19.58,1,2162,Notodontidae,"""Zelica thalassina (Herrich-Schäffer, 1856)""","""French Guiana, Barrage Saut Maman Valentin, RNA PK 209.3, 8-V-2013"""
R085,78.44,1.01,4.13,6.95,5.42,13.64,3.45,22.06,9.5,15.76,10.68,45.13,49.54,21.6,1,6688,Notodontidae,"""Draudtargia merita (Schaus, 1906)""","""Peru, Loreto, no loc., I-2017"""
R086,251.42,1.41,4.39,9.01,6.53,22.8,5.27,31.03,10.93,21.42,13.64,67.01,68.59,33.22,1,6517,Notodontidae,"""Rifargia adusta (Rothschild, 1917)""","""Peru, Loreto, San Regis, I-2017"""
R087,79.45,1.05,4.14,6.95,4.6,12.38,4.14,21.74,8.2,13.99,10.09,43.67,48.08,20.38,1,6665,Notodontidae,"""Rifargia distinguenda (Walker, 1856)""","""Peru, Loreto, no loc., I-2017"""
R088,172.64,2.01,5.51,9.01,5.79,23.4,5.22,34.47,13.79,24.08,15.59,67.63,74.73,34.42,1,6516,Notodontidae,"""Rifargia imitata (Druce, 1911)""","""Peru, Loreto, San Regis, I-2017"""
R089,239.74,1.72,5.15,8.19,6.32,18.2,5.85,34.19,12.81,21.24,14.96,71.34,74.70,28.11,1,6535,Notodontidae,"""Rifargia sp. (cf. everiti Schaus, 1928)""","""Peru, Loreto, no loc., I-2017"""
R090,39.96,1.34,3.4,5.46,3.86,11.1,2.7,16.97,6.53,10.44,6.31,35.90,37.8,17.90,1,6651,Notodontidae,"""Rifargiriini indet. (Sericochroa / Rifargia)""","""Peru, Loreto, San Regis, I-2017"""
S001,22.108,0.85,2.62,4.97,4.06,8.33,2.46,18.78,6.58,13.98,10.35,38.76,41.63,14.16,2,3319/3320,Euteliidae,"""Lophoptera sp.""","""Vietnam, Quang Ngai, Bato Mt., 500 m, I-2015"""
S002,77.804,1.09,4.44,5.91,5.58,11.34,4.15,20.84,7.63,14.55,11.22,44.14,47.27,18.34,2,3316/3317,Euteliidae,"""Stictoptera sp.""","""Vietnam, Quang Ngai, Bato Mt., 500 m, I-2015"""
S003,4.31,0.54,1.52,2.54,1.94,4.79,0.90,8.89,2.92,6.89,4.04,18.33,19.72,7.87,1,3214,Euteliidae,"""Gyrtona sp. A""","""Malaysia, Pahang, Genting Highlands, 1700 m, 11-IV-2014"""
S004,2.41,0.51,1.31,2.25,2.04,4.29,1.38,7.71,2.43,5.74,3.32,16.26,17.46,7.05,1,2972,Euteliidae,"""Gyrtona sp. B""","""Indonesia, S. Sumatra, Mt. Dempo, 2-VI-2013"""
S005,5.63,0.55,1.53,2.81,1.93,5.62,1.15,10.38,2.75,8.47,4.25,22.53,22.69,8.98,1,3211,Euteliidae,"""Gyrtona sp. C""","""Malaysia, Pahang, Genting Highlands, 1700 m, 16-V-2014"""
S006,150.398,2.28,4.42,10.49,6.51,14.92,4.44,27.09,11.2,15.76,11.58,54.52,60.70,27.69,2,2191/5230,Euteliidae,"""Caligatus angasii Wing, 1850""","""Cameroon, Buea (no date), D.R. Congo, Beni Nord-Kivu, II-2011"""
S007,80.31,1.23,4.08,6.44,4.70,10.67,3.11,24.01,9.58,16.20,11.84,49.22,52.71,18.34,1,5683,Euteliidae,"""Anigraea homochroa Hampson, 1912""","""Indonesia, W. Kalimantan, Mt. Bawang (00°53.5'N, 109°22.2E), 245 m, VIII-2017"""
S008,48.33,1.98,3.73,5.43,4.22,11.14,3.15,17.86,6.76,12.14,7.96,38.92,39.94,18.55,1,3318,Euteliidae,"""Anuga indigofera Holloway, 1976""","""Vietnam, Quang Ngai, Bato Mt., 500 m, I-2015"""
S009,96.08,1.33,4.33,7.88,4.71,10.84,3.27,21.87,8.68,14.64,9.56,42.83,48.44,20.05,1,5684,Euteliidae,"""Anuga rotunda Holloway, 1976""","""Indonesia, W. Kalimantan, Mt. Bawang (00°53.5'N, 109°22.2E), 245 m, VIII-2017"""
S010,41.47,1.46,3.82,5.36,4.92,10.52,2.43,18.51,7.38,12.53,7.66,37.74,41.94,17.34,1,3558,Euteliidae,"""Anuga sp.""","""Vietnam, Quang Ngai, Mt. Bato, 1200 m, II-2015, T. Le Luong leg."""
S011,69.054,1.46,4.87,5.72,4.48,10.02,3.36,15.93,7.01,11.86,7.73,31.89,36.34,17.22,2,3314/3315,Euteliidae,"""Targalla subocelata (Walker, 1863)""","""Vietnam, Quang Ngai, Bato Mt., 500 m, I-2015"""
S012,35.49,0.73,3.00,5.06,3.96,8.34,2.96,10.63,5.67,7.71,5.54,23.96,25.23,14.15,1,3997,Euteliidae,"""Penicillaria dorsipuncta""","""Vietnam, Kon Tum, Ngoc Linh, VII-2015"""
S013,34.664,0.68,2.91,4.73,4.58,8.25,2.76,11.37,4.97,8.34,5.62,25.94,27.33,13.61,2,2465/2466,Euteliidae,"""Penicillaria jocosatrix""","""Vietnam, Lam Dong prov., Di Lihn mt., 900 m, VII-2013"""
S014,11.930,0.74,2.15,3.58,2.73,6.47,1.58,15.26,5.55,10.65,6.32,30.44,33.26,10.79,2,3412/3413,Euteliidae,"""Marathyssa basalis Walker, 1865""","""U.S.A., Louisiana, St. Tammany Parish, 8-IV-2014, V.A. Brou leg."""
S015,32.331,0.90,2.54,4.53,3.59,6.98,2.31,15.45,6.04,10.61,6.63,31.66,34.49,12.42,2,3414/3478,Euteliidae,"""Eutelia pulcherrima (Grote, 1865)""","""U.S.A., Louisiana, St. Tammany Parish, IV-2014, V.A. Brou leg."""
S016,52.584,0.46,2.72,4.99,4.72,8.95,3.53,15.88,6.48,11.15,6.52,33.4,36.48,14.40,2,2423/3061,Euteliidae,"""Eutelia geyeri (Ferder & Rogenhofer, 1874)""","""Vietnam, Lam Dong, Di Linh mt., 900 m, VII-2013, Le Luong Thanh leg., Sapa, Lao Cai, 1-XI-2014, Hang Mien Tué leg."""
S017,23.345,0.83,2.73,4.52,4.35,5.47,2.93,12.45,5.17,9.45,5.94,29.07,29.26,10.82,2,551/552,Euteliidae,"""Eutelia adulatrix (Hübner, 1813)""","""Spain, Guadalajara, Durón, 1980, 1981"""
T001,30.04,1.03,2.5,5.38,4.34,7.19,2.6,13.68,5.99,10.79,7.36,29.51,31.70,13.6,1,3058,Noctuidae,"""Chrysodeixis eriosoma (Doubleday, 1843)""","""Vietnam, Sapa, Lao Cai, 1-XI-2014, Hang Mien Tué leg."""
T002,28.409,0.90,2.68,5.16,4.13,8.89,2.32,16.67,6.93,12.18,9.12,33.55,37.47,14.96,5,4675/4679/7341/7326/7327,Noctuidae,"""Chrysodeixis chalcites (Esper, 1789)""","""Spain, Toledo, 2001, Madrid, Majadahonda, XI-2019, J.P. Cancela leg., Madrid, Cantoblanco, IX-1981, Ciudad Real, Pedro Muñoz, VIII-1981, A.I. Mayordomo leg."""
T003,45.54,1.45,3.06,6.86,4.11,9.39,3.25,17.29,7.24,12.99,9.07,35.69,38.69,17.70,1,3305,Noctuidae,"""Thysanoplusia sp.""","""Vietnam, Quang Ngai, Bato Mt., 950 m, XI-2014"""
T004,9.144,0.55,1.85,3.21,2.46,6.98,1.93,10.75,4.56,8.88,5.34,22.66,23.97,10.74,2,3415/3477,Noctuidae,"""Exyra semicrocea (Guenée, 1852)""","""U.S.A., Louisiana, St. Tammany Parish, 4/13-IV-2014, V.A. Brou leg."""
T005,44.428,1.11,2.98,5.88,4.51,9.84,2.75,19.96,7.91,15.33,11.41,42.35,44.45,16.85,2,921/945,Noctuidae,"""Autographa gamma (L., 1758)""","""Spain, Madrid, V-1982"""
T006,116.659,1.32,3.87,7.5,6.18,11.33,5.71,23.53,11.63,17.41,12.28,48.56,53.26,20.15,3,3326/3572/3573,Noctuidae,"""Anepholcia pygaria (Warren, 1912)""","""Vietnam, Quang Ngai, Bato Mt., 500 m, I-2015, 1200 m, III-2015, T. Le Luong leg."""
T007,347.895,2.42,5.18,12.29,9.49,14.24,6.37,36.92,16.99,26.67,18.22,76.44,83.34,28.95,3,3379/3380/4706,Noctuidae,"""Arcte modesta (Hoeven, 1840)""","""Vietnam, Quang Ngai, Bato Mt, 500 m, I-2015, Thua Thien Hue, Bach Ma mt., 1400 m., VIII-2016"""
T008,10.765,0.65,2.17,3.98,2.7,8.51,1.26,13.23,6.33,10.91,7.19,26.27,29.16,13.14,1,6430,Noctuidae,"""Androlymnia torsivena (Hampson, 1902)""","""Madagascar, prov. Toamasina, Moramanga distr., Andasibe com., 3-XI-2018, V. Golovizin leg."""
T009,30.237,0.85,2.43,5.29,2.88,7.15,1.41,14.93,6.54,12.03,9.35,31.73,32.74,13.3,2,3409/3484,Noctuidae,"""Bagisara brouana Ferguson, 1997""","""U.S.A., Louisiana, St. Tammany Parish, V-2014, V.A. Brou leg."""
T010,115.116,0.93,4.00,8.17,5.88,11.55,3.86,22.72,10.46,16.77,12.47,47.55,51.33,20.67,5,2352/3512/4407/4409/5623,Noctuidae,"""Ramadasa pavo (Walker, 1856)""","""Philippines, Mt. Matatum, VI-2017, Vietnam, Di Linh mt., Lam Dong, 900 m, X-2013, Thua Thien Hue, Bach Ma Mt., 1400 m., I-2016"""
T011,8.12,0.56,1.49,3.00,2.19,5.51,1.19,10.86,5.32,8.49,5.91,22.16,23.92,9.08,1,6950,Noctuidae,"""Deltote (Protodeltote) pygarga (Hufnagel, 1766)""","""Russia, Omsk reg., Krutinski distr., 44 km NW Krutinka vill., 56°13'30.08''N, 70°53'44.58''E, 7-VI-2016, S.A. Knyazev leg."""
T012,2.83,0.53,1.36,1.87,1.65,4.08,0.84,8.43,3.04,6.51,3.57,17.45,18.51,6.48,1,3183,Noctuidae,"""Eustrotiinae indet. (Enispa sp.?)""","""Malaysia, Pahang, Genting Highlands, 1700 m, 19-IV-2014"""
T013,4.230,0.46,1.41,2.19,1.75,4.87,1.07,7.83,3.47,6.35,4.35,15.58,17.41,7.53,2,2840/4310,Noctuidae,"""Pseudozarba bipartita (Herrich-Schäffer, 1850)""","""Spain, Guadalajara, Durón, IX-2014, 24-VII-2016, E.G.B. leg."""
T014,9.173,0.59,2.01,3.04,2.58,5.41,1.69,10.79,4.14,8.83,5.95,22.89,24.17,9.00,3,3422/3423/3424,Noctuidae,"""Acontia (Emmelia) trabealis (Scopoli, 1763)""","""Spain, Madrid, Cabanillas, VII-1998"""
T015,20.400,1.08,2.23,4.47,3.84,6.27,2.16,13.32,6.51,10.72,7.76,27.52,30.49,11.83,5,978/979/3425-3427,Noctuidae,"""Acontia (Acontia) lucida (Hufnagel, 1766)""","""Spain, Madrid, Aranjuez, 1992, Cabanillas, 1998, Guadalajara, VII-1982"""
T016,2.535,0.55,1.32,2.43,1.71,2.68,0.91,7.12,2.71,5.99,4.24,15.35,15.96,5.66,2,4703/4705,Noctuidae,"""Spragueia funeralis (Grote, 1881)""","""U.S.A., Arizona, Santa Cruz Co., Ruby Lakes, Ruby Mine (31°36'29,0''N, 111°14'19,7''W), 19-VII-1996, W.F. Babcock leg."""
T017,3.305,0.58,1.18,2.25,1.4,2.54,1.01,6.77,2.45,5.31,3.13,13.98,14.94,5.37,1,1311,Noctuidae,"""Spragueia magnifica Grote, 1882""","""U.S.A., Arizona, Santa Croz Co., Ruby Mine, 19-VII-1996, W.F. Babcock col."""
T018,16.305,0.87,1.79,3.98,2.73,5.48,1.56,13.48,4.63,11.25,7.44,28.42,29.69,10.33,1,4682,Noctuidae,"""Tarache augustipennis (Grote, 1875)""","""U.S.A., MO, Crawford Co., 1 m N Daivisville, Old Daivisville rd., Mark Twain N.F., 16-II-1988"""
T019,75.76,1.1,3.38,8.31,6.89,12.91,4.31,20.51,7.45,13.99,8.45,45.78,47.91,22.32,1,894,Noctuidae,"""Cucullia chamomillae (Dennis & Schiffermüller, 1775)""","""Spain, León, 1998"""
T020,33.304,1.39,2.40,4.21,3.35,9.17,2.36,16.75,5.01,12.01,7.75,33.96,36.86,14.78,2,7479/7480,Noctuidae,"""Cucullia splendida (Stoll, 1782)""","""Russia, E. Siberia, Buryatia, Ivolginskiyi distr., near Ivolginsk, 600 m, 3-VIII-2017, A. Filippov leg."""
T021,82.036,1.16,3.13,7.03,6.83,13.23,4.03,21.83,7.56,14.93,8.71,46.30,50.50,21.44,6,5/543/635/797/3498/4890,Noctuidae,"""Cucullia verbasci (L., 1758)""","""Spain, Madrid, Manzanares, VI-1989, Guadalajara, Durón, 1981, 1982, 30-IV-2017, no loc., 1982"""
T022,32.56,1.04,2.67,4.77,5.29,7.59,2.91,17.17,6.72,11.79,7.05,37.94,39.63,13.40,1,896,Noctuidae,"""Cucuillia argentea (Hufnagel, 1766)""","""Austria, 1962"""
T023,120.03,1.06,3.82,6.84,5.23,12.89,3.44,22.05,9.38,16.72,10.29,45.56,49.34,20.80,1,7437,Noctuidae,"""Anabelcia kala (Prout, 1924)""","""Malaysia, Borneo Island, Sabah, Trus Madi, VII-2011, V. Gromenko leg."""
T024,167.14,0.93,3.16,7.36,7.32,13.83,6.21,22.28,9.08,16.15,10.34,46.44,51.86,22.12,1,2336,Noctuidae,"""Baorisa hyeroglyphica Moore, 1882""","""Vietnam, Di Linh mt., Lam Dong, 900 m, X-2013"""
T025,50.397,0.65,2.93,5.12,4.71,11.9,3.61,19.78,9.02,13.98,9.36,39.45,44.27,17.68,2,3416/3479,Noctuidae,"""Panthea furcilla (Packerd, 1864)""","""U.S.A., Louisiana, St. Tammany Parish, 16/24-IV-2014, V.A. Brou leg."""
T026,238.38,1.52,4.64,8.62,6.88,14.68,5.04,31.28,15.76,22.88,16.72,64.77,69.44,24.82,1,3647,Noctuidae,"""Smilepholcia luteifascia (Hampson, 1894)""","""Vietnam, Lam Dong, Dà Lat, V-2015, D.N. Van leg."""
T027,80.747,1.08,3.40,5.58,4.89,12.02,2.69,20.44,9.7,15.97,11.32,42.83,45.77,18.69,3,3492/3493/3494,Noctuidae,"""Trichosea sp.""","""Vietnam, Lao Cai, Sapa, X/XI-2014, V. Van Nhon leg."""
T028,46.06,0.95,3.11,5.84,4.59,9.04,2.79,15.68,7.41,11.34,6.8,38.52,35.95,15.83,1,3444,Noctuidae,"""Raphia hybris (Hübner, 1813)""","""Spain, Guadalajara, Durón, 30-VI-1982"""
T029,12.690,0.45,1.90,3.06,2.04,5.67,1.37,12.17,5.42,9.77,6.47,23.47,26.38,9.19,2,1300/1301,Noctuidae,"""Neumoegenia poetica Grote, 1882""","""U.S.A., Arizona, Santa Croz Co., Ruby Mine, 19-VII-1996, W.F. Babcock col."""
T030,14.368,0.72,1.72,3.02,2.66,6.09,1.58,12.04,5.73,9.54,6.14,25.71,26.74,9.83,2,3433/3434,Noctuidae,"""Aegle vespertinalis (Rambur, 1858)""","""Spain, Guadalajara, 19-VI-1982"""
T031,14.158,0.81,2.06,3.15,2.77,6.99,2.25,14.81,7.15,11.99,7.99,28.55,32.40,10.96,4,3435/3436/6878/6879,Noctuidae,"""Synthymia fixa (Fabricius, 1787)""","""Spain, Guadalajara, Durón, VI-198, 28-VI-2019, E.G.B. leg."""
T032,111.727,1.01,3.77,6.89,7.29,14.08,5.33,24.27,10.36,18.73,11.98,55.65,55.83,21.98,2,922/946,Noctuidae,"""Amphipyra (Amphipyra) piramidea (L., 1758)""","""Spain, no data"""
T033,102.71,1.78,3.21,7.78,4.53,13.79,4.18,25.97,11.62,19.96,12.74,53.57,56.49,23.36,1,4555,Noctuidae,"""Amphipyra sp.""","""P.R. China, Tibet, Motuo county, 5 km S Hanmi, 2000 m, VIII-2015"""
T034,9.503,0.78,1.55,2.90,2.43,6.00,1.92,12.8,5.16,10.12,6.61,26.76,28.03,9.69,2,2125/3618,Noctuidae,"""Bryonycta pineti (Staudinger, 1859)""","""Spain, Huesca, Saravillo, VII-1993, Guadalajara, Durón, 730 m, 18-V-2015, E.G.B. leg."""
T035,81.69,1.06,3.84,6.89,4.44,9.92,3.31,19.36,8.39,15.74,10.48,39.81,43.16,17.87,1,3885,Noctuidae,"""Callyna jugaria Walker, 1858""","""Vietnam, Kon Tum, Ngoc Linh, IX-2015"""
T036,73.05,0.39,3.17,6.55,5.6,9.75,3.5,17.2,8.63,13.75,10.52,36.95,40.04,16.69,1,2412,Noctuidae,"""Chasmina sp.""","""Vietnam, Di Linh mt., Lam Dong, 900 m, VII-2013"""
T037,41.53,1.03,3.53,4.82,4.51,9.77,2.94,19.64,8.09,13.49,8.42,39.02,43.79,15.62,1,4460,Noctuidae,"""Allophyes alfaroi Agenjo, 1951""","""Spain, Guadalajara, Durón, 730 m., 30-X-2016, E.G.B. leg."""
T038,41.933,0.90,2.92,5.38,5.21,7.76,2.88,16.63,7.96,12.30,8.09,36.59,38.48,14.05,2,5561/5562,Noctuidae,"""Valeria jaspidea (Villers, 1789)""","""Spain, Guadalajara, Durón, 15/16-IV-1981, E.G.B. leg."""
T039,36.898,0.62,2.84,5.47,3.78,7.96,1.79,15.78,5.98,12.39,7.05,35.04,35.34,14.06,2,3474/3508,Noctuidae,"""Psaphida damalis Grote, 1880""","""U.S.A., Florida, Solano Co., Pleasant Valley, 29-I-2006"""
T040,58.80,1.26,3.09,5.73,3.38,9.66,1.87,16.71,6.26,13.14,8.2,35.83,36.8,16.65,1,5103,Noctuidae,"""Psaphida electilis (Morrison, 1875)""","""U.S.A., Ohio, Hobey Hollow Trail, 19-IV-1986, J. Hooper leg."""
T041,22.06,0.9,2.06,3.50,2.55,6.27,1.83,13.47,4.44,10.93,5.83,27.55,29.49,10.68,1,7466,Noctuidae,"""Cydosia mimica (Walker, 1866)""","""Rep. Dominicana, La Vega, near Constanza Town, 5-V-2019, V. Golovizin leg."""
T042,83.769,1.22,3.71,6.91,5.31,9.31,3.92,20.70,9.00,14.24,8.83,44.38,46.72,17.45,2,2391/3516,Noctuidae,"""Apsarasa radians (Westwood, 1848)""","""Vietnam, Lam Dong, Di Linh mt., X-2013, Quang Ngai, Mt. Bato, 1200 m, II-2015"""
T043,24.522,0.90,2.93,4.43,3.99,6.70,2.90,12.37,5.65,9.34,5.56,27.36,28.73,12.04,2,5258/5259,Noctuidae,"""Argyrosticta croesita (Schaus, 1904)""","""Costa Rica, Monteverde, Santa Clara, 7-X-2015, V. Golovizin leg."""
T044,68.686,1.08,2.71,7.09,3.82,9.1,3.02,17.64,8.42,13.61,9.03,34.63,39.11,17.19,2,4496/4497,Noctuidae,"""Sinocharis korbae (Püngeler, 1912)""","""Russia, Primorski krai, Ussuriysky distr., Gornotayezhnaya, 2-VII-2015,, Spassky distr., Kalinovka, 30-VI-2016, V. Golovizin leg."""
T045,10.278,0.58,2.03,3.90,2.29,6.32,1.40,12.63,5.44,10.94,6.73,26.67,27.56,10.81,3,3411/3471/3472,Noctuidae,"""Polygrammate hebracicum Hübner, 1827""","""U.S.A., Florida, Charlotte Co., Punta Gorda, IV/VII-2009, M. DeGrove leg."""
T046,6.884,0.37,1.55,2.76,2.40,5.44,1.56,11.18,4.46,9.23,5.43,24.42,24.76,8.58,2,3416/3476,Noctuidae,"""Comachara carburyi Franclemont, 1939""","""U.S.A., Louisiana, St. Tammany Parish, 16-IV-2014, V.A. Brou leg."""
T047,44.214,0.86,2.71,5.59,4.74,8.17,2.29,17.24,6.61,12.76,8.01,38.31,39.23,14.63,2,3442/3443,Noctuidae,"""Acronicta psi (L., 1758)""","""Spain, Guadalajara, Durón, 16-VI-1983"""
T048,30.965,0.62,2.42,3.69,3.50,6.49,2.85,12.43,5.51,9.16,5.97,28.71,28.38,10.81,2,3440/3441,Noctuidae,"""Acronicta serratae (Zerny, 1927)""","""Spain, Guadalajara, Durón, 1982"""
T049,28.79,0.88,2.19,4.66,2.44,6.65,2.25,16.37,6.88,12.39,8.39,31.58,35.18,12.19,1,4531,Noctuidae,"""(?) Tuerta sp.""","""Malawi, 60 km NW Chitipa, Mughesse Forest, 9 38 46S / 33 32 13E, 1810 m, 28/29-XII-2010, A. Sochivko leg."""
T050,38.72,1.13,2.35,4.61,2.77,8.48,1.62,23.32,10.58,17.26,12.77,43.22,49.41,14.22,1,5226,Noctuidae,"""Aegocera latimargo (Kiriakoff, 1975)""","""D.R. Congo, Beni Nord-Kivu, II-2011"""
T051,82.908,1.59,3.35,5.78,3.38,11.08,2.75,22.36,8.94,15.58,10.5,42.25,48.18,18.46,2,6546/6547,Noctuidae,"""Aucula sp. cf. gura""","""Peru, Loreto, San Regis, I-2017, Maynas, Punchacu, Picuroyacu, II-2017"""
T052,33.35,1.07,2.72,6.01,3.35,8.97,1.78,20.72,8.16,14.4,9.13,40.25,44.79,16.05,1,2196,Noctuidae,"""Burgena varia (Walker, 1894)""","""Indonesia, S-Halmahera, Weda, Lalief, XI-2013"""
T053,96.50,2.12,3.58,7.48,4.39,12.95,3.16,36.04,16.25,24.31,16.86,63.21,76.47,22.55,1,2825,Noctuidae,"""Episteme maculatrix (Duncan & Westwood, 1841)""","""Vietnam, Lao Cai, Sapa mt., 1800 m, VI-2014"""
T054,83.520,1.83,3.67,6.73,3.56,15.30,2.88,32.05,14.56,22.56,15.57,62.13,67.68,23.87,2,7000/7001,Noctuidae,"""Episteme vetula (Geyer, 1832)""","""Philippines, Palawan, Roxas, Magara, VII-2019, N. Layron leg."""
T055,37.547,1.28,2.81,4.86,2.66,9.47,2.43,19.71,8.52,14.96,10.00,40.58,42.09,15.62,3,6578/6579/6580,Noctuidae,"""Erocha mommia (Cramer, 1779)""","""Peru, Loreto, San Regis, I-2017, Maynas, Punchacu, Picuroyacu, II-2017"""
T056,109.668,1.48,3.73,8.39,4.53,12.92,3.77,36.03,17.92,25.27,17.47,68.23,76.59,22.80,3,2823/2824/6438,Noctuidae,"""Exsula sp. (cf. victrix)""","""Vietnam, Lao Cai, Sapa mt., 1800 m, VI-2014, Yenbai, Mucangchai, 1700 m., VI-2018"""
T057,97.881,1.40,3.10,8.11,4.46,13.75,3.36,33.47,14.07,22.80,16.20,66.09,71.41,23.27,2,7520/7521,Noctuidae,"""Heraclia hornimani (Druce, 1880)""","""D.R. Congo, Nord-Kivu, Mamove, IV-2014"""
T058,75.238,1.18,2.87,6.95,3.56,14.08,2.73,34.56,15.78,24.83,16.39,63.80,72.69,22.22,2,5227/7507,Noctuidae,"""Heraclia poggei (Dewitz, 1879)""","""D.R. Congo, Biakato Ituri, IX-2012, Nord-Kivu, Mamove, IV-2014"""
T059,142.261,1.68,3.59,9.57,5.31,17.14,3.77,40.98,18.12,26.62,20.17,80.24,87.28,28.40,2,5229/7508,Noctuidae,"""Heraclia schoutedeni Hulstaert, 1923""","""D.R. Congo, Biakato Ituri, IX-2012, Nord-Kivu, Mamove, IV-2014"""
T060,42.99,1.28,2.51,5.96,2.66,9.93,2.07,26.57,11.73,18.81,13.53,47.56,55.8,17.09,1,5228,Noctuidae,"""Heraclia superba (Butler, 1875)""","""D.R. Congo, Beni Nord-Kivu, II-2011"""
T061,17.11,1.44,2.61,5.48,2.95,10.69,2.12,20.72,9.88,16.45,12.61,40.48,44.40,17.62,2,7509/7514,Noctuidae,"""Massaga sp. (probl. M. hesparia)""","""D.R. Congo, Nord-Kivu, Mamove, IV-2014"""
T062,25.629,1.43,2.63,4.46,3.51,9.04,2.52,17.74,8.29,14.29,10.08,36.33,39.00,14.93,4,3716/3717/3718/3719,Noctuidae,"""Mimeusemia postica (Walker, 1862)""","""Vietnam, Quang Ngai, Bato mt., 900 m, V-2015"""
T063,32.882,1.20,2.73,5.33,2.9,12.29,1.99,22.70,11.03,17.13,11.92,42.41,48.30,18.83,2,5273/5274,Noctuidae,"""Ophthalmis lincea (Cramer, 1779)""","""Indonesia, W. Papua, Sorong area, VI-2014, E. Sanjaya leg."""
T064,17.905,0.98,2.39,4.23,2.84,10.06,1.82,17.63,7.55,13.73,9.27,35.31,38.11,15.28,2,2996/5703,Noctuidae,"""Sarbanissa transiens (Walker, 1856)""","""Malaysia, Pahang, Kampung, Panggen, Cameron Highlands, V-2013, Indonesia, W. Kalimantan, Mt. Bawang (00°53.5'N, 109°22.2E), 245 m, VIII-2017"""
T065,46.68,1.18,3.22,6.44,2.79,9.58,2.78,25.98,12.65,18.91,12.86,44.43,54.76,17.21,1,5627,Noctuidae,"""Scrobigera vacillans (Walker, 1864)""","""Philippines, Mindanao, Mt. Matutum, VI-2017"""
T066,57.25,1.03,3.24,5.81,4.46,9.94,3.15,17.22,7.89,11.78,7.11,35.17,38.98,16.78,1,6190,Noctuidae,"""Vespola caerulifera (Walker, 1867)""","""French Guiana, Sant Laurent du Maroni, Village Espérance, V-2018"""
T067,20.264,0.82,2.28,3.21,3.52,3.86,1.74,10.83,5.33,8.52,5.97,22.69,25.18,7.89,2,6057/6061,Noctuidae,"""Amephana anarrhini (Duponchel, 1840)""","""Spain, Guadalajara, Durón, 730 m, 2-VI-2018, E.G.B. leg."""
T068,11.391,0.63,1.86,3.51,3.09,6.45,1.72,13.60,4.76,10.39,7.21,28.18,30.30,10.60,4,923/947/4087/6064,Noctuidae,"""Epimecia ustula (Freyer, 1835)""","""Spain, Guadalajara, Durón, VIII-1981, 2-IV-2016, 2-VI-2018, E.G.B. leg."""
T069,6.402,0.76,1.82,2.51,2.08,5.85,1.58,13.24,4.82,10.44,7.48,25.7,28.56,9.12,2,4364/4365,Noctuidae,"""Stilbia sp.""","""Spain, Guadalajara, Durón, IX-2016"""
T070,27.77,0.24,2.40,3.67,3.66,4.62,2.25,12.19,5.62,9.33,5.95,25.10,28.04,8.53,3,4866/4867/4868,Noctuidae,"""Cleonymia baetica (Rambur, 1837)""","""Spain, Guadalajara, Durón, 15-IV-2014, E.G.B. leg."""
T071,15.154,0.45,1.98,4.23,2.91,6.48,1.82,13.86,4.91,10.09,7.25,28.50,30.64,11.16,2,6065/6081,Noctuidae,"""Lophoterges millierei (Staudinger, 1871)""","""Spain, Guadalajara, Durón, 730 m, 2-VI-2018, E.G.B. leg."""
T072,63.688,0.96,1.91,5.26,4.45,7.97,2.31,16.14,6.31,12.15,7.8,34.25,36.74,14.21,3,3437/3438/3439,Noctuidae,"""Xylocampa areola (Esper, 1789)""","""Spain, Guadalajara, Durón, II-1982 / III-1983"""
T073,18.500,0.74,2.04,3.88,3.47,5.84,2.19,10.93,3.97,7.58,4.78,21.68,25.33,10.46,4,557/626/6052/6053,Noctuidae,"""Cleonymia yvanii (Duponchel, 1833)""","""Spain, Guadalajara, Durón, V-1982, 2-VI-2018, E.G.B. leg."""
T074,14.600,0.42,1.87,4.05,3.15,7.7,1.63,11.14,4.9,8.75,7.01,23.27,25.44,12.17,2,5536/5537,Noctuidae,"""Recoropha canteneri (Duponchel, 1833)""","""Spain, Madrid, Aranjuez-El Regajal, 6-V-1994, J. Cifuentes det."""
T075,37.672,1.14,2.91,5.44,3.82,8.57,2.31,15.40,6.49,11.64,8.08,32.63,34.63,15.15,2,5889/5890,Noctuidae,"""Condica cupentia (Cramer, 1779)""","""Rep. Dominicana, La Vega prov., near Constanza, 18-XII-2017, V. Golovizin leg."""
T076,21.612,1.23,2.64,4.68,2.97,7.36,1.41,13.48,6.08,10.58,7.56,27.94,29.93,13.28,2,5891/5892,Noctuidae,"""Condica mobilis (Walker, 1857)""","""Rep. Dominicana, La Vega prov., near Constanza, 15/17-XII-2017, V. Golovizin leg."""
T077,6.919,0.71,1.66,2.97,2.29,4.95,1.72,12.30,4.94,9.98,6.62,25.11,26.9,8.64,2,5557/5558,Noctuidae,"""Alvaradoia numerica (Boisduval, 1840)""","""Spain, Guadalajara, Durón, 3-VIII-1980, 7-VIII-1981, E.G.B. leg."""
T078,19.316,0.72,1.8,3.77,2.88,4.69,2.01,11.60,5.17,9.43,6.75,22.48,26.08,9.19,2,977/1017,Noctuidae,"""Tyta luctuosa (D. & Schiff., 1775)""","""Spain, Madrid, V-1981"""
T079,69.914,1.25,2.89,7.59,5.52,9.00,4.24,18.40,7.23,14.21,9.06,37.12,42.32,17.85,3,3/633/3497,Noctuidae,"""Heliothis peltigera (Dennis & Schiffermüller, 1775)""","""Spain, Madrid, Cotos, 1993, Guadalajara, Durón, 1982"""
T080,32.288,0.86,2.37,4.87,4.49,7.05,2.52,14.11,6.61,11.45,8.66,29.96,32.71,12.78,3,3430/3431/3432,Noctuidae,"""Heliothis viriplaca (Hufnagel, 1766)""","""Spain, Guadalajara, Durón, VI/VIII-1982"""
T081,170.783,1.67,4.05,9.09,6.67,13.08,3.97,32.11,16.11,26.67,20.78,69.16,70.91,23.84,3,2/632/3452,Noctuidae,"""Mormo maura (L., 1758)""","""Spain, Santander, Castro-Urdiales, VIII-1994, Guadalajara, Durón, 1982"""
T082,39.308,0.89,3.09,5.27,4.36,9.11,3.18,18.61,7.95,14.44,10.09,38.52,41.59,15.28,2,5559/5560,Noctuidae,"""Olivenebula xanthochloris (Boisduval, 1840)""","""Spain, Guadalajara, Durón, 23-VIII-1981, E.G.B. leg."""
T083,39.284,0.84,2.54,4.64,3.85,7.86,2.7,16.87,7.16,12.48,9.68,34.17,37.59,13.35,3,5553/5554/6914,Noctuidae,"""Polyphaenis sericata (Esper, 1787)""","""Spain, Guadalajara, Durón, 13-VII-1980, 2-X-1981, 23-VI-2019 E.G.B. leg."""
T084,39.014,0.88,2.69,5.04,3.97,7.6,2.65,16.53,6.78,13.28,9.46,33.43,37.04,13.52,5,5321/5323/5326/5360/5361,Noctuidae,"""Thalpophila vitalba (Freyer, 1834)""","""Spain, Guadalajara, Durón, 730 m, 23-IX-2017, E.G.B. leg."""
T085,22.375,0.85,2.33,4.63,3.55,7.24,1.89,15.46,6.98,11.67,8.17,31.95,34.48,12.72,2,3445/3446,Noctuidae,"""Callopistria juventina (Stoll, 1782)""","""Spain, Ávila, El Hornillo, VII/IX-1985"""
T086,19.352,1.15,2.63,4.17,3.89,7.92,2.57,15.38,6.56,12.15,8.35,31.40,34.66,13.25,2,3712/5011,Noctuidae,"""Callopistria sp. (cf. C. exotica, nobilior, repleta)""","""Vietnam, Quang Ngai, Bato mt., 900 m, V-2015, Thua Thien Hue, Bach Ma Mt., 1400 m, XI-2016"""
T087,24.619,0.77,2.73,4.12,3.63,7.13,2.72,14.02,4.68,11.18,6.74,31.24,31.69,12.03,3,2488/2489/2490,Noctuidae,"""Spodoptera exigua (Hübner, 1808)""","""Spain, Madrid, 2012"""
T088,7.766,0.80,1.83,2.79,2.68,5.14,1.63,11.00,4.62,9.15,6.31,24.15,24.68,8.75,2,920/944,Noctuidae,"""Bryophila (Bryoleuca) ravula (Hübner, 1813)""","""Spain, Guadalajara, Durón, VI-1982"""
T089,11.604,0.72,1.94,3.89,2.83,5.47,1.78,12.48,4.6,10.04,6.83,27.31,27.87,10.08,2,5569/5570,Noctuidae,"""Bryophila (Moureia) petrea Guenée, 1852""","""Spain, Guadalajara, Durón, 22/25-VIII-1981, E.G.B. leg."""
T090,9.711,0.60,1.78,3.25,2.48,5.76,1.27,12.47,4.90,9.08,5.96,26.02,27.42,9.62,2,5580/5581,Noctuidae,"""Cryphia (Cryphia) lusitanica (Draudt, 1931)""","""Spain, Guadalajara, Durón, 10-IX-1984, E.G.B. leg."""
T091,8.165,0.58,1.71,3.07,2.41,4.68,1.38,10.40,4.20,8.27,5.44,21.61,23.22,8.27,6,5313/5533-5535/5567/5568,Noctuidae,"""Cryphia (Euthales) algae (Fabricius, 1775)""","""Spain, Madrid, Miraflores, 3-VIII-2000, J, Fernández leg., Guadalajara, Durón, 725 m, 10-IX-1984, 16-IX-2017, E.G.B. leg."""
T092,17.729,0.79,1.92,4.03,3.22,6.08,2.18,12.52,5.57,10.07,6.74,27.53,28.26,10.91,2,3429/3428,Noctuidae,"""Nyctobrya (Bryopsis) muralis (Forster 1771)""","""Spain, Ávila, El Hornillo, 22-VII-1985, Guadalajara, Durón, 6-VIII-1982"""
T093,3.38,0.5,1.42,2.46,2.07,3.66,1.02,7.73,3.49,6.69,4.69,17.94,17.46,6.62,1,1242,Noctuidae,"""Strotihypera semiochrea (Hampson, 1898)""","""Vietnam, Lam Dong, Lac Duong, Bidoup Nui Ba Natl. Pak, 10-X-2015, Vo Van Nhnon leg."""
T094,9.795,0.64,1.80,3.11,2.58,4.64,1.42,11.06,3.89,8.92,5.95,22.92,24.71,8.47,2,4358/4361,Noctuidae,"""Caradrina (Paradrina) flavirena Guenée, 1852""","""Spain, Guadalajara, Budia, 950 m, IX-2016, E.G.B. leg."""
T095,24.77,0.78,2.17,3.90,3.26,6.79,2.62,14.30,5.39,10.88,7.90,31.16,31.87,11.48,1,7494,Noctuidae,"""Caradrina (Paradrina) sp. (cf. noctivaga)""","""Russia, E. Siberia, Buryatia, Ivolginskiyi distr., near Ivolginsk, 600 m, 3-VIII-2017, A. Filippov leg."""
T096,34.023,0.89,2.57,4.17,3.72,7.81,2.56,15.43,6.48,12.59,9.45,32.30,34.59,12.88,4,5317/5318/5325/5364,Noctuidae,"""Caradrina sp.""","""Spain, Guadalajara, Durón, 725 m, 16/23-IX-2017, E.G.B. leg."""
T097,28.664,0.67,2.37,4.37,3.74,6.71,2.1,13.64,5.05,10.35,7.11,29.47,31.03,11.77,3,5332/5551/5552,Noctuidae,"""Chloantha hyperici (D. & Schiff., 1775)""","""Spain, Ávila, Gredos, El Hornillo, 16-VII-1985, J.L. Viejo et al. Leg., Guadalajara, Durón, 725 m, 19-VI-1982, VI-1980, 16-IX-2017, E.G.B. leg."""
T098,18.74,0.44,2.29,4.76,2.75,6.6,2.04,13.2,6.17,11.36,7.42,27.14,29.15,11.87,1,1303,Noctuidae,"""Iodopepla u-album (Guenée, 1852)""","""U.S.A., Ohio, Portage Co., Triangle Lake, Ravenna Bog, 15-VII-1985"""
T099,56.241,0.75,3.08,5.49,4.95,9.80,3.05,17.47,6.30,13.75,9.09,39.27,39.91,16.06,2,7322/7323,Noctuidae,"""Euxoa temera (Hübner, 1808)""","""Spain, Guadalajara, Durón, 29-VIII-1981, E.G.B. leg."""
T100,43.773,1.30,3.04,5.22,4.29,8.03,2.29,15.96,6.58,13.21,8.92,34.34,36.21,14.56,2,5362/5363,Noctuidae,"""Agrotis puta (Hübner, 1803)""","""Spain, Guadalajara, Durón, 730 m, 23-IX-2017, E.G.B. leg."""
T101,94.08,1.77,3.53,7.21,4.31,10.09,3.28,20.72,6.82,15.3,11.15,42.62,45.75,19.07,1,4691,Noctuidae,"""Agrotis sp.""","""U.S.A., Ohio, Scioto Co., Shawnees F., Hobey Hollow Trail, 19-IV-1986"""
T102,54.540,1.12,3.23,5.74,4.46,9.43,3.08,17.99,6.54,13.89,10.14,36.84,40.44,16.30,2,5334/5336,Noctuidae,"""Agrotis trux (Hübner, 1824)""","""Spain, Guadalajara, Durón, 725 m, 16-IX-2017, E.G.B. leg."""
T103,71.540,1.29,3.34,5.43,5.75,10.26,3.90,18.35,7.48,14.44,8.58,36.77,42.47,16.98,2,919/943,Noctuidae,"""Eucoptocnemis (Cladocerotis) optabilis (Boisduval, 1834)""","""Spain, Cuenca, Albaladejito, IX-1993"""
T104,25.138,1.11,2.51,4.04,3.73,7.23,2.77,14.69,5.56,12.48,8.17,31.31,33.12,12.38,2,5565/5566,Noctuidae,"""Epilecta linogrisea (D. & Schiff., 1775)""","""Spain, Guadalajara, Durón, 3-IX-1982, 20-IX-1982, E.G.B. leg."""
T105,35.876,0.96,3.00,5.04,4.38,8.35,2.67,16.70,6.19,13.12,8.83,35.01,37.80,14.36,2,7316/7321,Noctuidae,"""Eugnorisma arenoflavida (Schawerda, 1934)""","""Spain, Guadalajara, Durón, 30-VIII-1981, X-2019, E.G.B. leg."""
T106,163.531,0.95,2.92,7.12,6.00,11.22,6.27,24.01,9.21,18.53,14.13,50.63,54.03,19.30,2,823/1324,Noctuidae,"""Noctua cf tirrhenica Biebinger et al. 1983""","""Spain, Madrid, Miraflores de la Sierra, VII-2000"""
T107,55.845,1.07,2.91,6.56,5.91,10.23,3.96,19.03,7.38,15.88,11.37,42.21,43.97,17.87,3,553/624/5526,Noctuidae,"""Noctua comes Hübner, 1813""","""Spain, Madrid, Miraflores, 29-VII-2000, L. Romera leg., Madrid, 2001, Guadalajara, 1981"""
T108,36.768,0.92,2.97,5.65,4.4,9.11,2.55,18.41,6.84,14.18,10.41,38.30,41.23,15.68,2,5331/5338,Noctuidae,"""Noctua janthe (Borkhausen, 1792)""","""Spain, Guadalajara, Durón, 725 m, 16-IX-2017, E.G.B. leg."""
T109,30.403,0.81,2.65,5.51,4.63,7.66,3.72,16.65,6.32,13.13,10.03,35.43,37.94,13.99,2,5527/5528,Noctuidae,"""Noctua janthina D. & Schiff., 1775""","""Spain, Madrid, Robledillo de la Jara, 4/10-VIII-2000, J. Fernández leg."""
T110,75.19,1.17,3.07,7.31,6.3,8.93,4.5,18.2,6.09,14.83,11.71,41.8,42.73,17.41,1,2179,Noctuidae,"""Noctua orbona (Hufnagel, 1766)""","""Spain, no data"""
T111,210.65,0.92,3.84,7.8,6.63,14.95,5.8,26.3,8.96,19.84,14.72,58.06,59.23,23.67,1,2178,Noctuidae,"""Noctua pronuba (L., 1767)""","""Spain, no data"""
T112,47.096,0.78,3.36,4.63,5.34,9.8,3.31,18.46,7.44,15.10,10.04,39.13,42.27,15.22,3,5530/5531/5532,Noctuidae,"""Xestia (Xestia) castanea (Esper, 1798)""","""Spain, Madrid, Miraflores, 4/10-VIII-2000, J, Fernández leg."""
T113,31.93,0.86,2.58,3.87,3.06,7.24,2.33,14.42,5.82,11.73,9.23,30.56,31.84,11.97,1,5324,Noctuidae,"""Xestia (Xestia) xantographa (D. & Schiff., 1775)""","""Spain, Guadalajara, Durón, 725 m, 16-IX-2017, E.G.B. leg."""
T114,39.498,0.53,2.34,4.84,4.55,6.94,2.53,15.15,5.59,11.77,7.26,34.05,34.86,12.31,2,3450/3451,Noctuidae,"""Panolis flammea (D. & Schiff., 1775)""","""Spain, Guadalajara, Durón, IV/V-1981"""
T115,28.555,0.92,2.41,3.94,3.67,7.56,2.03,14.09,5.32,11.1,7.79,29.14,31.86,12.42,2,5330/5333,Noctuidae,"""Leucania (Leucania) punctosa (Treischke, 1825)""","""Spain, Guadalajara, Durón, 725 m, 16-IX-2017, E.G.B. leg."""
T116,62.154,0.98,2.96,5.37,4.42,8.59,3.18,18.10,6.63,13.39,9.45,37.40,40.64,14.94,3,5327/5571/5572,Noctuidae,"""Mythimna (Mythimna) vitellina (HÜbner, 1808)""","""Spain, Guadalajara, Durón, 725 m, 4-IX-1980, 18-V-1981, 16-IX-2017, E.G.B. leg."""
T117,33.553,0.79,2.17,5.40,4.41,7.29,2.20,14.11,5.22,10.94,7.05,30.90,32.64,13.48,2,925/949,Noctuidae,"""Mythimna (Sablia) sicula (Treitschke, 1835)""","""Spain, Guadalajara, Durón, IV-1981"""
T118,34.78,1.02,2.81,4.97,4.04,8.66,2.2,16.82,6.24,13.09,8.17,34.51,37.68,14.63,1,6870,Noctuidae,"""Lacanobia w-latinum (Hufnagel, 1766)""","""Spain, Guadalajara, Durón, 8-VI-2019, E.G.B. leg."""
T119,145.081,1.75,4.34,7.70,6.46,13.60,4.53,24.92,8.69,18.20,12.15,52.77,56.30,23.05,4,4557/4726/4727/4728,Noctuidae,"""Checupa stegeri (Hreblay & Thoeny, 1995)""","""P.R. China, Tibet, Motuo county, 5 km S Hanmi, 2000 m, VIII-2015, Vietnam, Thua Thien Hue, Bach Ma mt., 1400 m., III-2016"""
T120,44.28,0.12,3.16,6.78,4.53,8.83,3.39,14.51,6.27,11.56,8.49,31.56,33.55,15.73,1,2771,Noctuidae,"""Clethrorasa sp.""","""Malaysia, Pahang, Brinchang, 1500m, III/IV-2014, A. Vishnyakov leg."""
T121,35.722,0.48,2.97,4.37,3.57,8.13,2.52,14.83,6.16,11.76,8.25,31.49,33.23,12.98,2,3568/3592,Noctuidae,"""Dyrzela plagiata Walker, 1858""","""Vietnam, Quang Ngai, Mt. Bato, 1200 m, IV-2015, T. Le Luong leg."""
T122,17.765,1.14,2.32,4.32,3.27,7.87,1.48,14.45,5.20,11.44,8.24,30.64,32.17,13.33,2,4171/4172,Noctuidae,"""Goenycta niveiguttata (Hampson, 1902)""","""Vietnam, Thua Tien Hue, Bach Ma Mt., 1400 m, III-2016"""
T123,31.214,0.7,2.68,4.60,4.36,6.40,2.12,13.73,5.74,10.73,6.49,30.28,31.82,11.70,3,5575/5576/5577,Noctuidae,"""Hadena (Anepia) silenes (Hübner, 1822)""","""Spain, Guadalajara, Durón, 26-IV-1982, 12-IV-2015, E.G.B. leg."""
T124,42.644,0.96,2.78,4.28,3.94,7.40,2.66,15.56,5.54,11.26,6.88,32.71,35.07,12.64,2,5573/5574,Noctuidae,"""Hadena (Hadena) confusa (Hufnagel, 1766)""","""Spain, Guadalajara, Durón, 31-V-1981, 1-VI-1981, E.G.B. leg."""
T125,33.596,0.63,2.53,4.61,3.61,6.62,2.08,13.4,5.66,10.04,6.93,29.27,30.41,11.87,2,5578/5579,Noctuidae,"""Hecatera corsica (Rambur, 1832)""","""Spain, Guadalajara, Durón, 1-VI-1981, 12-IV-2015, E.G.B. leg."""
T126,67.05,1.18,3.19,4.83,4.29,9.27,2.88,18.46,7.62,13.75,8.27,39.37,41.22,15.29,1,4826,Noctuidae,"""Heterochroma beryllus (Guenée, 1852)""","""Costa Rica, Monteverde, Santa Elena, 5-X-2015, V. Golovizin leg."""
T127,50.862,1.27,2.97,6.26,3.72,7.97,2.43,15.76,6.01,12.03,8.29,32.07,35.25,15.51,2,5260/5261,Noctuidae,"""Karana gemmifera Walker, 1857)""","""Vietnam, Kon Tum, Dakglei-Dak Man, Thac che, 27-III-2017, V. Golovizin leg."""
T128,58.39,0.82,2.89,5.01,3.26,8.98,2.32,14.07,4.93,11.07,6.89,29.04,31.4,14.81,1,3207,Noctuidae,"""Prometopus sp. near P. asahana (Kobes, 1983)""","""Malaysia, Pahang, Genting Highlands, 1700 m, 24-VI-2013"""
T129,13.564,0.71,2.31,4.09,3.21,5.77,1.56,11.85,5.22,9.65,6.1,25.3,26.91,10.58,2,3109/3143,Noctuidae,"""Yepcalphis dilectissima (Walker, 1858)""","""Vietnam, Quang Ngai, X-2014, 950 m"""
T130,80.335,1.06,3.37,5.53,4.74,11.22,3.8,20.82,8.69,15.52,10.35,44.36,46.40,17.81,3,3408/7646/7650,Noctuidae,"""Xanthopastis timais (Cramer, 1782)""","""U.S.A., Louisiana, St. Tammany Parish, 16-VI-2014, V.A. Brou leg., Suriname, Brokopondo, S.A. Bergendal Resort (5°08'54.62''N, 55°04'7.24''W), 11-VII-2018, Col. T. Taylor leg."""
T131,80.771,1.19,3.37,6.15,5.23,8.80,3.44,23.43,8.88,15.50,10.30,47.71,52.09,16.15,3,5758/5588/5589,Noctuidae,"""Phlogophora meticulosa (L., 1758)""","""Belgium, Liège, Embourg, 12-IV-1981 (e.l.), J.P. Herzet leg., Spain, Cuenca, VIII-1997, prov.  Madrid, VIII-1987"""
T132,46.829,1.06,3.44,5.74,4.88,9.00,3.05,18.74,7.44,14.84,9.64,39.53,42.36,15.81,3,5585/5586/5587,Noctuidae,"""Pseudenargia ulicis (Staudinger, 1859)""","""Spain, Madrid, Miraflores, 4/10-VIII-2000, J, Fernández leg., Cuenca, VIII-1997"""
T133,56.275,0.92,2.53,5.65,3.72,8.76,2.23,15.78,4.95,11.43,8.21,31.60,35.29,15.35,2,4833/4862,Noctuidae,"""Sasunaga interrupta (Warren, 1912)""","""Thailand, Pattava, Koh-Larn ist., 3-XII-2016, V. Golovizin leg."""
T134,18.174,0.85,2.57,3.07,3.15,6.84,2.49,14.92,6.31,11.40,7.72,28.77,32.99,10.77,3,5322/5365/5366,Noctuidae,"""Leuchochlaena oditis (Hübner, 1822)""","""Spain, Madrid, Cantoblanco, 21-IX-2017, Guadalajara, Durón, 730 m, 23-IX-2017, E.G.B. leg."""
T135,56.52,1.14,3.32,4.71,6.23,9.09,3.15,21.75,8.41,15.82,10.15,40.04,49.73,14.94,1,2092,Noctuidae,"""Ammopolia witzenmanni (Standfuss, 1890)""","""Spain, Guadalajara, Durón, 10-XI-2013"""
T136,41.92,1.45,2.8,4.10,3.99,8.3,3.22,15.89,6.46,12.51,7.91,34.51,35.77,13.85,1,4459,Noctuidae,"""Dryobotodes monochroma (Esper, 1790)""","""Spain, Guadalajara, Durón, 730 m., 30-X-2016, E.G.B. leg."""
T137,28.272,0.65,2.87,4.44,3.68,6.94,2.25,16.12,6.42,12.12,8.11,33.57,35.92,12.04,2,5563/5564,Noctuidae,"""Polymixis (Eumichtis) lichenea (Hübner, 1813)""","""Spain, Guadalajara, Durón, 2-X-1981, E.G.B. leg."""
T138,37.891,0.84,2.85,4.03,4.63,7.47,2.19,17.40,6.93,13.26,8.99,35.05,39.44,12.35,2,5395/5396,Noctuidae,"""Polymixis (Polymixis) argillaceago (Hübner, 1822)""","""Spain, Guadalajara, Durón, 730 m., 15-X-2017, E.G.B. leg."""
T139,48.225,1.37,3.22,5.16,3.99,8.28,2.60,17.69,6.75,12.93,7.18,36.62,39.37,14.82,3,5379/5380/5381,Noctuidae,"""Polymixis (Polymixis) dubia (Duponchel, 1833)""","""Spain, Guadalajara, Durón, 730 m, 30-IX-2017, E.G.B. leg."""
T140,75.34,0.57,3.06,5.05,4.58,8.98,2.77,20.31,7.3,14.4,9.78,41.27,45.2,14.55,1,5329,Noctuidae,"""Scotochrosta pulla (D. & Schiff., 1775)""","""Spain, Guadalajara, Durón, 725 m, 16-IX-2017, E.G.B. leg."""
T141,34.894,1.00,2.90,4.70,4.10,8.12,3.14,18.49,8.06,14.41,9.35,36.94,41.09,13.82,2,5394/5399,Noctuidae,"""Trigonophora flammea (Esper, 1785)""","""Spain, Guadalajara, Durón, 730 m, 7-X-2017, E.G.B. leg."""
T142,46.647,0.88,2.83,5.01,4.36,8.63,2.64,19.07,8.17,13.93,8.55,38.07,42.51,14.53,2,5392/5393,Noctuidae,"""Trigonophora jodea (Herrich-Schäffer, 1850)""","""Spain, Guadalajara, Durón, 730 m, 7-X-2017, E.G.B. leg."""
T143,20.510,0.82,2.35,4.23,3.46,5.18,1.79,12.27,4.80,9.53,5.78,26.05,28.02,10.24,3,7317/7318/7320,Noctuidae,"""Luperina dumerilii (Duponchel, 1827)""","""Spain, Guadalajara, Durón, 730 m, X-2019, E.G.B. leg."""
T144,37.02,1.20,2.67,4.51,2.66,9.26,2.1,15.89,5.8,12.08,8.36,32.45,34.44,14.97,1,4495,Noctuidae,"""Antha grata (Butler, 1881)""","""Russia, Primorski krai, Ussuriysky distr., Gornotayezhnaya, 3-VII-2016, V. Golovizin leg."""
T145,23.393,0.82,2.71,4.45,4.08,7.25,2.09,14.53,5.63,11.55,7.62,31.09,33.16,12.52,3,5605/5606/5607,Noctuidae,"""Dicycla oo (L., 1758)""","""Spain, Madrid, Miraflores de la Sierra, VII-2000"""
T146,16.21,0.88,2.02,4.03,2.58,7.17,1.48,13.62,6.45,10.69,7.09,27.83,29.82,12.08,1,4494,Noctuidae,"""Niphonyx segregata (Butler, 1878)""","""Russia, Primorski krai, Ussuriysky distr., Gornotayezhnaya, 3-VII-2016, V. Golovizin leg."""
T147,118.310,1.56,3.89,8.22,6.67,12.84,4.20,23.76,8.73,17.70,11.27,53.18,54.19,22.62,2,3447/3448,Noctuidae,"""Apamea monoglypha (Hufnagel, 1766)""","""Spain, Ávila, El Hornillo, 22/25-VII-1985"""
T148,41.48,1.69,2.89,5.84,3.57,7.34,2.46,16.7,6.47,12.16,8.06,37.26,36.97,14.87,1,4690,Noctuidae,"""Apamea sp.""","""U.S.A., Ohio, Scioto Co., Shawnees F., Hobey Hollow Trail, 19-IV-1986"""
T149,5.157,0.54,1.56,2.61,2.49,4.81,1.26,8.83,3.50,6.81,4.58,19.99,20.16,7.97,2,924/948,Noctuidae,"""Mesoligia furuncula (D. & Schiff., 1775)""","""Spain, Guadalajara, Durón, VIII-1981"""
U001,70.25,1.16,2.79,5.46,4.01,11.24,2.86,20.08,8.62,15.01,9.27,40.98,44.17,17.86,1,2132,Nolidae,"""Diphthera festiva (Fabricius, 1775)""","""Mexico, Sonora, Hw 16 20 km W Yecora, 17-IX-2010"""
U002,3.06,0.75,1.26,2.85,1.43,3.82,1.65,9.78,4.03,7.33,4.58,19.59,20.99,7.42,1,5926,Nolidae,"""Afrida sp. cf. mesomelaena Hampson, 1914""","""Rep. Dominicana, La Vega prov., near Constanza, 17-XII-2017, V. Golovizin leg."""
U003,1.57,0.27,1.11,1.72,1.48,3.21,0.92,6.82,2.75,5.55,3.33,14.41,15.12,5.21,1,3929,Nolidae,"""Afrida ydatodes Dyar, 1913""","""U.S.A., Louisiana, St. Tamany Parish, 30° 30.986'N, 89° 57.276'W, 20-IV-2014, V.A. Brou leg."""
U004,7.96,0.82,2.36,3.83,2.99,6.94,1.19,13.85,5.91,10.48,7.68,25.35,30.69,11.59,1,3024,Nolidae,"""Risoba sp.""","""Malaysia, Pahang, Genting Highlands, 1700 m, 24-VI-2013"""
U005,27.37,1.49,2.81,4.52,3.95,7.01,2.39,14.83,6.37,11.29,6.91,30.23,33.61,13.02,1,5017,Nolidae,"""Risoba vialis Moore, 1881""","""Vietnam, Thua Thien Hue, Bach Ma Mt., 1400 m, XI-2016"""
U006,11.286,0.56,1.90,3.35,2.82,6.34,1.14,11.95,5.05,9.24,6.29,25.49,26.73,10.26,2,3231/3232,Nolidae,"""Baileya acadiana Brou, 2004""","""U.S.A., Louisiana, St. Tammany, V/VI-2014, V.A. Brou leg."""
U007,206.50,1.39,4.33,9.07,7.4,14.8,5.48,37.74,13.52,28.8,18.15,78.46,82.88,25.26,1,2334,Nolidae,"""Eligma hypsoides (Walker, 1869)""","""Rep. Cameroun (no loc., 2000-2005)"""
U008,116.375,1.38,3.18,6.69,5.13,16.28,4.57,33.55,11.04,26.14,14.57,68.50,72.23,24.35,4,998/2268/2269/3580,Nolidae,"""Eligma narcissus (Cramer, 1775)""","""China, no loc. (MNCN), Vietnam, Lam Dong prov., Di Linh Mt., 900 n, VII-2013, Quang Ngai, Mt. Bato, 1200 m, III-2015"""
U009,92.97,1.61,3.3,5.78,4.71,16.67,2.96,25.61,8.86,19.09,12.39,53.24,55.93,24.06,1,3151,Nolidae,"""Gadirtha impingens (Walker, 1857)""","""Vietnam, Lao Cai, Sapa, 11-I-2014, N. Vo Van leg."""
U010,12.89,0.8,1.95,4.06,2.87,7.4,2.17,13.78,5.4,10.72,6.56,28.82,30.43,12.26,1,6382,Nolidae,"""Lamprothripa scotia (Hampson, 1902)""","""Vietnam, Thua Tien Hue, Bach Ma Mt, 1400 m, III-2016"""
U011,86.28,1.18,3.97,7.59,5.77,11.55,2.67,22.06,9.56,17.83,10.32,47.15,49.90,20.34,1,5825,Nolidae,"""Triorbis aureovitta Hampson, 1902""","""Indonesia, W. Kalimantan, Mt. Bawang (00°53.5'N, 109°22.2E), 245 m, VIII-2017"""
U012,30.21,1.04,2.92,5.14,3.8,8.9,2.69,16.99,9.36,12.39,9.07,33.91,37.78,15.08,1,5689,Nolidae,"""Pterogonia nubes (Hampson, 1893)""","""Indonesia, W. Kalimantan, Mt. Bawang (00°53.5'N, 109°22.2E), 245 m, VIII-2017"""
U013,35.074,0.91,2.77,4.94,4.10,8.91,2.67,15.85,8.17,12.08,8.49,32.1,35.81,14.77,3,4504/4576/5018,Nolidae,"""Iragaodes sp.""","""Vietnam, Lam Dong, Lac Duong, Bidoup Nui Ba Natl. Pk., 25-V-2016, Vo Van Nhon leg., Thua Thien Hue, Bach Ma Mt., 1400 m, XI-2016"""
U014,75.326,1.13,2.97,6.16,5.69,12.49,2.96,19.12,8.03,14.28,10.77,40.79,43.94,19.79,2,3301/3359,Nolidae,"""Westermannia superba Hübner, 1823""","""Vietnam, Quang Ngai, Bato Mt., 950 m, XI-2014"""
U015,50.075,0.84,2.66,5.57,3.90,10.40,2.29,15.94,6.99,12.03,8.57,33.07,35.78,16.82,2,6416/6417,Nolidae,"""Westermannia triangularis Moore, 1877""","""Vietnam, Kon Tum prov., Dakglei-Dak Man, Thac che, 21-IV-2018, V. Golovizin leg."""
U016,7.41,0.67,1.84,2.98,2.21,5.46,1.47,9.2,3.53,7.44,4.8,18.94,20.61,9.11,1,3035,Nolidae,"""Manoba / Meganola / nola sp.""","""Malaysia, Pahang, Genting Highlands, 1700 m, 24-VI-2013"""
U017,2.39,0.21,1.17,1.88,1.65,2.89,0.73,6.95,2.92,5.47,3.01,14.92,15.55,4.98,1,2988,Nolidae,"""Manoba sp. A / Meganola sp.""","""Indonesia, S. Sumatra, Mt. Dempo, 8-IV-2014"""
U018,7.342,0.62,1.85,2.94,2.05,4.62,1.24,9.38,4.5,7.4,4.95,19.04,20.81,8.19,2,3036/3045,Nolidae,"""Manoba sp. (B) / Meganola sp.""","""Malaysia, Pahang, Genting Highlands, 1700 m, 5/8-IV-2014"""
U019,4.680,0.27,1.38,2.74,2.07,4.78,1.39,9.74,4.55,8.17,6.09,19.78,21.57,7.79,3,2247/2248/7328,Nolidae,"""Meganola albula (D. & Schiff., 1775)""","""Hungary, 5 km N Bugac, 8-VI-2012, A. Szabó leg., Spain, Guipúzcoa, San Sebastián, 30-VI-1966, C. Gómez de Aizpurua leg."""
U020,4.234,0.38,1.48,2.59,1.83,3.8,1.12,9.68,4.25,7.56,5.12,19.36,21.2,6.77,2,2501/3620,Nolidae,"""Meganola strigula (D. & Schiff., 1775)""","""Spain, Guadalajara, Durón, 17-V-2014, 18-V-2015, E.G.B. leg."""
U021,4.22,0.44,1.85,2.71,2.46,4.48,1.59,11.71,4.70,8.60,6.57,23.14,25.89,7.63,1,4250,Nolidae,"""Meganola togatulalis (Hübner, 1796)""","""Spain, Guadalajara, Durón, 25-VI-2016, E.G.B. leg."""
U022,2.685,0.4,1.26,2.39,1.78,3.9,1.1,8.71,3.88,6.96,4.93,17.27,19.2,6.69,2,2242/2243,Nolidae,"""Nola aerugula (Hübner, 1793)""","""Hungary, 5 km N Bugac, 8-VI-2012, A. Szabó leg."""
U023,1.664,0.20,1.21,2.15,1.49,3.44,1.00,7.84,3.31,6.14,4.11,15.48,17.17,5.8,2,4035/3693,Nolidae,"""Nola chlamitulalis (Hübner, 1813)""","""Spain, Guadalajara, Durón, 730 m, 13-VIII-2014, 4-VIII-2015, E.G.B. leg."""
U024,2.191,0.30,1.01,2.41,1.68,3.14,0.92,8.86,3.47,6.55,4.54,16.94,19.42,5.85,3,2244/2245/2246,Nolidae,"""Nola cicatricalis (Treitschke, 1835)""","""Bulgaria, Stara Kresna, 23-IV-2012, A. Szabó leg."""
U025,5.585,0.58,1.27,2.79,1.53,4.57,1.03,7.85,3.06,6.18,4.3,17.35,17.23,7.94,1,3015,Nolidae,"""Nola sp. A (cf. fasciata)""","""Malaysia, Pahang, Genting Highlands, 1700 m, 24-VI-2013"""
U026,2.074,0.05,0.72,1.91,1.60,3.71,1.00,9.53,3.59,6.36,4.53,18.07,20.68,5.69,3,818/880/2405,Nolidae,"""Nola thymula (Milliére, 1867)""","""Spain, Guadalajara, Durón, IV-1982, 2014"""
U027,3.45,0.31,1.3,2.08,1.61,3.81,0.95,8.57,3.36,6.9,4.25,16.84,18.75,6.2,1,3184,Nolidae,"""Nolini indet.""","""Malaysia, Pahang, Genting Highlands, 1700 m, 24-VI-2013"""
U028,6.336,0.23,1.84,3.10,2.61,4.74,1.78,9.61,3.91,8.02,5.35,21.29,21.83,8.07,2,4441/4444,Nolidae,"""Earias albovenosana Oberthür, 1917""","""Spain, Alicante, Urbanova, 3 m, 22-X-2016, E.G.B. leg."""
U029,14.067,0.52,1.73,4.08,2.89,3.77,1.95,15.08,6.62,10.27,6.13,27.48,33.06,8.38,2,621/630,Nolidae,"""Earias cf insulana (Boisduval, 1833)""","""Spain, Guadalajara, Durón, X-2006"""
U030,9.910,0.42,1.53,3.48,2.29,4.44,1.34,9.42,4.23,7.50,4.91,19.59,21.15,8.34,4,3890/3894/4510/4512,Nolidae,"""Earias flavida Felder, 1861""","""Korea, South Korea (no loc.), X-2012, Vietnam, Lam Dong, Lac Duong, Bidoup Nui Ba Natl, Pk, 29-IX-2016, Lao Cai, Sapa, X-2015, Vo Van Nhon leg."""
U031,75.48,1.53,3.31,5.16,4.39,10.15,3.63,17.04,6.58,11.76,7.78,35.46,38.47,16.84,1,3303,Nolidae,"""Aiteta trigoniphora (Hampson, 1897)""","""Vietnam, Quang Ngai, Bato Mt., 500 m, XII-2014"""
U032,36.145,0.88,2.7,5.19,2.82,9.34,2.14,16.25,6.76,12.36,8.76,32.85,35.32,15.41,1,3205,Nolidae,"""Calymera sp. (cf. vinacea Holloway)""","""Malaysia, Pahang, Genting Highlands, 1700 m, 27-VI-2013"""
U033,11.97,0.65,2.53,3.51,3.25,6.36,2.32,10.94,5.03,8.49,5.59,23.79,25.13,10.52,1,2950,Nolidae,"""Carea chlorostigma (Hampson, 1893)""","""Malaysia, Pahang, Genting Highlands, 1700 m, VI-2013"""
U034,37.282,0.58,2.95,5.36,4.50,8.06,2.82,14.15,6.23,10.72,7.65,31.03,32.80,14.01,4,2358/3823/3824/3830,Nolidae,"""Carea picta (Moore, 1882)""","""Vietnam, Da Nang, BaNa, 2014, Ngoc Linh, Kon Tum. VII-2015, D.N. Van leg., Quang Ngai, Bato mt., 900 m, VII-2015"""
U035,40.19,0.51,2.95,5.06,4.31,9.57,3.04,15.23,6.97,12.21,7.45,32.39,34.77,15.14,1,3591,Nolidae,"""Carea sp. (cf. dione, diagona)""","""Vietnam, Quang Ngai, Mt. Bato, 1200 m, III-2015, T. Le Luong leg."""
U036,39.62,0.93,3.11,6.13,3.61,8.29,2.96,14.52,6.37,10.22,6.53,31.73,32.65,15.35,1,5704,Nolidae,"""Didigua mixticolor (Warren, 1916)""","""Indonesia, W. Kalimantan, Mt. Bawang (00°53.5'N, 109°22.2E), 245 m, VIII-2017"""
U037,69.67,0.34,2.94,7.89,5.9,11.25,4.05,16.85,9.34,15.11,9.56,38.47,39.6,19.48,1,2207,Nolidae,"""Diehlea ducalis (Bryk, 1913)""","""Malaysia, Sabah, Borneo,Trusmadi Mt., VII-2011, V. Gromenko leg."""
U038,70.555,1.1,3.05,6.51,5.91,13.51,3.56,17.98,8.65,14.75,8.63,39.09,41.87,21.12,2,2355/2446,Nolidae,"""Diehlea tumida (Hampson, 1905)""","""Vietnam, Da Nang, VI-2011, Lam Dong, 2013, Vo Van Nhon leg."""
U039,29.583,0.73,2.54,5.28,4.3,8.53,2.79,13.50,6.79,10.97,6.88,29.89,31.31,14.55,2,2360/2416,Nolidae,"""Xenochroa sp. (cf. purpureolineata)""","""Vietnam, Da Nang, BaNa, 2014"""
U040,5.76,0.88,1.45,2.79,2.34,4.75,1.45,11.6,5.06,8.3,5.11,23.78,25.54,8.42,1,4976,Nolidae,"""Gabala sp.""","""Vietnam, Kon Tum, Ngoc Linh Mt., 1700 m, II-2017"""
U041,17.18,0.79,2.33,4.77,3.36,7.09,2.95,16.86,8.51,9.79,7.58,30.89,37.08,12.65,1,3590,Nolidae,"""Tyana sp.""","""Vietnam, Quang Ngai, Mt. Bato, 1200 m, III-2015, T. Le Luong leg."""
U042,6.71,0.82,1.66,3.11,2.47,6.75,1.96,14.15,7.38,8.09,6.23,26.24,30.77,10.68,1,4156,Nolidae,"""Tyana sp. (cf. falcata)""","""Vietnam, Lao Cai, Sapa, 10-I-2016, Vo Van Nhon leg."""
U043,35.590,0.88,2.82,5.20,3.73,8.07,2.32,14.08,6.25,10.22,6.83,28.74,31.89,14.15,2,2964/6415,Nolidae,"""Ptyonota formosa Hampson, 1894""","""Indonesia, S. Sumatra, Mt. Dempo, 2013, Vietnam, Kon Tum prov., Dakglei-Dak Man, Thac che, 30-IX-2017, V. Golovizin leg."""
U044,27.480,1.01,2.60,5.64,3.79,7.27,2.83,15.65,8.11,11.82,7.91,31.02,35.10,13.92,3,3074/3075/3549,Nolidae,"""Chloroplaga nygmia (Swinhoe, 1893)""","""Malaysia, Pahang, Genting Highlands, 11-VI-2013, Vietnam, Quang Ngai, Mt. Bato, 1200 m, III-2015"""
U045,25.630,0.98,2.60,5.13,3.48,6.81,2.32,15.61,8.14,12.09,8.38,29.82,34.70,12.93,2,3071/3070,Nolidae,"""Chloroplaga pallida Warren, 1916""","""Malaysia, Pahang, Genting Highlands, VI/VII-2014"""
U046,53.664,0.86,2.49,4.43,4.28,7.64,3.45,15.43,7.48,11.01,6.91,32.32,35.14,12.93,2,2449/2694,Nolidae,"""Hylophilodes sp. cf. rubromarginata""","""Vietnam, Da Nang, BaNa, II-2014, Vo Van Nhon leg."""
U047,59.097,0.61,2.64,5.17,4.07,9.13,3.45,18.17,9.12,14.11,9.72,37.53,40.41,14.91,2,3565/3566,Nolidae,"""Pseudelydna sp. / Clethrophora sp.""","""Vietnam, Quang Ngai, Mt. Bato, 1200 m, III-2015, T. Le Luong leg."""
U048,18.951,0.94,2.26,3.99,3.96,6.14,2.44,12.44,7.62,10.00,7.64,27.73,28.85,11.08,2,3734/3735,Nolidae,"""Chandica quadripennis Moore, 1888""","""Vietnam, Quang Ngai, Bato mt., 900 m, V-2015"""
U049,6.10,0.67,1.59,2.46,1.72,5.39,1.48,9.79,5.1,7.35,4.46,19.81,21.3,8.52,1,3584,Nolidae,"""Siglophora sp. (cf. sanguinolenta)""","""Vietnam, Quang Ngai, Mt. Bato, 1200 m, IV-2015, T. Le Luong leg."""
U050,12.98,1.23,2.27,4.07,2.42,10.98,1.27,15.56,6.21,11.8,8.12,28.6,33.54,16.28,1,3043,Nolidae,"""Labanda sp. A""","""Malaysia, Pahang, Genting Highlands, 1700 m, 27-VI-2013"""
U051,3.295,0.59,1.46,2.81,1.67,7.31,0.61,9.55,3.98,7.05,5.06,19.12,20.77,10.71,1,3054,Nolidae,"""Labanda sp. B""","""Malaysia, Pahang, Genting Highlands, 1700 m, 1-V-2014"""
U052,6.724,0.61,2.29,3.95,2.92,7.69,1.87,10.52,4.40,8.43,5.38,23.22,23.97,12.26,3,4507/4509/4578,Nolidae,"""Tathothripa continua (Walker, 1862)""","""Vietnam, Lam Dong, Lac Duong, Bidoup Nui Ba Natl, Pk, 5/10-VII-2016, Vo Van Nhon leg."""
U053,7.15,0.59,2.12,3.70,2.82,6.1,2.02,10.73,4.25,8.3,5.31,23.12,24.28,10.39,1,4505,Nolidae,"""Tathotripa sp.""","""Vietnam, Lac Duong, Lam Dong, Bidoup Nui Ba Natl. Park, 10-VII-2016, Vo Van Nhon leg,"""
U054,62.643,1.35,3.43,7.30,5.45,9.48,4.05,18.81,8.99,15.59,10.92,40.07,43.07,18.14,2,3321/3322,Nolidae,"""Blenina malachitis Hampson, 1905""","""Vietnam, Quang Ngai, Bato Mt., 500 m, I-2015"""
U055,28.04,0.84,2.37,4.24,3.72,9.2,3.29,18.78,7.81,14.74,9.2,38.89,41.28,14.28,1,2450,Nolidae,"""Blenina sp. A""","""Vietnam, Da Nang, BaNa, II-2014, Vo Van Nhon leg."""
U056,96.26,0.89,3.68,6.1,4.8,12.84,4.13,19.84,9.14,15.88,10.93,41.41,44.48,19.83,1,3642,Nolidae,"""Blenina chlorophila""","""Vietnam, Lam Dong, Dà Lat, IV-2015, D.N. Van leg."""
U057,67.4,0.34,2.29,6.57,5.45,10.26,3.9,16.65,7.84,13.13,10.38,35.03,38.75,17.17,1,2772,Nolidae,"""Blenina squamifera (Wallengren, 1860)""","""Malaysia, Pahang, Brinchang, 1500m, III/IV-2014, A. Vishnyakov leg."""
U058,86.471,0.48,3.62,8.11,7.20,14.07,5.11,22.94,8.17,20.74,12.8,49.5,53.08,22.66,2,822/844,Nolidae,"""Bena bicolorana (Fuessly, 1778)""","""Spain, Madrid, Miraflores de la Sierra, VII-2000"""
U059,2.36,0.24,1.36,2.08,1.95,5.42,0.99,8.46,4.31,6.75,3.6,17.78,18.87,7.74,1,2989,Nolidae,"""Chloephorinae indet.""","""Indonesia, S, Sumatra, Mt, Dempo, 1-VI-2013"""
U060,4.676,0.36,1.44,2.65,1.78,4.16,1.32,8.44,3.11,7.03,4.47,17.83,18.66,7.17,2,7682/7683,Nolidae,"""Earias clorana (L., 1761)""","""Spain, Murcia, Lorca, 10-X-2011, C. Gómez de Aizpurua leg."""
U061,5.265,0.57,1.57,3.05,2.20,4.04,1.21,9.10,3.72,7.56,5.00,20.04,20.41,7.67,1,7681,Nolidae,"""Earias insulana (Boisduval, 1833)""","""Spain, Murcia, Lorca, 25-X-2011, C. Gómez de Aizpurua leg."""
U062,6.681,0.28,1.57,2.62,2.32,4.99,1.46,10.01,3.78,8.73,5.49,21.26,22.34,7.89,1,5539,Nolidae,"""Nycteola columbana (Turner, 1925)""","""Spain, Madrid, Lozoyuela, 22/28-VIII-1980, J. Fernández leg."""
U063,7.730,0.43,1.62,3.08,2.59,5.39,1.66,10.90,4.20,8.84,5.63,22.62,24.41,8.92,3,2124/5583/5584,Nolidae,"""Nycteola revayana (Scopoli, 1772)""","""Spain, Guadalajara, Durón, V- 1982, 14-VI-2014, E.G.B. leg."""
U064,13.00,0.43,1.73,3.64,2.61,3.79,1.96,14.39,6.26,10.38,6.47,28.15,31.39,7.86,1,2444,Nolidae,"""Pseudoips prasinana (L., 1758)""","""Spain, Guadalajara, Durón, 1984"""
V001,63.26,1.09,3.67,6.27,4.9,12.12,3.69,22.57,8.06,15.01,9.24,39.11,50.04,19.48,1,2451,Erebidae,"""Chilkasa falcata Swinhoe, 1885""","""Vietnam, Da Nang, BaNa, I-2014, Vo Van Nhon leg."""
V002,69.52,0.9,3.58,5.91,4.33,10.71,3.02,16.1,6.93,10.76,6.77,32.19,36.53,17.52,1,3495,Erebidae,"""Ossonoba torpida Walker, 1866""","""Vietnam, Lao Cai, Sapa, 11-I-2014, V. Van Nhon leg."""
V003,41.573,0.92,2.55,5.38,3.99,8.19,2.75,18.83,8.47,14.75,9.40,35.23,41.67,14.50,2,918/942,Erebidae,"""Scoliopteryx libatrix (L., 1758)""","""Spain, Guadalajara, Gualda, VI-1980"""
V004,83.11,0.23,3.9,6.14,4.77,10.96,4.02,18.82,9.23,13.77,9.56,36.91,42.41,17.33,1,2770,Erebidae,"""Xanthanomis vomeroi Holloway & Zilli, 2005""","""Malaysia, Pahang, Brinchang, 1500m, III/IV-2014, A. Vishnyakov leg."""
V005,58.62,0.88,3.31,6.6,4.09,8.54,2.75,17.36,7.09,12.32,8.27,35.53,38.81,16.02,1,5691,Erebidae,"""Anomis scitipennis (Walker, 1864)""","""Indonesia, W. Kalimantan, Mt. Bawang (00°53.5'N, 109°22.2E), 245 m, VIII-2017"""
V006,77.29,1.08,3.93,6.2,4.27,12.03,3.57,22.02,9.79,16.24,10.49,41.76,48.31,19.31,1,5262,Erebidae,"""Rusicada privata Walker, 1865)""","""Thailand, Pattava, Koh-Larn ist., 6-XII-2016, V. Golovizin leg."""
V007,33.433,1.16,2.97,5.53,3.66,8.54,2.20,16.40,7.24,12.98,9.05,32.77,36.47,15.24,2,5818/5886,Erebidae,"""Bocula bifaria (Walker, 1863)""","""Indonesia, W. Kalimantan, Mt. Bawang (00°53.5'N, 109°22.2E), 245 m, VIII-2017, Vietnam, Kon Tum prov., Dakglei-Dak Man, Thac che, 23-III-2017, V. Golovizin leg."""
V008,1.779,0.53,1.26,2.18,1.47,2.78,0.67,8.46,3.42,6.60,3.99,17.26,18.41,5.50,2,2528/7531,Erebidae,"""Zebeeba falsalis (H.-S., 1839)""","""Spain, Guadalajara, Durón, 10-V-2014, 20-VII-2020, E.G.B. leg."""
V009,21.260,1.18,2.56,5.47,3.04,10.18,1.75,17.14,8.09,13.41,9.01,31.74,37.33,16.84,2,5881/5882,Erebidae,"""Hemeroplanis sp.""","""Rep. Dominicana, La Vega prov., near Constanza, 18/19-XII-2017, V. Golovizin leg."""
V010,4.212,0.80,1.66,2.63,2.08,5.29,1.24,10.40,4.26,8.32,6.06,21.49,22.90,8.74,2,7704/7705,Erebidae,"""Hypena lividalis (Hübner, 1796)""","""Spain, Tenerife, Santa Cruz de Tenerife, 2-I-2011, Jaén, Santiago Pontones, 29-X-2015, C. Gómez de Aizpurua leg."""
V011,9.197,0.78,1.65,3.00,2.25,7.67,1.78,12.98,4.59,10.51,7.94,29.72,28.22,11.45,2,926/950,Erebidae,"""Hypena sp.""","""Spain, Guadalajara, Durón, I-2013"""
W001,6.895,0.73,1.88,3.46,1.65,7.13,1.41,18.12,10.42,16.2,10.85,33.23,37.89,11.32,1,2983,Erebidae,"""Birnara bicolor Butler, 1879""","""Malaysia, Pahang, Genting Highlands, 1700 m, 2013"""
W002,13.451,0.97,2.39,3.72,2.72,5.59,2.12,14.35,7.81,10.17,6.73,27.45,31.42,10.29,2,5695/5697,Erebidae,"""Arctornis marginalis (Walker, 1862)""","""Indonesia, W. Kalimantan, Mt. Bawang (00°53.5'N, 109°22.2E), 245 m, VIII-2017"""
W003,12.955,0.2,1.85,3.95,1.97,4.98,1.39,11.8,6.33,9.21,5.12,22.55,25.57,9.13,1,3196,Erebidae,"""Arctornis sp. A""","""Malaysia, Pahang, Genting Highlands, 1700 m, 26-VI-2013"""
W004,17.45,0.27,1.86,3.38,2.23,6.66,1.51,12.56,6.39,9.45,5.22,24.29,27.35,10.32,1,3197,Erebidae,"""Arctornis sp. B""","""Malaysia, Pahang, Genting Highlands, 1700 m, 24-VI-2013"""
W005,43.34,0.67,3.32,5.55,4.16,8.61,1.97,20.96,11.33,15.32,10.42,37.86,46.08,14.83,1,5822,Erebidae,"""Arctornis sp. C""","""Indonesia, W. Kalimantan, Mt. Bawang (00°53.5'N, 109°22.2E), 245 m, VIII-2017"""
W006,20.50,0.65,2.83,4.52,2.76,7.21,1.37,16.28,8.61,12.45,8.04,29.89,35.32,12.38,1,5696,Erebidae,"""Arctornis sp. D""","""Indonesia, W. Kalimantan, Mt. Bawang (00°53.5'N, 109°22.2E), 245 m, VIII-2017"""
W007,15.18,0.4,2.63,3.95,3.31,7.25,2.12,14.99,7.69,11.67,7.59,28.87,33.29,11.6,1,2278,Erebidae,"""Carriola ecnomoda (Swinhoe, 1907)""","""Vietnam, Lao Cai prov., Sapa mt., 1800 m., VII-2013"""
W008,127.777,1.45,3.64,7.44,4.21,11.06,2.83,26.19,12.31,20.18,13.1,49.57,56.59,19.95,2,2351/3886,Erebidae,"""Pida postalba Wileman, 1910""","""Vietnam, Di Linh mt., Lam Dong, 900 m, X-2013, Kon Tum, Ngoc Linh, VII-2015"""
W009,36.77,1.12,2.01,5.46,2.48,11.05,2.77,24.34,11.74,19.97,12.01,42.51,51.16,17.58,1,5457,Erebidae,"""Ruanda sp.""","""D.R. Congo, Nord-Kivu, Beni, II-2011"""
W010,41.468,0.38,2.68,5.06,4.26,7.92,1.95,20.46,8.88,16.05,9.31,40.8,45.20,13.37,2,868/887,Erebidae,"""Leucoma salicis (L., 1758)""","""Spain, Pontevedra, Vigo, Madrid (Madrid)"""
W011,20.81,0.24,1.82,4.17,3.32,6.98,2.02,16.32,6.87,10.2,6.07,29.09,35.96,11.39,1,2205,Erebidae,"""Perina nuda (Fabricius, 1787)""","""Malaysia, Sabah, Borneo,Trusmadi Mt., VII-2011, V. Gromenko leg."""
W012,34.840,1.01,2.60,4.65,3.34,10.08,2.10,19.61,9.77,15.84,12.18,37.99,42.57,15.76,3,23/651/5949,Erebidae,"""Lymantria dispar (L., 1758)""","""Spain, Ávila, Navalguijo, VII-1994, Madrid (no loc.), 2003"""
W013,78.737,1.40,3.80,5.65,4.18,11.16,2.97,22.08,11.74,16.6,12.24,41.25,48.36,18.22,2,7125/7126,Erebidae,"""Lymantria mathura (Moore, 1865)""","""Vietnam, Lâm Dông, Dà Lat, IV/V-2019"""
W014,28.62,1.13,3.01,5.09,3.09,7.93,1.75,19.02,9.16,13.62,9.62,36.54,41.13,14.15,1,3180,Erebidae,"""Lymantria sp. A""","""Malaysia, Pahang, Genting Highlands, 1700 m, 2-VII-2014"""
W015,83.12,0.69,3.38,5.83,3.65,10.02,2.94,24.07,11.09,16.85,11.56,44.83,51.79,16.54,1,3009,Erebidae,"""Lymantria sp. B""","""Malaysia, Pahang, Genting Highlands, 1700 m, 24-VI-2013"""
W016,66.831,1.28,4.01,6.95,4.52,12.07,3.54,29.38,14.92,21.41,14.65,54.33,63.29,20.30,2,4432/4433,Erebidae,"""Lymantria sp. C""","""Vietnam, Thua Thien Hue, Bach Ma Mt., 1400 m, I-2016"""
W017,4.64,0.53,1.51,2.57,1.22,5.99,0.92,12.52,5.99,9.87,7.34,22.57,26.26,9.09,1,5463,Erebidae,"""Marbla divisa (Walker, 1855)""","""D.R. Congo, Biakato Ituri, IX-2012"""
W018,127.96,1.75,4.56,8.94,5.27,20.32,4.81,47.47,25.07,35.77,25.00,84.54,100.22,31.02,1,7162,Erebidae,"""Otroeda cafra (Drury, 1782)""","""Cameroon, Ambazania, Mt. Cameroon, 8-VI-2019"""
W019,26.439,0.69,2.52,4.48,4.03,5.94,2.41,15.35,6.64,12.56,8.34,32.62,34.75,11.12,2,6960/6961,Erebidae,"""Albarracina warionis (Oberthür, 1881)""","""Spain, Madrid, Aranjuez, El Regajal, 3/10-VI-2000, L. Romera leg."""
W020,86.76,1.69,4.04,6.56,4.37,11.57,2.34,22.07,9.05,14.41,11.09,41.82,48.51,19.82,1,5680,Erebidae,"""Calliteara cerigoides (Walker, 1862)""","""Indonesia, W. Kalimantan, Mt. Bawang (00°53.5'N, 109°22.2E), 245 m, VIII-2017"""
W021,78.376,1.11,3.73,6.31,4.62,11.72,3.57,20.98,8.22,14.79,10.19,43.98,46.58,19.15,2,7431/7432,Erebidae,"""Calliteara diplozona (Collenette, 1932)""","""Malaysia, Borneo Island, Sabah, Trus Madi, VII-2011, V. Gromenko leg."""
W022,23.655,0.90,2.52,4.63,2.11,6.70,1.45,21.84,11.54,18.15,14.2,38.44,45.80,12.24,2,5433/5960,Erebidae,"""Ilema sp.""","""Vietnam, Yenbai prov., Mucangchai, 1700 m, VII-2017, III-2017, T. Le Luong leg."""
W023,20.57,1.18,3.08,4.72,2.93,8.34,1.64,17.13,7.67,12.54,8.41,33.46,37.19,14.24,1,5464,Erebidae,"""Neomardara africana (Holland, 1893)""","""D.R. Congo, Biakato Ituri, IX-2012"""
W024,111.744,1.45,3.79,7.58,4.95,12.14,3.75,28.03,12.49,20.72,15.13,52.80,61.01,21.17,2,5968/5969,Erebidae,"""Numenes sp. (cf. albofascia)""","""Vietnam, Quang Nam, Tay Giang, Axan mt., 1300 m, III-2018, T. Le Luong leg."""
W025,9.997,0.48,2.29,4.27,3.27,5.48,1.51,13.69,6.58,11.04,7.19,27.98,30.66,10.24,3,22/650/4677,Erebidae,"""Ocneria rubea (Dennis & Schiffermüller, 1775)""","""Spain, Ávila, El Hornillo, VII-1985, Madrid, Robledillo, 3-VIII-2000"""
W026,17.28,0.68,2.37,4.2,2.16,5.23,1.21,13.35,5.67,9.66,6.92,26.32,28.86,10.08,1,3195,Erebidae,"""Olene mendosa Hübner, 1823""","""Malaysia, Pahang, Genting Highlands, 1700 m, 26-VI-2013"""
W027,33.44,0.91,2.89,5.02,3.65,7.01,2.21,18.02,8.63,13.86,9.57,35.61,39.69,12.94,1,4516,Erebidae,"""Olene sp.""","""Vietnam, Lam Dong, Lac Duong, Bidoup Nui Ba Natl, Pk, 5-VII-2016, Vo Van Nhon leg,"""
W028,10.01,0.76,1.73,3.64,1.57,4.01,1.12,13.95,6.92,10.69,8.36,25.87,29.47,8.41,1,1148,Erebidae,"""Orgyia (Clethrogyna) dubia Tauscher, 1806""","""Spain, no data"""
W029,4.946,0.55,1.8,2.38,1.93,4.2,1.01,10.47,5.16,8.63,6.60,19.95,22.88,7.13,2,205/757,Erebidae,"""Orgyia (Clethrogyna) trigotephras (Boisduval, 1828)""","""Spain, Guadalajara, Durón, 1982"""
W030,8.670,0.79,1.99,2.97,2.69,5.37,1.22,13.1,6.87,9.98,7.31,25.62,28.89,9.14,3,2485-2487,Erebidae,"""Orgyia (Orgyia) antiqua (L., 1758)""","""Spain, Madrid, 2012"""
W031,15.996,0.80,2.14,3.85,2.66,7.34,1.42,18.38,9.75,15.69,11.78,35.54,39.43,12.02,2,5245/5246,Erebidae,"""Pantana pluto (Leech, 1890)""","""Vietnam, Kon Tum, Dakglei-Dak Man, Thac che, 24-III-2017, 26-III-2017, V. Golovizin leg."""
W032,6.28,0.51,1.4,2.68,2.11,5.02,1.81,11.56,5.77,9.26,6.36,22.03,25.23,8.21,1,2213,Erebidae,"""Penthophera morio (L., 1767)""","""Czeck Republic, Moravia, Ub. Hradiste, 180 m, 22-VI-1973, A. Titz leg."""
W033,7.69,0.73,2.23,3.21,2.27,6.34,0.97,11.45,6.43,10.01,7.56,24.22,25.17,10.28,1,3192,Erebidae,"""Arna sp.""","""Malaysia, Pahang, Genting Highlands, 1700 m, 25-IV-2014"""
W034,9.97,0.76,1.99,3.08,2.16,5.06,1.15,11.27,5.74,8.56,6.58,21.28,24.7,8.91,1,3193,Erebidae,"""Artaxa sp. (cf. distracta)""","""Malaysia, Pahang, Genting Highlands, 1700 m, 24-VI-2013"""
W035,13.295,0.55,1.96,4.06,2.03,6.39,1.94,19.43,9.86,15.12,9.77,35.27,40.91,11.02,4,5504/5505/5506/5507,Erebidae,"""Artaxa sp. C""","""Philippines, Mindanao, South Cotabato, Mt. Matutum, VI-2017"""
W036,18.83,0.63,2.54,4.35,2.6,5.8,2.07,15.37,7.36,12.19,9.02,28.1,33.34,10.78,1,5172,Erebidae,"""Euproctis (Sphrageidus) similis (Fuessly, 1775)""","""Spain, Orense, Muros, El Pito, 9-VIII-1999, E.G.B. leg."""
W037,27.832,0.33,2.25,4.98,3.95,6.31,1.94,15.22,6.87,11.24,7.30,28.42,34.40,11.64,3,893/873/1120,Erebidae,"""Euproctis chrysorrhoea (L., 1758)""","""Spain, Madrid, Cantoblanco, Chamartíb, 1987"""
W038,47.64,0.39,2.28,4.86,3.8,8.05,2.87,17.73,9.17,14.11,8.75,37.24,39.26,13.32,1,2276,Erebidae,"""Euproctis sp. A""","""Vietnam, Da Nang prov., Ba Na mt., 1450 m, VII-2007"""
W039,20.206,1.61,2.89,3.88,3.01,6.30,2.33,15.66,7.6,12.05,9.24,30.16,34.33,11.83,2,4069/4070,Erebidae,"""Euproctis sp. cf. E. marginata""","""Vietnam, Lac Duong, Bidoup Nui Ba Natl. Park, 15-XII-2015, 15-X-2016, Vo Van Nhon leg."""
W040,12.613,0.91,2.32,3.55,2.57,6.92,1.40,13.71,6.77,11.24,8.29,25.15,30.00,11.39,2,7564/7576,Erebidae,"""Jacksoniana striata (Collenette, 1936)""","""Uganda, Kabarole Fort Portal, Nkuruba lake nat. reserve, 28-XI-2019, V. Golovizin leg."""
W041,66.77,0.88,3.21,6.51,4.16,10.85,2.04,21.77,10.51,17.55,11.95,44.08,47.73,18.24,1,2280,Erebidae,"""Nygmia guttulata (Snellen, 1866)""","""Vietnam, Da Nang prov., Ba Na mt., 1450 m, VI-2013"""
W042,141.52,0.47,3.09,6.72,5.86,12.38,4.79,27.08,13.61,19.66,12.74,51.16,60.02,19.57,1,2277,Erebidae,"""Nygmia plana (Walker, 1856)""","""Vietnam, Da Nang prov., Ba Na mt., 1450 m, VII-2013"""
W043,13.83,0.61,1.66,2.88,2.24,6.76,1.68,13.74,6.47,9.75,6.56,28.11,29.73,10.25,1,2982,Erebidae,"""Nygmia sp. (near N. barbara?)""","""Indonesia, S. Sumatra, Mt. Dempo, 24-VI-2013"""
W044,5.91,0.67,1.76,2.94,1.75,3.46,1.06,10.02,5.34,7.54,5.45,21.07,21.79,7.01,1,3194,Erebidae,"""Somena similis (Walker, 1859)""","""Malaysia, Pahang, Genting Highlands, 1700 m, 2-V-2014"""
W045,15.16,0.58,2.3,3.48,2.38,4.71,1.97,13.16,5.95,9.67,5.45,25.03,28.71,8.77,1,5699,Erebidae,"""Toxoproctis sp.""","""Indonesia, W. Kalimantan, Mt. Bawang (00°53.5'N, 109°22.2E), 245 m, VIII-2017"""
X001,32.749,1.08,3.04,5.85,3.65,9.88,2.70,18.56,9.42,15.22,10.59,35.5,40.77,16.82,2,5686/5687,Erebidae,"""Tamba dichroma Prout, 1932""","""Indonesia, W. Kalimantan, Mt. Bawang (00°53.5'N, 109°22.2E), 245 m, VIII-2017"""
X002,18.135,0.82,3.15,3.81,2.37,9.71,1.36,18.45,8.44,14.51,8.53,35.49,39.27,14.32,1,3072,Erebidae,"""Tamba lala (Swinhoe, 1900)""","""Malaysia, Pahang, Genting Highlands, 8-IV-2014"""
X003,61.194,0.88,3.66,5.73,4.43,9.1,3.71,21.32,9.76,15.1,9.92,41.96,47.07,15.72,2,6434/6762,Erebidae,"""Episparis vitrea (Saalmüller, 1900)""","""Madagascar, prov. Toamasina, Moramanga distr., Andasibe com., 1-XI-2018, V. Golovizin leg."""
X004,29.879,1.04,3.28,5.68,3.32,9.35,2.27,21.26,9.02,15.62,11.62,39.90,45.84,16.08,2,3838/5690,Erebidae,"""Masca abactalis Walker, 1865""","""Indonesia, W. Kalimantan, Mt. Bawang (00°53.5'N, 109°22.2E), 245 m, VIII-2017, Vietnam, Da Nang, Ba Na mt., 1450 m., VIII-2015"""
X005,10.995,1.13,2.58,4.32,2.62,6.22,1.99,12.25,5.99,10.33,6.45,26.60,27.12,11.68,1,5799,Erebidae,"""Pangrapta sp. (cf. albiseriata Hampson, 1926)""","""Indonesia, W. Kalimantan, Mt. Bawang (00°53.5'N, 109°22.2E), 245 m, VIII-2017"""
X006,63.082,1.59,3.33,6.77,4.21,11.70,3.17,24.88,12.69,18.48,14.54,46.08,53.97,20.07,3,5879/5880/6672,Erebidae,"""Dyomyx inferior (Herrich-Schäffer, 1869)""","""Rep. Dominicana, La Vega prov., near Constanza, 19-XII-2017, V. Golovizin leg., Peru, Loreto, San Regis, I-2017"""
X007,41.23,0.9,2.68,6.05,4.07,9.96,2.53,18.55,9.12,14.14,10.51,35.54,41.12,16.91,1,6795,Erebidae,"""Eulepidotis dominicata (Guenée, 1852)""","""Venezuela, Aragua, P.N. Henri Pittier, 11-VI-1983, J. Modolell leg."""
X008,14.95,0.54,2.08,3.79,2.77,6.78,1.76,12.98,6.09,10.36,7.62,25.55,28.73,11.11,1,5878,Erebidae,"""Eulepidotis hebe (Möschler, 1890)""","""Rep. Dominicana, La Vega prov., near Constanza, 21-XII-2017, V. Golovizin leg."""
X009,52.34,0.73,2.42,6.24,5.2,10.67,3.12,20.26,9.42,15.66,10.14,44.66,45.72,17.64,2,2411/3338,Erebidae,"""Hyperlopha cf. flavipennis""","""Vietnam, Di Linh mt., Lam Dong, 900 m, X-2013, Kon Tum, V-2014"""
X010,87.47,0.96,3.91,7.02,6.41,12.77,4.12,20.92,8.68,16.39,12.23,43.88,48.26,20.76,1,3152,Erebidae,"""Hypocala deflorata (Fabricius, 1794)""","""Vietnam, Lao Cai, Sapa, 11-I-2014, N. Vo Van leg."""
X011,78.31,1.49,4.03,7.41,4.88,12.15,3.37,21.83,9.28,16.77,11.25,43.62,48.54,21.05,1,2787,Erebidae,"""Hypocala violacea Butler, 1879""","""Indonesia, W. Papua, Arfak, Minyambouw, 800 m, VI-2013"""
X012,41.86,1.58,3.15,6.09,4.26,10.3,2.94,20.92,10.62,15.43,11.24,37.48,46.19,17.97,1,5348,Erebidae,"""Sympis rufibasis Guenée, 1852""","""Malaysia, Cameron Highlands, Pamamng, Kampung Panggon, 995 m, V-2013"""
X013,30.85,0.79,2.73,5.47,3.19,6.37,2.32,16.63,7.31,11.87,9.15,32.76,36.46,12.63,1,5819,Erebidae,"""Eubryopterella triangulata Holloway, 2005""","""Indonesia, W. Kalimantan, Mt. Bawang (00°53.5'N, 109°22.2E), 245 m, VIII-2017"""
X014,205.422,2.43,6.27,10.72,6.85,20.16,4.11,41.85,20.53,32.92,24.61,83.18,90.56,33.31,1,540,Erebidae,"""Miniodes discolor Guenée, 1840""","""Ecuatorial Guinea, Bata, IX-1965"""
X015,378.753,2.00,6.31,11.08,8.05,24.43,7.64,56.22,25.73,36.67,24.19,113.30,120.49,37.52,2,2129/3114,Erebidae,"""Phyllodes eyndhovii Vollenhoven, 1858""","""Philippines, Leyte, Mt. Bacocau, VII-2012, Vietnam, Ha Tinh, VIII-2014, X. Le Xuan leg."""
X016,516.386,2.67,7.32,13.90,8.65,26.13,7.84,67.42,32.26,44.61,32.41,129.35,143.50,42.70,2,2200/6994,Erebidae,"""Phyllodes verhuelli (Vollenhoven, 1857)""","""Indonesia, W. Kalimantan, Mt. Ambawang, IX-2013, Philippines, Palawan, Roxas, Magara, VII-2019, N. Layron leg."""
X017,245.302,2.46,6.09,12.20,7.11,16.09,6.23,42.10,18.79,28.17,21.49,81.11,91.32,30.76,2,3077/5070,Erebidae,"""Eudocima (Othreis) phallonia (L., 1763)""","""Vietnam, Quang Ngai, Mt. Bato, 950 m, IX-2014, Kon Tum, Dakglei-Dak Man, Thac che, 10-V-2016, V. Golovizin leg."""
X018,228.16,1.68,5.80,11.50,7.42,21.17,5.21,42.27,19.14,28.25,21.95,80.62,91.96,34.35,1,7250,Erebidae,"""Eudocima divitiosa (Walker, 1869)""","""Cameroon, Ambazania, Mt. Cameroon, 8-VI-2019"""
X019,169.975,3.09,6.66,7.62,5.87,18.55,4.35,36.26,17.22,26.41,19.56,67.23,78.39,29.26,2,6525/6551,Erebidae,"""Eudocima memorans (Walker, 1858)""","""Peru, Loreto, San Regis, I-2017"""
X020,231.506,2.35,5.99,9.96,6.20,17.54,4.95,37.56,17.55,27.76,20.32,73.29,81.33,29.85,7,6496-6500/6526/6527,Erebidae,"""Eudocima procus (Cramer, 1777)""","""Peru, Loreto, San Regis, I-2017, Maynas, Punchacu, Picuroyacu, II-2017"""
X021,372.308,1.85,5.88,10.74,7.39,17.27,5.32,39.16,17.18,26.99,20.97,76.05,85.71,29.87,2,2267/3221,Erebidae,"""Eudocima salaminia (Cramer, 1777)""","""Vietnam, Da Nang, Ba Na Mountain, 1470 m, 2012, Kon Tum, V-2014"""
X022,30.54,1.09,2.85,4.07,3.92,10.17,2.87,18.08,9.6,14.57,9.92,36.59,40.08,15.33,1,3124,Erebidae,"""Fodina cf. oriolus Guenée, 1852""","""Vietnam, Thanh Hoá, V-2014, Le Xuan Xung leg."""
X023,266.727,2.43,6.02,8.2,7.17,18.2,5.23,35.92,13.68,23.06,17.17,72.99,79.01,28.83,2,6536/7616,Erebidae,"""Pararcte scheideriana (Stoll, 1782)""","""Peru, Loreto, San Regis, I-2017, Depto. San Martín, Rioja, II-2016"""
X024,33.36,1.13,4.04,5.65,3.72,9.10,2.26,18.22,9.21,13.27,10.07,35.68,40.16,15.88,1,6671,Erebidae,"""Gonodonta fulvangula Geyer, 1832""","""Peru, Loreto, no loc., I-2017"""
X025,30.35,1.95,3.02,4.80,2.97,10.11,1.89,16.28,8.93,12.19,9.55,33.67,35.54,16.87,1,6588,Erebidae,"""Gonodonta maria Guenée, 1852""","""Peru, Loreto, Maynas, Punchacu, Picuroyacu, II-2017"""
X026,76.634,2.08,4.85,7.49,6.33,13.26,3.50,26.69,12.22,19.05,13.72,54.64,59.72,22.83,2,6769/6774,Erebidae,"""Gonodonta pyrgo (Cramer, 1777)""","""Venezuela, Aragua, P.N. Henri Pittier, 11-VI-1983, J. Modolell leg."""
X027,51.45,1.96,4.31,7.12,4.66,9.52,2.89,21.34,10.93,15.31,11.28,43.54,47.34,18.60,1,6646,Erebidae,"""Gonodonta sicheas (Cramer, 1777)""","""Peru, Loreto, no loc., I-2017"""
X028,32.29,1.53,3.96,5.63,3.09,7.87,2.04,16.53,7.01,12.77,8.68,29.52,36.15,15.03,1,6683,Erebidae,"""Gonodonta sp. (milla / sinaldus)""","""Peru, Loreto, Maynas, Punchacu, Picuroyacu, II-2017"""
X029,49.31,1.99,4.3,6.23,5.00,11.3,2.97,20.71,9.92,14.25,11.72,41.76,46.44,19.52,1,6560,Erebidae,"""Gonodonta sp. (syrna / holocerica)""","""Peru, Loreto, San Regis, I-2017"""
X030,72.45,1.25,3.09,5.85,4.44,13.99,3.41,27.38,12.38,20.12,10.42,49.53,59.20,21.10,1,969,Erebidae,"""Gorgone cf. macarea (Cramer, 1777)""","""Peru, Tarapoto, 1984"""
X031,556.98,2.62,6.72,13.28,8.30,24.59,8.07,53.69,23.72,37.16,27.41,95.51,115.68,40.49,1,929,Erebidae,"""Graphigona regina (Guenée, 1832)""","""no loc. (Central / South America)"""
X032,204.515,3.06,6.17,8.69,5.93,22.35,5.10,43.21,20.49,30.47,21.37,83.79,92.35,34.10,2,6528/6529,Erebidae,"""Tetrisia florigera Walker, 1867""","""Peru, Loreto, San Regis, I-2017"""
X033,37.27,1.75,3.85,5.82,4.04,10.04,2.35,20.36,7.95,14.75,10.78,41.13,44.72,17.61,1,6669,Erebidae,"""Ceroctena amynta (Stoll, 1782)""","""Peru, Loreto, no loc., I-2017"""
X034,81.561,2.24,5.51,6.78,4.24,14.06,3.47,25.51,12.59,19.96,14.99,49.62,55.27,23.08,2,6550/6552,Erebidae,"""Ferenta sp.""","""Peru, Loreto, Maynas, Punchacu, Picuroyacu, II-2017"""
X035,43.780,1.64,3.39,5.65,3.63,9.01,2.95,17.80,6.86,12.24,9.13,35.47,39.24,16.31,2,4842/6566,Erebidae,"""Sosxetra grata (Walker, 1862)""","""Costa Rica, Monteverde, near Braulio Carillo, 26-IV-2013, V. Golovizin leg., Peru, Loreto, San Regis, I-2017"""
Y001,73.36,1.69,4.11,6.71,6.01,12.78,3.31,30.18,12.43,19.25,17.6,54.98,66.37,21.18,1,3927,Erebidae,"""Asota diana (Butler, 1887)""","""Solomon Islands, 22-X-1963"""
Y002,73.777,1.81,4.05,7.21,5.14,11.85,3.87,30.42,13.34,20.17,15.32,58.52,65.98,20.88,6,4388/4390/4391/5495-5497,Erebidae,"""Asota egens (Walker, 1854)""","""Philippines, Mindanao, South Cotabato, Mt. Matutum, VI-2017, Vietnam, Thua Thien Hue, Bach Ma Mt., 1400 m, XII-2015"""
Y003,87.87,1.72,3.87,6.66,5.44,14.39,3.99,28.68,12.68,20.42,16.68,52.57,62.86,22.77,1,2447,Erebidae,"""Asota producta (Butler, 1875)""","""Vietnam, Da Nang, BaNa, III-2014, Vo Van Nhon leg."""
Y004,82.788,1.54,3.67,7.30,4.23,11.35,2.96,28.00,12.94,20.76,15.21,52.26,60.24,20.20,2,5492/5493,Erebidae,"""Asota tinacria Semper, 1899""","""Philippines, Mindanao, South Cotabato, Mt. Matutum, VI-2017"""
Y004b,50.540,1.32,3.51,6.42,4.25,12.66,3.10,27.85,12.47,18.72,14.03,51.89,59.96,20.40,3,5887/5888/7402,Erebidae,"""Asota heliconia (L., 1758)""","""Vietnam, Kon Tum prov., Dakglei-Dak Man, Thac che, 22/27-III-2017, V. Golovizin leg., no locality (Asia), VIII-2018, M. Wiles leg."""
Y005,207.57,1.29,3.85,5.66,3.83,15.48,4.03,35.98,15.13,26.59,15.95,69.84,75.79,22.43,1,3373,Erebidae,"""Euplocia membliaria (Cramer-Stoll, 1780)""","""Vietnam, Quang Ngai, Mt Bato, 1200 m, XI-2014"""
Y006,106.008,1.58,4.02,7.93,5.14,14.37,3.45,36.79,14.76,25.76,16.57,69.18,78.73,23.85,2,4423/4424,Erebidae,"""Neochera marmorea (Walker, 1856)""","""Vietnam, Thua Thien Hue, Bach Ma Mt., 1400 m, III-2016"""
Y007,190.634,1.63,4.44,8.64,5.78,16.98,3.84,35.44,19.92,31.33,25.15,69.56,76.67,27.25,2,3551/3577,Erebidae,"""Peridrome orbicularis Walker, 1854""","""Vietnam, Quang Ngai, Mt. Bato, 1200 m, III-2015, T. Le Luong leg., Da Nang, Ba Na mt., 1450 m, II-2015"""
Y008,96.74,1.33,3.48,6.46,4.31,13.56,3.68,34.03,17.11,25.89,17.47,60.71,72.37,21.35,1,5225,Erebidae,"""Phaegorista simlis Walker, 1869""","""D.R. Congo, Beni Nord-Kivu, II-2011"""
Y009,172.78,1.18,3.79,7.46,6.25,14.94,5.47,28.75,11.13,21.08,12.82,58.59,63.77,23.58,1,3117,Erebidae,"""Agape chloropyga (Walker, 1854)""","""Vietnam, Làm Dông, V-2014, Le Xuan Xung leg."""
Y010,11.74,0.49,1.58,3.56,2.57,5.72,1.63,11.84,5.81,10.12,6.59,24.85,26.25,9.71,1,3201,Erebidae,"""Bertula sp.""","""Malaysia, Pahang, Genting Highlands, 1700 m, 25-IV-2014"""
Y011,13.74,0.82,2.3,4.35,2.61,8.24,1.65,15.21,5.47,12.66,7.79,31.54,33.03,13.41,1,3206,Erebidae,"""Bocana sp.""","""Malaysia, Pahang, Genting Highlands, 1700 m, 2014"""
Y012,46.844,1.57,3.24,6.12,4.01,12.72,2.60,26.61,11.68,22.71,14.88,50.89,57.23,20.41,5,5982/5984-5987,Erebidae,"""Edessena gentiusalis (Walker, 1859)""","""Vietnam, Thua Thien Hue, Bach Ma mt., 1400 m., III-2017, T. Le Luong leg."""
Y013,13.54,1.24,2.57,4.72,2.92,9.11,2.07,17.27,7.07,13.85,9.07,34.39,37.44,15.07,1,3208,Erebidae,"""Hadennia sp.""","""Malaysia, Pahang, Genting Highlands, 1700 m, 15-IV-2014"""
Y014,7.85,0.42,1.99,3.2,1.99,6.01,1.38,12.68,5.44,10.83,6.62,25.83,27.35,9.62,1,3202,Erebidae,"""Hydrillodes sp. (torsivena group)""","""Malaysia, Pahang, Genting Highlands, 1700 m, 2-VII-2014"""
Y015,10.668,0.95,2.11,3.19,2.48,6.68,1.47,11.72,4.75,9.47,5.82,23.08,25.92,10.83,2,2971/3052,Erebidae,"""Hydrillodes sp. A""","""Indonesia, S. Sumatra, Mt. Dempo, 15-V-2014, Malaysia, Pahang, Genting Highlands, 1700 m, 27-VI-2013"""
Y016,11.88,0.73,2.03,3.24,2.42,6.38,1.68,12.34,4.51,9.77,5.88,24.05,27.1,10.35,1,2984,Erebidae,"""Hydrillodes sp. B""","""Indonesia, S. Sumatra, Mt. Dempo, 27-VI-2013"""
Y017,4.341,0.68,1.21,2.64,1.65,4.69,1.02,9.52,3.77,7.85,4.22,18.70,20.69,8.02,2,3188/3012,Erebidae,"""Naarda sp.""","""Malaysia, Pahang, Genting Highlands, 1700 m, 25-IV-2013"""
Y018,16.46,1.12,2.36,4.31,2.59,7.75,2.11,15.45,6.13,12.09,7.71,30.14,33.49,13.19,1,5814,Erebidae,"""Nodaria sp.""","""Indonesia, W. Kalimantan, Mt. Bawang (00°53.5'N, 109°22.2E), 245 m, VIII-2017"""
Y019,58.324,1.56,3.47,5.53,3.83,11.63,3.27,23.18,10.09,18.27,13.50,46.34,50.20,18.74,6,1245/3992/5435-5438,Erebidae,"""Ochrotrigona triangulifera (Hampson, 1895)""","""Vietnam, Lam Dong, Lac Duong, Bidoup Nui Ba Natl. Pk., 30-X-2015, Vo Van Nhnon leg.,  Kon Tum, Ngoc Linh, VII-2015, Thua Thien Hue, Bach Ma mt., 1400 m, XI-2015"""
Y020,14.355,1.36,2.82,4.10,2.96,8.7,1.93,17.85,7.72,14.57,9.64,34.49,38.67,14.16,2,3374/3375,Erebidae,"""Oxaenanus cf. brontesalis (Walker, 1858)""","""Vietnam, Quang Ngai, Mt Bato, 500 m, I-2015"""
Y021,10.342,1.04,2.25,3.54,2.44,8.40,1.87,16.46,8.30,12.61,9.18,29.42,35.37,12.99,2,6092/6093,Erebidae,"""Polypogon plumigeralis Hübner, 1825""","""Spain, Madrid, Alcobendas, 14-VI-2018, E.G.B. leg."""
Y022,6.825,0.52,1.66,2.88,1.93,5.67,1.25,11.77,5.59,9.24,5.21,21.57,25.47,9.08,1,3066,Erebidae,"""Renia sp.""","""Malaysia, Pahang, Genting Highlands, 1-V-2014"""
Y023,5.597,0.46,1.33,2.29,1.87,3.61,1.31,10.30,3.63,8.33,5.34,21.27,22.48,6.37,2,4068/5885,Erebidae,"""Padenia obliquifascia Rothschild, 1920""","""Vietnam, Lam Dong, Lac Duong distr., Bidoup Nui Natl. Park, 15-XII-2016, Kon Tum, Dakglei-Dak Man, Thac che, 24-IX-2017, V. Golovizin leg."""
Y024,6.01,0.19,1.58,2.77,2.09,4.71,1.41,9.93,3.71,7.95,6.94,20.69,21.95,7.67,1,4163,Erebidae,"""Padenia sp. B""","""Vietnam, Lam Dong, Lac Duong, Bidoup Nui Ba Natl. Pk., 11-III-2016, Vo Van Nhon leg."""
Y025,6.93,0.47,1.87,3.23,2.47,4.75,1.42,12.51,4.71,9.77,5.93,26.77,27.49,8.45,1,4071,Erebidae,"""Eugoa simonae Bucsek, 2008""","""Vietnam, Lac Duong, Bidoup Nui Ba Natl. Park, 20-III-2016, Vo Van Nhon leg."""
Y026,5.043,0.51,1.28,2.96,1.99,4.13,1.26,10.97,4.17,8.79,5.43,22.27,23.95,7.60,3,5595/5596/5597,Erebidae,"""Setina aurita (Esper, 1787)""","""Sweden, Öland, Vickleby, 25-V-1990, E.G.B. leg."""
Y027,11.733,0.68,1.77,3.62,2.86,5.96,1.86,16.44,6.52,12.76,9.2,31.56,35.74,10.27,2,5084/5085,Erebidae,"""Setina flavicans (Hübner-Geyer, 1836""","""Spain, Burgos, Villalta, 21-VI-2017, E.G.B. leg."""
Y028,3.730,0.49,1.13,2.49,1.36,5.60,0.93,10.71,3.95,9.32,6.05,21.74,22.79,8.58,3,5769/5770/5840,Erebidae,"""Crambidia pallida (Packard, 1864)""","""Canada, Quebec, 9-VIII-2007, J. Herzet leg."""
Y029,6.978,0.71,1.65,2.92,2.26,6.28,1.30,13.04,2.80,11.61,6.16,29.01,28.35,9.92,2,28/656,Erebidae,"""Eilema caniola (Hübner, 1827)""","""Spain, La Coruña, Mugía, VIII-1988"""
Y030,8.285,0.45,2.19,2.82,2.91,6.97,1.94,17.91,5.69,14.71,8.88,36.27,38.73,10.24,1,2837,Erebidae,"""Eilema lurideola (Zincken, 1817)""","""Spain, Lleida, Bohí, VIII-2014, E.G.B. leg."""
Y031,3.467,0.51,1.44,2.29,1.80,4.18,0.96,11.91,3.29,10.04,5.81,24.69,25.63,6.99,10,27/655/5307/5308/5309/5319/5373-5375/5382,Erebidae,"""Eilema uniola (Rambur, 1866)""","""Spain, Guadalajara, Durón, 1989, 16/23-IX-2015, E.G.B. leg."""
Y032,3.128,0.52,1.32,2.30,1.53,4.49,1.02,11.17,3.03,9.50,5.39,23.92,23.87,7.32,2,7685/7686,Erebidae,"""Eilema albicosta (Rogenhofer, 1894)""","""Spain, Tenerife, Santa Cruz de Tenerife, 30-X-2010, 17-I-2021, C. Gómez de Aizpurua leg."""
Y033,22.911,1.08,2.69,4.11,4.16,8.32,2.44,20.91,6.86,16.71,11.80,55.26,46.00,13.51,4,31/659/2836/6000,Erebidae,"""Lithosia quadra (L., 1758)""","""Spain, Lleida, Bohí, VIII-2014, Huesca, Saravillo, VII-1993, Burgos, Sotovellanos, 1000 m, 18-VII-2006, 30T03964716, E.G.B. leg."""
Y034,9.778,0.88,1.71,3.2,2.34,6.3,1.12,15.8,6.86,13.12,9.46,29.77,33.94,10.38,2,5086/5126,Erebidae,"""Cybosia mesomella (L., 1758)""","""Spain, Burgos, Villalta, 21-VI-2017, E.G.B. leg., Cantabria, no loc./date, 1998"""
Y035,6.62,0.54,1.23,2.73,1.61,6.07,1.55,10.15,3.61,8.46,5.13,20.8,21.92,9.34,1,7358,Erebidae,"""Atolmis rubricollis (L., 1758)""","""Russia, Khakassia, Abakan-Ak-dovurak Road, km 302, 13-VI-2018, V. Golovizin leg."""
Y036,6.99,0.55,1.9,3.1,2.21,4.26,1.18,11.34,3.33,9.59,5.61,24.27,24.89,7.91,1,4078,Erebidae,"""Teulisna sp.""","""Vietnam, Lac Duong, Bidoup Nui Ba Natl. Park, 15-XII-2015, Vo Van Nhon leg."""
Y037,10.508,0.87,1.88,2.81,2.40,7.17,1.63,13.27,5.20,9.22,7.87,25.86,28.95,10.86,4,1129/3014/3048/3063,Erebidae,"""Nishada rotundipennis (Walker, 1862)""","""Malaysia, Pahang, Genting Highlands, 1700 m, 4/24-VI-2013"""
Y038,31.673,1.18,2.89,4.92,4.08,8.67,2.98,18.38,6.44,14.49,10.26,38.29,40.85,14.77,2,4415/4416,Erebidae,"""Vamuna albeoluteola (Rothschild, 1912)""","""Vietnam, Thua Thien Hue, Bach Ma Mt., 1400 m, XII-2015"""
Y039,58.15,1.69,2.95,6.35,3.46,10.72,2.11,26.1,10.53,19.84,12.61,51.52,55.66,18.76,1,3123,Erebidae,"""Macrobrochis sp. A (cf. staudingeri, fukiensis)""","""Vietnam, Thanh Hoá, V-2014, Le Xuan Xung leg."""
Y040,48.409,1.65,3.23,5.72,5.19,13.45,3.03,24.28,9.50,17.96,11.33,51.19,53.75,20.82,2,3107/3157,Erebidae,"""Macrobrochis sp. B (cf. borneensis)""","""Vietnam, Lao Cai, Sapa, VIII-2014, N. Vo Van leg."""
Y041,95.545,2.13,3.93,6.60,4.89,15.87,2.95,36.18,14.45,26.31,16.30,70.13,77.25,24.61,2,6437/5442,Erebidae,"""Macrobrochis gigas (Walker, 1854)""","""Vietnam, Yenbai, Mucangchai, 1700 m., VI-2018"""
Y042,31.58,0.65,2.89,5.58,4.87,7.67,2.59,20.29,5.34,15.27,7.5,42.56,45.47,13.90,1,972,Erebidae,"""Agylla sp.""","""Ecuador, Buenaventura, Oro, VII-1993"""
Y043,31.016,0.98,2.72,6.26,3.43,10.09,1.95,20.67,6.39,16.24,9.01,42.74,44.77,17.34,2,5832/5747,Erebidae,"""Gnamptonychia ventralis Barnes & Lindsey, 1921""","""U.S.A., Arizona, Cochise Co., Huachuca Mts., Copper Canyon (31°21'44.14''N, 110°18'01.40''W), 17-VII-2014"""
Y044,11.92,1.39,2.38,3.68,3.25,6.08,2.06,14.64,4.99,13.34,7.86,31.86,32.53,11.15,1,5016,Erebidae,"""Tigrioides sp.""","""Vietnam, Thua Thien Hue, Bach Ma Mt., 1400 m, XI-2016"""
Y045,56.15,1.7,3.06,6.07,3.54,8.64,2.38,24.21,8.64,14.99,8.49,48.49,51.96,16.41,1,5594,Erebidae,"""Gardinia sp.""","""Peru, Depto. Cajamarca, Lacma, 2400 m, VI-1999"""
Y046,4.64,0.56,1.55,2.70,2.14,4.25,1.15,11.36,4.41,8.77,5.07,24.25,24.88,7.52,1,5072,Erebidae,"""Rhabdatomis draudti Field, 1964""","""Costa Rica, Heredia, Braulio Carillo, 26-IV-2013, V. Golovizin leg."""
Y047,10.325,0.84,1.54,3.14,1.96,5.47,1.85,13.54,4.18,10.49,4.48,28.64,29.04,9.46,2,7599/7600,Erebidae,"""Lycomorpha pholus (Drury, 1773)""","""U.S.A., AL. Jackson co., Binghammtn, Holly Tale, 7/8-VII-2000, E.A. Sadler"""
Y048,12.268,0.60,1.92,3.80,2.55,5.26,1.33,14.77,6.06,11.77,7.56,30.37,32.10,9.66,2,5912/5913,Erebidae,"""Hypoprepia miniata (Kirby, 1873)""","""U.S.A., Illinois, Chillicothe, Depot, 26-V-1964"""
Y049,15.88,0.95,2.18,3.83,2.75,6.76,1.48,13.35,5.18,9.31,4.4,27.31,29.45,11.54,1,6615,Erebidae,"""Ardonea tenebrosa (Walker, 1865)""","""Peru, Loreto, San Regis, I-2017"""
Y050,3.61,0.42,1.38,2.32,1.57,2.36,0.71,8.48,3.81,6.52,3.29,16.46,18.53,5.11,1,4692,Erebidae,"""Cisthene tenuifascia (Harvey, 1875)""","""U.S.A., Arizona, Santa Cruz Co., Ruby Lakes, Ruby Mine (31°36'29,0''N, 111°14`19,7''W), 19-VII-1996, W.F. Babcock leg."""
Y051,7.85,0.52,1.51,2.84,1.64,3.89,0.98,12.92,5.03,9.97,6.30,26.92,27.49,7.26,1,7601,Erebidae,"""Eudesmia arida (Skinner, 1906)""","""U.S.A., Arizona, Santa Cruz Co., Canelo Hills, 30-VII-2000"""
Y052,8.705,0.88,1.82,2.99,2.07,5.56,1.81,13.23,5.93,10.47,6.72,24.67,28.47,9.43,2,5170/5171,Erebidae,"""Miltochrista miniata (Forster, 1771)""","""Spain, Orense, Muros, El Pito, 9-VIII-1999, E.G.B. leg."""
Y053,21.04,1.02,2.57,4.36,4.55,6.88,2.64,16.65,6.85,12.29,7.1,34.29,37.85,12.18,1,2390,Erebidae,"""Barsine euprepioides (Walker, 1862)""","""Vietnam, Di Linh mt., Lam Dong, 900 m, X-2013"""
Y054,21.741,0.78,2.28,4.46,3.57,6.70,2.55,14.12,5.77,11.02,7.09,29.41,31.81,11.95,2,2966/2967,Erebidae,"""Barsine senara (Moore, 1859)""","""Indonesia, S. Sumatra, Mt. Dempo, VI-2013"""
Y055,7.426,0.98,1.85,3.38,2.63,5.10,1.75,12.43,4.77,9.58,5.91,26.45,27.49,9.47,2,4402/4403,Erebidae,"""Barsine sp. cf. cardinalis""","""Vietnam, Kon Tum, Ngoc Linh Mt, 1700 m, V-2016"""
Y056,8.98,0.97,2.06,3.46,2.38,4.93,1.20,12.65,4.77,11.06,6.64,25.69,27.68,9.37,1,6039,Erebidae,"""Barsine sp.""","""Malaysia, Pahang, Genting Highlands, 24-VI-2013"""
Y057,5.732,0.80,2.10,3.16,2.49,5.39,1.43,14.22,6.76,11.62,7.46,30.01,30.94,9.36,2,934/956,Erebidae,"""Paidia rica (Freyer, 1858)""","""Spain, Madrid, Cabanillas, V-1998"""
Y058,5.354,0.54,1.63,3.17,1.64,4.14,0.97,12.41,4.04,8.90,4.06,24.63,26.47,7.86,2,5479/5480,Erebidae,"""Xanthetis luzonica (Felder, 1875)""","""Philippines, Mindanao, South Cotabato, Mt. Matutum, VI-2017"""
Y059,24.086,0.72,2.43,5.12,3.35,7.12,2.24,16.32,5.95,13.42,7.94,33.51,35.95,12.92,2,2968/3041,Erebidae,"""Cyana conclusa (Walker, 1862)""","""Indonesia, S. Sumatra, Mt. Dempo, 22-VII-2013, Malaysia, Pahang, Genting Highlands, 24-VI-2013"""
Y060,12.847,0.63,2.03,3.87,3.26,7.88,1.46,13.32,4.68,11.29,7.44,28.88,29.90,12.38,2,2410/2970,Erebidae,"""Cyana costifimbria (Walker, 1862)""","""Indonesia, S. Sumatra, Mt. Dempo, 2-VI-2013, Vietnam, Lam Dong, Di Linh mt., VII-2013"""
Y061,7.82,0.56,2.06,3.49,3.11,5.04,1.23,11.19,4.13,9.48,5.22,25.39,25.48,9.09,1,2969,Erebidae,"""Cyana obliquilineata (Hampson, 1900)""","""Indonesia, S. Sumatra, Mt. Dempo, 3-VII-2013"""
Y062,17.12,0.95,2.57,4.51,3.53,7.12,1.92,15.94,5.19,12.66,8.02,32.31,35.41,12.58,1,5010,Erebidae,"""Cyana formosana (Hampson, 1909)""","""Vietnam, Thua Thien Hue, Bach Ma Mt., 1400 m, XI-2016"""
Y063,14.69,0.67,1.96,3.63,3.05,6.86,1.76,14.37,5.07,12.03,7.08,30.76,31.79,11.16,1,4178,Erebidae,"""Cyana gelida (Walker, 1854)""","""Vietnam, Thua Tien Hue, Bach Ma Mt, 1400 m, IV-2016"""
Y064,38.333,1.05,3.10,6.35,3.69,6.40,2.25,18.26,6.81,15.28,9.90,36.57,40.23,13.81,3,5488/5489/5490,Erebidae,"""Cyana malayensis (Hampson, 1914)""","""Philippines, Mindanao, South Cotabato, Mt. Matutum, VI-2017"""
Y065,22.75,1.17,2.41,4.78,2.47,5.66,1.67,15.21,5.27,12.47,8.22,29.15,32.90,11.63,1,5487,Erebidae,"""Cyana sp. cf. geminipuncta""","""Philippines, Mindanao, South Cotabato, Mt. Matutum, VI-2017"""
Y067,209.44,1.16,3.94,9.48,6.80,13.30,5.24,31.24,14.42,16.47,11.90,55.72,69.28,23.94,1,5921,Erebidae,"""Amerila omissa (Rothschild, 1910)""","""Indonesia, W. Kalimantan, Mt. Bawang (00°53.5'N, 109°22.2E), 245 m, VIII-2017"""
Y068,121.66,1.12,3.75,8.49,5.43,10.13,3.98,27.39,11.78,15.14,9.87,53.29,60.21,19.74,1,5996,Erebidae,"""Amerila astreus (Drury, 1773)""","""Vietnam, Quang Nam, Tay Giang, Axan mt., 1300 m, XI-2017, T. Le Luong leg."""
Y069,7.76,0.72,1.41,3.82,2.08,5.39,1.48,15.87,5.43,6.49,3.13,31.44,33.83,9.93,1,5614,Erebidae,"""Amata sp.""","""Philippines, Mindanao, South Cotabato, Mt. Matutum, VI-2017"""
Y070,8.333,0.86,1.78,3.75,2.35,5.28,1.43,15.25,6.57,7.57,4.45,26.61,32.87,9.90,1,5788,Erebidae,"""Amata sp.""","""Philippines, Mindanao, South Cotabato, Mt. Matutum, VI-2017"""
Y071,23.490,1.12,2.71,4.89,3.42,13.35,2.63,24.95,10.51,12.99,6.55,46.13,53.32,19.36,2,4066/4067,Erebidae,"""Amata wilemani Rothschild, 1911""","""Vietnam, Lam Pang, Lac Duong, 20-III-2013, 20-VII-2016, Vo Van Nhon leg."""
Y072,8.238,0.89,2.06,3.55,2.31,5.71,1.43,12.50,4.44,4.90,1.86,25.73,27.32,10.16,2,5702/5780,Erebidae,"""Auriculoceryx transitiva (Walker, 1862)""","""Indonesia, W. Kalimantan, Mt. Bawang (00°53.5'N, 109°22.2E), 245 m, VIII-2017"""
Y073,5.357,0.36,1.29,2.25,2.01,4.57,1.64,10.77,3.69,3.62,1.41,20.94,23.57,7.18,2,215/764,Erebidae,"""Ceryx sp.""","""Ecuatorial Guinea, Bata, 1964"""
Y074,13.626,0.86,1.93,3.85,2.89,7.97,2.56,16.54,6.99,8.59,5.07,33.75,35.98,12.69,2,4849/4851,Erebidae,"""Syntomis phegea (L., 1758)""","""Poland, Klonów, 1/10-VIII-1962, Uzbekistan, Yange Kurgan, 21/23-VI-1977, J. Dabrowski leg."""
Y075,11.885,0.54,2.45,3.28,2.94,7.21,1.72,13.14,4.90,5.19,2.28,28.15,29.22,11.03,2,2369/2453,Erebidae,"""Syntomoides imaon (Cramer, 1780)""","""Vietnam, Di Linh mt., Lam Dong, 900 m, X-2013"""
Y076,2.65,0.72,1.58,2.71,1.79,4.45,1.09,11.42,4.35,7.02,3.48,23.35,24.64,7.89,1,4852,Erebidae,"""Dysauxes (Dysauxes) famula (Freyer, 1836)""","""Bulgaria, Kresna, 11-VIII-1984, A. Titz leg."""
Y077,2.52,0.52,1.21,2.22,1.8,4.13,1.27,9.13,3.26,5.7,2.66,19.69,20.06,6.87,1,5604,Erebidae,"""Dysauxes punctata (Fabricius, 1781)""","""Spain, Guadalajara, Durón, 7-VIII-1981, E.G.B. leg."""
Y078,13.62,0.96,1.85,4.07,2.19,6.25,1.12,16.48,6.9,9.63,4.91,29.37,35.15,11.28,1,5458,Erebidae,"""Pseudothyretes sp. (kamitugensis / perpusilla)""","""D.R. Congo, Nord-Kivu, Beni, II-2011"""
Y079,97.864,1.21,3.46,6.54,5.05,9.68,4.55,21.44,9.39,7.94,6.78,39.78,47.95,17.43,2,5745/5746,Erebidae,"""Balacra pulchra Aurivillius, 1892""","""Rép. Togolaise (Togo), pref. Kloto, III-2016"""
Y080,20.67,0.69,2.57,4.27,3.62,7.64,1.82,16.27,6.23,4.75,3.24,29.43,36.16,12.60,1,5236,Erebidae,"""Balacra sp ¿caeruleifascia Walker, 1856?""","""D.R. Congo, Biakato Ituri, IX-2012"""
Y081,21.09,0.28,2.13,4.91,2.78,6.51,2.02,13.92,6.87,7.94,5.17,26.34,30.62,11.7,1,5472,Erebidae,"""Metarctia sp.""","""D.R. Congo, Nord-Kivu, Beni, II-2011"""
Y082,14.887,0.84,2.25,3.78,3.66,9.25,2.25,17.82,5.67,14.71,9.89,38.61,39.3,13.88,2,619/628,Erebidae,"""Utetheisa pulchella (L., 1758)""","""Spain, Los Escullos, Almería, X-1995"""
Y083,19.41,1.08,2.18,5.84,3.15,8.69,2.40,20.57,6.13,17.53,11.14,44.12,44.31,15.61,1,5917,Erebidae,"""Utetheisa ornatrix (L., 1758)""","""Peru, Chachapoyas, 1990"""
Y084,13.387,0.83,1.90,3.87,2.17,6.87,1.48,15.94,5.57,13.26,9.17,32.39,34.06,11.57,4,7384/7386/7387/7388,Erebidae,"""Utetheisa sp. cf. lotrix""","""No loc. (Asia?), VIII-2018, M. Wiles leg."""
Y085,30.68,0.76,2.21,5.04,2.73,11.05,2.73,21.21,8.75,15.66,11.78,43.13,45.15,16.85,1,539,Erebidae,"""Alytarchia amanda (Boisduval, 1847)""","""Ecuatorial Guinea, Bata, VI-1963"""
Y086,2.47,0.69,1.1,2.09,1.44,3.97,0.69,11.22,4.62,9.04,5.94,22.84,23.88,6.75,1,4062,Erebidae,"""Epimydia dialampa Staudinger, 1892""","""Russia, Altai Mts., Kurai, 1630 m, 22-VI-2015, S.A. Knyazev leg."""
Y087,3.229,0.27,1.33,2.24,1.89,5.30,1.16,10.78,2.91,8.42,5.44,22.48,23.46,7.82,2,5598/5599,Erebidae,"""Coscinia romeii Sagarra, 1924""","""Spain, Madrid, Aranjuez, X-1985 (ex larva) E.G.B. leg."""
Y088,19.900,0.59,1.83,3.93,2.82,7.24,1.71,17.78,5.61,14.29,9.81,35.89,38.39,11.77,2,5600/5601,Erebidae,"""Coscinia striata (L., 1758)""","""Spain, Ávila, Hoyos del Espino, 27-VI-1985, R. Tormos leg., Puerto del Pico, 3-VIII-1985, J.L. Viejo et al. Leg."""
Y089,59.029,0.81,2.85,6.36,5.62,9.83,3.36,18.5,7.70,13.88,9.65,40.80,42.62,17.00,3,26/654/5328,Erebidae,"""Cymbalophora pudica (Esper, 1785)""","""Spain, Ávila, El Hornillo, VII-1985, J. Martin et al. leg., Guadalajara, Durón, 725 m, 16-IX-2017, E.G.B. leg."""
Y090,178.705,0.78,3.86,8.66,5.78,12.1,4.56,33.94,12.47,22.98,15.36,68.65,73.66,21.55,2,4413/4446,Erebidae,"""Aglaomorpha plagiata (Moore, 1855)""","""Vietnam, Thua Thien Hue, Bach Ma Mt., 1400 m, I-2016"""
Y091,26.786,1.42,2.67,4.96,4.71,11.19,2.32,25.16,10.89,20.41,13.50,52.52,55.03,17.58,2,810/834,Erebidae,"""Euplagia quadripunctaria (Poda, 1761)""","""Spain, Cuenca, IX-1981"""
Y092,18.96,0.67,1.88,4.91,2.80,11.57,2.19,24.20,11.22,18.86,11.92,45.6,51.21,17.08,1,973,Erebidae,"""Chiromachla leuconoe (Hopffer, 1857)""","""Ecuatorial Guinea, Bata, III-1964"""
Y093,28.16,1.43,2.40,4.83,3.26,10.05,2.16,22.36,10.51,17.11,11.57,43.62,48.00,16.33,1,5824,Erebidae,"""Nyctemera baulus (Boisduval, 1832)""","""Indonesia, W. Kalimantan, Mt. Bawang (00°53.5'N, 109°22.2E), 245 m, VIII-2017"""
Y094,26.32,1.25,2.44,5.02,2.78,10.97,1.99,25.65,11.77,20.75,13.89,47.70,54.09,17.24,1,5626,Erebidae,"""Nyctemera coleta (Cramer, 1781)""","""Philippines, Mindanao, Mt. Matutum, VI-2017"""
Y095,39.308,0.96,2.50,4.99,3.43,11.06,2.48,25.84,12.19,20.52,13.97,49.14,55.11,16.95,2,2522/5883,Erebidae,"""Nyctemera adversata (Schaller, 1788)""","""Vietnam, Da Nang prov., Ba Na mt., 1450 m, VII-2013, Kon Tum prov., Dakglei-Dak Man, Thac che, 28-III-2017, V. Golovizin leg."""
Y096,51.876,0.81,2.83,5.86,3.98,8.88,2.72,17.11,7.67,13.30,9.45,34.35,38.20,15.56,2,5914/5918,Erebidae,"""Apantesis phalerata (Harris, 1841)""","""U.S.A., Illinois, Chillicothe, depot, 11-VI-1966"""
Y097,147.869,1.00,2.77,8.23,7.02,11.40,4.36,24.91,11.26,18.01,11.51,52.89,56.86,20.63,2,29/657,Erebidae,"""Arctia caja (L., 1758)""","""Spain, Guadalajara, Durón, 1989"""
Y098,84.219,0.47,2.74,5.03,5.17,8.15,3.88,18.75,8.63,15.24,11.23,39.01,42.67,13.62,2,5602/5603,Erebidae,"""Arctia dejeani (Godart, 1832)""","""Spain, Madrid, Miraflores de la Sierra, VII-2000, L. Romera leg."""
Y099,173.88,1.57,3.36,7.74,7.76,9.92,4.75,28.75,12.07,22.09,16.17,55.22,65.26,19.23,1,6051,Erebidae,"""Arctia villica (L., 1758)""","""Spain, Guadalajara, Durón, 730 m, 2-VI-2018, E.G.B. leg."""
Y100,270.921,1.11,4.4,8.58,8.24,12.97,6.37,25.69,10.42,20.78,13.63,58.43,59.63,22.67,2,30/658,Erebidae,"""Arctia festiva (Hüfnagel, 1766)""","""Spain, Madrid, Alcalá de henares"""
Y101,103.42,1.69,3.45,7.50,5.14,11.66,4.67,27.31,9.49,17.34,11.96,50.63,59.77,20.86,1,7414,Erebidae,"""Aloa cardinalis (Butler, 1875)""","""No loc. (Asia), 2018, M. Wiles leg."""
Y102,301.392,0.87,3.94,9.82,6.84,14.93,5.74,35.80,13.54,24.86,15.75,69.65,78.46,25.62,2,4386/4387,Erebidae,"""Areas galactina Hoeven, 1840""","""Vietnam, Thua Thien Hue, Bach Ma Mt., 1400 m, III-2016"""
Y103,59.34,0.98,2.95,6.61,3.62,8.53,3.06,20.52,8.16,14.28,9.39,39.51,44.66,16.12,1,3128,Erebidae,"""Hypercompe nemophila (Herrich-Schäffer, 1853)""","""Peru, Dep. Amazonas, Montenegro, 800-1200 m, XI-2009"""
Y104,105.285,0.84,3.02,7.65,5.89,8.67,4.11,19.44,7.80,11.99,8.91,40.89,44.78,17.17,3,5920/5922/6637,Erebidae,"""Hypercompe sp. (cf. laeta)""","""Ecuador, Oro, Buenaventura, Oro, 16-VII-1993, J.A. Calleja & D.R. Molino leg. Peru, Loreto, Maynas, Punchacu, Picuroyacu, II-2017"""
Y105,104.65,0.31,3.53,7.57,4.74,10.41,4.04,23.17,9.38,13.44,13.11,45.31,51.08,18.29,1,6662,Erebidae,"""Hypercompe sp. cf. cunigunda (Stoll, 1781)""","""Peru, Loreto, no loc., I-2017"""
Y106,39.249,0.70,2.43,4.74,3.42,7.47,2.24,18.69,7.68,13.83,9.35,38.08,40.80,12.93,2,5916/5919,Erebidae,"""Epilacydes scita (Walker, 1865)""","""Ecuatorial Guinea, Bata, Rio Muni, X-1964"""
Y107,38.52,0.98,3.13,4.71,3.67,8.43,3.22,16.50,7.68,13.34,9.97,33.98,36.68,14.12,1,7155,Erebidae,"""Popoudina linea (Walker , 1855)""","""Rep. South Africa, Kwazulu-Natal, 45 km SW Estacourt, Giant's Castle Camp, 29°16'23.05''S, 29°31'16.70''E, 21/22-II-2019, S.A. Knyazev leg."""
Y108,116.92,0.69,3.00,7.24,5.03,10.28,3.67,21.9,8.42,15.35,9.63,45.37,48.83,18.22,1,5915,Erebidae,"""Estigmene acraea (Drury, 1773)""","""U.S.A., Illinois, Chillicothe, depot, 8-VI-1964"""
Y109,51.67,0.67,2.74,5.48,3.36,7.62,2.79,18.01,8.95,14.06,10.02,32.29,39.38,13.77,1,5169,Erebidae,"""Spilosoma lutea (Hufnagel, 1766)""","""Spain, Orense, Muros, El Pito, 9-VIII-1999, E.G.B. leg."""
Y110,50.56,0.78,2.65,5.53,3.5,8.67,3.14,17.83,8.21,13.33,9.88,34.55,39.16,14.95,1,5858,Erebidae,"""Spilosoma lubricipeda (L., 1758)""","""Spain, Valencia, Ribera de Cabanes, 22-V-1982, E.G.B. leg."""
Y111,78.674,0.72,3.30,6.75,5.18,10.1,4.53,21.30,8.8,13.96,10.47,42.57,47.79,17.58,2,4421/4448,Erebidae,"""Spilosoma tienmushanica (Daniel, 1943)""","""Vietnam, Thua Thien Hue, Bach Ma Mt., 1400 m, XII-2015"""
Y112,80.028,0.84,3.44,7.45,4.87,9.68,3.85,22.83,8.36,16.03,10.61,45.34,50.54,17.92,2,4419/4447,Erebidae,"""Spilosoma sp. cf. unmera""","""Vietnam, Thua Thien Hue, Bach Ma Mt., 1400 m, XII-2015"""
Y113,42.36,1.55,2.57,5.16,3.21,7.81,3.23,18.04,8.2,14.27,9.3,33.19,39.29,14.52,1,4688,Erebidae,"""Spilosoma sp. cf. congrua""","""U.S.A., Ohio, Scioto Co., Shawnees F., Hobey Hollow Trail, 19-IV-1986"""
Y114,26.43,0.73,2.82,5.73,3.74,8.59,2.59,17.78,6.74,11.76,7.65,35.23,39.32,15.06,1,7415,Erebidae,"""Spilarctia subcarnea (Walker, 1855)""","""No loc. (Asia), 2018, M. Wiles leg."""
Y115,26.635,0.59,2.18,4.44,4.06,4.64,2.51,14.25,7.05,10.63,8.34,29.94,32.56,9.67,1,4088,Erebidae,"""Ocnogyna zoraida (Graslin, 1837)""","""Spain, Guadalajara, Durón, 2-IV-2016, E.G.B. leg."""
Y116,40.867,0.97,2.37,5.12,4.48,6.88,2.53,14.37,7.09,11.72,8.97,33.24,33.23,12.97,2,7632/7633,Erebidae,"""Watsonarctia deserta (Bartel, 1902)""","""Russia, Altai, Ulagan, 11 km SE Aktash, 1570 m (50°15'26,25''N. 87°44'5,40''E), 12/13-VI-2019, S,A. Knyazev leg."""
Y117,55.928,1.12,2.98,6.78,4.26,9.27,4.18,22.67,8.02,14.83,9.43,43.99,49.60,17.19,3,7411/7412/7413,Erebidae,"""Creatonotos wilemani (Rothschild, 1933)""","""No loc. (Asia), 2018, M. Wiles leg."""
Y118,11.08,0.91,2.08,3.95,1.93,5.77,0.99,15.90,5.32,12.49,8.64,32.40,33.74,10.64,1,7602,Erebidae,"""Virbia ostenta (Edwards, 1881)""","""U.S.A., Arizona, Cochise Co., vic Portal, Chihuahua Mts., Onion Saddle ca, 7000', 22-VII-2001, J. Hyatt leg."""
Y119,68.67,1.18,3.47,7.41,4.69,16.57,2.79,39.26,16.10,28.52,15.33,74.27,83.22,25.16,1,997,Erebidae,"""Dysschema sp.""","""Ecuador, Macas, R. Mangosita, 600 m (MNCN)"""
Y120,87.85,0.84,2.7,6.02,5.06,12.82,4.93,30.38,14.19,21.1,12.08,54.43,65.82,19.69,1,989,Erebidae,"""Hypocrita sp.""","""Ecuador, Buenaventura, Oro, VII-1993"""
Y121,158.128,1.51,3.69,9.87,5.78,18.57,5.02,49.19,21.59,32.60,17.28,95.73,104.16,29.96,2,5826/5827,Erebidae,"""Notophyson heliconides (Swainson, 1833)""","""Peru, Loreto, río Amazonas, X-2016"""
Y122,65.554,1.02,2.64,5.98,4.25,11.86,3.55,31.48,16.50,23.54,15.04,51.86,67.21,18.87,2,4754/4766,Erebidae,"""Sphaeromachia gaumeri (Druce, 1884)""","""Mexico, Chiapas, Ocosingo, 3-VIII-2016, Veracruz, San Andrés Tuxtla, 2-XI-2016"""
Y123,37.55,1.09,3.12,5.41,4.2,8.52,3.14,17.75,7.39,9.38,11.94,36.42,39.70,15.02,1,6638,Erebidae,"""Toulgoetarctia nigripuncta (Joicey & Talbot, 1918""","""Peru, Loreto, no loc., I-2017"""
Y124,15.37,0.72,2.53,4.26,2.99,5.41,2.58,12.61,5.19,8.68,5.93,25.82,28.21,10.39,1,6655,Erebidae,"""Melese incerta (Walker, 1855)""","""Peru, Loreto, Maynas, Punchacu, Picuroyacu, II-2017"""
Y125,31.231,0.63,2.88,4.99,3.34,7.82,3.09,14.92,5.77,9.47,7.82,29.37,33.19,13.45,2,6642/6652,Erebidae,"""Melese sp. (? drucei / dorothea)""","""Peru, Loreto, Maynas, Punchacu, Picuroyacu, II-2017"""
Y126,54.809,0.93,2.62,5.27,3.23,7.88,3.64,17.71,8.76,10.54,6.34,34.83,38.66,14.05,2,6633/6653,Erebidae,"""Zatrephes trailii Butler, 1877""","""Peru, Loreto, Maynas, Punchacu, Picuroyacu, II-2017"""
Y127,44.94,0.64,3.47,5.32,3.87,9.63,3.06,17.23,8.68,9.64,5.90,35.75,38.33,15.57,1,6641,Erebidae,"""Zatrephes sp. ( ? crocos / propinqua)""","""Peru, Loreto, Maynas, Punchacu, Picuroyacu, II-2017"""
Y128,36.198,0.50,2.77,4.80,3.18,7.56,2.54,14.59,6.87,8.13,5.75,30.49,32.37,12.87,2,6639/6663,Erebidae,"""Pseudepimolis incarnata (Hampson, 1901)""","""Peru, Loreto, San Regis, I-2017"""
Y129,39.349,1.04,3.21,6.90,4.24,8.10,3.09,17.37,6.20,8.74,6.29,36.61,38.99,16.06,2,5751/5752,Erebidae,"""Rhipha leucoplaga (Dognin, 1910)""","""French Guiana, Route de Kaw km. 36.3, 18-VI-2013, Piste de Coralie km. 7,5, 8-II-2013"""
Y130,49.194,0.78,3.05,6.28,3.35,6.90,3.20,16.44,6.01,8.21,5.15,33.15,36.24,13.97,2,5753/5833,Erebidae,"""Rhipha strigosa (Walker, 1854)""","""French Guiana, Piste de Coralie km. 7,5, 2-IX-2013"""
Y131,36.99,0.65,3.38,5.15,3.52,9.4,2.2,19.64,6.82,10.31,6.83,38.80,42.80,15.21,1,6632,Erebidae,"""Haemaphlebia strigata (Jones, 1914)""","""Peru, Loreto, San Regis, I-2017"""
Y132,49.846,1.02,3.46,7.06,4.69,10.33,2.84,21.58,7.04,12.39,7.91,45.90,47.86,18.41,2,6608/66365,Erebidae,"""Gorgonidia sp cf. garleppi (Druce, 1898)""","""Peru, Loreto, no loc., I-2017"""
Y133,41.772,0.75,2.93,5.54,3.87,7.42,2.82,17.39,6.78,8.73,7.11,33.35,38.67,13.72,4,6625-6527/6656,Erebidae,"""Idalus sp.""","""Peru, Loreto, Maynas, Punchacu, Picuroyacu, II-2017, Melitón Carbajal, II-2017"""
Y134,29.54,0.76,2.96,5.09,3.48,8.03,3.1,16.01,5.32,9.51,6.6,32.02,35.5,13.88,1,6640,Erebidae,"""Lepidokirbyia sp.""","""Peru, Loreto, Maynas, Punchacu, Picuroyacu, II-2017"""
Y135,68.254,1.08,3.52,6.33,4.19,10.84,3.85,21.14,8.80,11.65,9.49,40.69,46.48,18.26,6,6595-6600,Erebidae,"""Ernassa sanguinolenta (Cramer, 1779)""","""Peru, Loreto, Maynas, Punchacu, Picuroyacu, II-2017"""
Y136,9.36,0.9,1.6,3.35,2.1,4.51,1.81,10.82,4.5,6.92,4.85,22.44,23.74,8.76,1,6654,Erebidae,"""Hyponerita lavinia (Druce, 1890)""","""Peru, Loreto, Maynas, Punchacu, Picuroyacu, II-2017"""
Y137,129.432,1.19,3.86,7.52,4.55,12.61,4.44,25.98,9.52,14.41,9.58,50.97,56.53,21.34,2,6583/6584,Erebidae,"""Hypidalia sanguirena Schaus, 1905""","""Peru, Loreto, no loc., I-2017"""
Y138,19.01,1.17,2.84,4.54,3.27,5.82,2.09,15.87,5.15,8.24,6.17,32.8,35.01,11.53,1,6621,Erebidae,"""Cresera affinis (Rothschild, 1909)""","""Peru, Loreto, Maynas, Punchacu, Picuroyacu, II-2017"""
Y139,44.6,1.13,3.11,5.83,3.14,9.34,2.48,18.59,6.65,9.99,7.24,38.4,40.32,16.3,1,6607,Erebidae,"""Cresera ilioides (Schaus 1905)""","""Peru, Loreto, Maynas, Punchacu, Picuroyacu, II-2017"""
Y140,45.01,0.95,3.12,5.50,3.44,7.90,2.57,19.00,6.62,10.71,6.51,39.14,41.45,14.36,1,6601,Erebidae,"""Cresera ilus (Cramer, 1776)""","""Peru, Loreto, Maynas, Melitón Carbajal, II-2017"""
Y141,91.238,1.35,3.74,7.64,4.65,11.40,4.48,20.34,8.22,8.51,7.13,39.09,45.35,20.40,3,5515/5516/6574,Erebidae,"""Himerarctia docis (Hübner, 1831)""","""French Guiana, Cayenne, St. George - route Regina, 74 m, 27-XI-2007, J. Agius leg., Cacao, 2007, Peru, Loreto, Maynas, Punchacu, Picuroyacu, II-2017"""
Y142,43.65,0.84,3.33,5.6,3.72,11.13,3.25,18.7,7.51,7.28,6.82,33.29,41.12,17.57,1,6622,Erebidae,"""Himerarctia sp. (Seitz: laeta)""","""Peru, Loreto, San Regis, I-2017"""
Y143,57.83,1.44,3.13,4.80,3.24,7.02,3.3,17.07,6.61,7.11,6.44,31.05,37.24,13.26,1,6619,Erebidae,"""Xanthoarctia pseudameoides (Rothschild, 1909)""","""Peru, Loreto, Maynas, Punchacu, Picuroyacu, II-2017"""
Y144,85.83,1.08,3.65,7.60,4.85,10.85,4.71,21.07,8.10,11.45,7.40,44.43,47.00,19.54,1,5844,Erebidae,"""Cratoplastis diluta Felder & Rogenhofer, 1874""","""Bolivia, prov. La Paz, Nor Yungas, X-2010"""
Y145,60.01,0.69,3.37,5.92,3.75,10.16,3.03,17.55,7.02,8.96,6.03,36.88,38.85,16.77,1,6618,Erebidae,"""Cratoplastis rectiradia Hampson, 1901""","""Peru, Loreto, San Regis, I-2017"""
Y146,44.81,1.66,2.78,5.66,5.57,7.86,4.54,20.87,6.28,11.34,6.09,45.72,47.31,15.18,1,2064,Erebidae,"""Ormetica ameoides Butler, 1876""","""Ecuador, Oriente, Napo, 2009"""
Y147,50.442,0.92,3.08,5.53,4.03,9.19,3.66,17.04,7.45,7.45,5.63,33.99,38.12,15.65,2,6604/6605,Erebidae,"""Ormetica sypilus (Cramer, 1777)""","""Peru, Loreto, San Regis, I-2017, Maynas, Punchacu, Picuroyacu, II-2017"""
Y148,61.967,0.91,3.31,6.14,4.95,7.29,3.47,18.21,6.35,9.08,4.48,39.19,41.38,14.35,3,808/1277/6606,Erebidae,"""Viviennea moma (Schaus, 1905)""","""Ecuador, Oro, San Roque,VII-1993, Peru, Loreto, Maynas, Melitón Carbajal, II-2017"""
Y149,29.097,0.95,2.90,5.55,3.03,8.50,2.23,17.63,6.99,9.57,8.51,35.82,38.30,15.01,2,6603/6634,Erebidae,"""Agaraea sorex (Druce, 1902)""","""Peru, Loreto, Maynas, Punchacu, Picuroyacu, II-2017"""
Y150,156.50,1.68,4.47,7.62,5.9,12.98,4.89,32.12,12.66,20.82,12.63,60.88,70.14,22.28,1,6701,Erebidae,"""Ammalo helops (Cramer, 1775)""","""Peru, Loreto, Maynas, Melitón Carbajal, II-2017"""
Y151,57.414,0.77,3.23,6.51,4.60,9.51,4.05,22.06,7.71,13.06,7.46,44.89,48.74,16.81,4,1131/3133/6658/6659,Erebidae,"""Psychophasma erosa (Herrich-Schäffer, 1858)""","""Bolivia, Depto. La Paz, Los Yungas, North Yungas, 1000-1800 m, XI-2009, Peru, Loreto, Maynas, Punchacu, Picuroyacu, II-2017"""
Y152,67.740,0.94,3.05,5.64,4.91,9.87,3.03,20.23,7.74,12.26,7.80,39.48,45.39,16.46,4,4693/4694/4695/4696,Erebidae,"""Lophocampa argentata (Packard, 1864)""","""U.S.A., New Mexico, Sierra Co., Emory Pass 6480 (32°54'20,6''N, 102°42'24,8''W), 30-V-2003"""
Y153,51.537,1.53,3.61,7.58,4.86,9.28,3.29,24.16,8.71,16.26,9.02,48.51,53.18,18.41,2,971/3132,Erebidae,"""Pelochyta albipars (Hampson, 1914)""","""Ecuador, San Roque, Oro, VIII-1993, Peru, Amazonas, Montenegro, 800-1200 m, XI-2009"""
Y154,99.88,1.15,3.75,7.65,5.92,11.56,4.35,23.56,7.89,15.16,8.34,48.11,53.04,20.36,1,3135,Erebidae,"""Phaegoptera hampsoni (Rothschild, 1909)""","""Bolivia, Depto. La Paz, Los Yungas, North Yungas, 1000-1800 m, XI-2009"""
Y155,173.628,1.58,4.78,10.06,8.27,11.45,5.37,37.33,13.71,24.54,13.65,73.17,82.94,23.10,2,1009/1010,Erebidae,"""Amastus sp. (aconia / flavidus ?)""","""Ecuador, San Roque, Oro, VIII-1993"""
Y156,32.18,1.01,2.90,4.96,3.88,8.64,2.88,18.83,6.86,11.73,7.94,38.37,41.54,14.61,1,6643,Erebidae,"""Leucanopsis sp.""","""Peru, Loreto, Maynas, Punchacu, Picuroyacu, II-2017"""
Y157,19.05,0.91,2.42,3.83,2.39,5.92,2.37,13.18,4.02,8.87,4.58,28.13,28.75,10.66,1,6616,Erebidae,"""Eucereon obscura (Möschler, 1872)""","""Peru, Loreto, Maynas, Punchacu, Picuroyacu, II-2017"""
Y158,44.81,1.05,3.14,5.37,3.56,9.04,3.09,19.67,6.19,11.89,6.95,41.67,42.90,15.46,1,6644,Erebidae,"""Eucereon setosum (Sepp, 1830)""","""Peru, Loreto, no loc., I-2017"""
Y159,23.65,1.13,2.39,3.79,2.54,6.31,2.21,14.35,5.31,9.60,4.81,28.96,31.24,11.23,1,6657,Erebidae,"""Eucereon sp. A (cf. flavicaput)""","""Peru, Loreto, San Regis, I-2017"""
Y160,24.42,0.92,2.87,5.16,3.62,6.12,2.93,15.53,6.07,10.5,7.54,31.71,34.68,12.18,1,6628,Erebidae,"""Eucereon sp. B (cf. tarona)""","""Peru, Loreto, no loc., I-2017"""
Y161,61.718,0.82,3.75,7.13,4.79,11.50,3.12,24.75,9.77,12.32,8.92,49.34,54.30,19.46,2,6645/6660,Erebidae,"""Parathyris cedonulli Stoll, 1781""","""Peru, Loreto, San Regis, I-2017"""
Y162,7.49,0.91,1.91,2.66,2.16,4.35,1.82,11.15,3.95,6.7,3.12,23.54,24.46,7.91,1,6609,Erebidae,"""Sauritinia sp. A""","""Peru, Loreto, Maynas, Punchacu, Picuroyacu, II-2017"""
Y163,4.30,0.77,1.70,2.48,1.88,3.73,1.48,9.85,3.32,5.54,2.07,18.93,21.58,6.98,1,6610,Erebidae,"""Sauritinia sp. B (cf. concisa Walker, 1854)""","""Peru, Loreto, Maynas, Punchacu, Picuroyacu, II-2017"""
Y164,109.561,1.22,3.71,7.21,4.92,11.02,5.24,26.11,6.36,14.45,4.64,54.29,57.15,19.46,2,5349/5407,Erebidae,"""Orcynia calcarata (Walker, 1854)""","""Bolivia, Cochabamba, Villa Tunari, XII-2016"""
Y165,16.530,1.21,2.48,4.16,2.62,7.3,2.33,14.51,4.88,10.16,4.67,29.49,31.65,12.67,2,6629/6631,Erebidae,"""Correbidia sp. A""","""Peru, Loreto, Maynas, Punchacu, Picuroyacu, II-2017"""
Y166,14.950,1.08,2.22,3.24,2.57,7.48,2.05,13.48,4.57,9.57,4.67,27.15,29.54,11.81,2,6630/6704,Erebidae,"""Correbidia sp. B""","""Peru, Loreto, Maynas, Punchacu, Picuroyacu, II-2017"""
Y167,27.271,0.85,2.33,4.69,3.36,7.91,3.30,17.88,16.19,11.27,5.71,36.89,39.14,13.45,2,216/765,Erebidae,"""Antichloris sp.""","""(Peru/Ecuador), no data, 1993"""
Y168,18.35,0.94,2.28,3.81,2.18,6.74,2.64,13.75,4.81,9.21,4.77,27.69,29.68,11.49,1,6614,Erebidae,"""Delphyre dizona (Druce, 1898)""","""Peru, Loreto, Maynas, Punchacu, Picuroyacu, II-2017"""
Y169,21.33,0.93,1.81,3.56,2.13,7.12,1.64,17.65,7.11,12.04,6.35,33.93,37.43,11.61,1,3363,Erebidae,"""Euagra sp.""","""Costa Rica, Osa, Corcovado, 15-XI-2013"""
Y170,23.151,1.10,2.25,5.31,4.36,10.78,1.96,22.82,8.66,15.93,9.92,45.06,50.01,17.19,2,4375/4376,Erebidae,"""Ctenucha cressonana Grote, 1863""","""U.S.A., Arizona, Apache Co., Alpine, 2 m. W Forks, 33°52.00.20N, 109°10'41.16''W"""
Y171,26.84,1.51,2.75,4.59,3.04,8.43,3.11,19.35,7.75,11.72,6.95,33.93,41.74,14.53,1,6620,Erebidae,"""Desmotricha ursula (Cramer, 1782)""","""Peru, Loreto, no loc., I-2017"""
Y172,8.49,0.79,2.1,2.88,2.03,5.03,1.75,12.41,4.64,6.55,2.67,23.59,26.85,8.70,1,6611,Erebidae,"""Xanthyda chalcosticta (Butler, 1866)""","""Peru, Loreto, Maynas, Punchacu, Picuroyacu, II-2017"""
Y173,25.971,1.25,2.69,4.46,3.25,7.92,2.3,16.74,5.49,9.92,4.30,32.26,36.68,13.64,2,6623/6636,Erebidae,"""Macrocneme sp. (cf. lades)""","""Peru, Loreto, San Regis, I-2017"""
Y174,41.094,0.92,2.11,6.56,5.09,9.75,4.04,21.37,8.54,13.62,7.90,41.32,47.84,17.23,2,218/885,Erebidae,"""Chrysocale splendens (Dognin, 1888)""","""Ecuador? (no label, 1980-1990), Ecuador, 2003 (no data)"""
Y175,29.32,1.03,2.24,4.79,4.03,7.57,3.07,16.01,5.01,9.63,4.22,33.44,36.05,13.39,1,3227,Erebidae,"""Calonotos angustipennis Zerny, 1931""","""Guiana Francaise, Route de Kaw Km 27, XI-2012"""
Y176,25.970,1.19,2.59,4.83,3.52,7.53,2.94,15.98,4.72,9.45,3.92,31.62,35.48,13.56,2,5518/5519,Erebidae,"""Calonotos aequimaculatus Zerny, 1931""","""French Guiana, Cayenne, 2007"""
Y177,25.39,1.15,2.34,3.94,2.44,7.43,1.92,14.64,5.56,8.68,4.66,31.04,31.72,12.52,1,6612,Erebidae,"""Calonotos sp. (near longipennis)""","""Peru, Loreto, Maynas, Melitón Carbajal, 25-V-2014"""
Y178,25.88,1.21,2.63,5.03,3.68,12.17,1.78,18.18,3.91,10.83,3.42,37.32,40.04,18.41,1,2069,Erebidae,"""Pseudosphex sp.""","""Ecuador, Río Hellín, 1700 m, II-2008"""
Y179,68.2,0.83,2.68,4.84,3.97,11.94,3.5,21.96,7.04,11.9,4.42,42.39,47.89,17.61,1,2195,Erebidae,"""Euchromia elegantissima (L., 1758)""","""Indonesia, Muna Island, X-2013"""
Y180,42.190,1.24,2.84,5.86,3.60,10.03,3.49,23.65,8.12,13.26,5.79,43.11,50.91,17.13,2,4289/4344,Erebidae,"""Euchromia sp. (creusa / occidentalis ?)""","""Indonesia, Maluku, W. Seram, Mt. Manusela, 600 m, VI-2014"""
Y181,53.8,0.75,2.32,4.19,3.44,8.87,2.11,18.3,6.17,9.95,3.37,37.63,40.04,13.81,1,2315,Erebidae,"""Cosmosoma myrodora Dyar, 1907""","""U.S.A., Florida, Winter Park, 20-VI-2012, D. Hymn leg."""
Y182,13.78,0.92,1.99,3.16,1.95,6.10,1.68,15.01,5.06,7.44,2.92,29.59,31.97,10.18,1,3130,Erebidae,"""Dycladia sp. cf. lucetius (Stoll, 1781)""","""Peru, Dep. Amazonas, Montenegro, 800-1200 m, XI-2009"""
ZA001,283.835,1.31,4.66,10.86,6.77,18.09,5.64,35.33,15.72,28.35,20.15,67.56,77.43,30.27,2,5761/5762,Erebidae,"""Apopestes spectrum (Esper, 1787)""","""France, Lorgues, 19-VI-2013"""
ZA002,39.057,1.13,2.81,5.63,4.24,13.38,3.47,21.33,9.01,18.08,12.74,41.52,46.92,20.16,3,7489/7492/7493,Erebidae,"""Lygephila sp.""","""Russia, E. Siberia, Buryatia, Ivolginskiyi distr., near Ivolginsk, 600 m, 3-VIII-2017, A. Filippov leg."""
ZA003,259.60,1.63,5.35,9.03,7.03,19.61,5.97,33.86,15.91,23.33,18.84,66.37,74.75,30.27,1,4716,Erebidae,"""Artena dotata (Fabricius, 1794)""","""Vietnam, Thua Thien Hue, Bach Ma mt., 1400 m., VIII-2016"""
ZA004,21.966,1.25,3.07,5.30,3.97,9.68,2.76,19.5,9.04,16.54,10.99,37.53,42.97,16.24,2,917/941,Erebidae,"""Autophila (Cheirophanes) cataphanes (Hübner, 1813)""","""Spain, Durón, IV-1980"""
ZA005,286.66,2.05,5.47,10.07,8.28,19.52,6.09,32.38,15.06,23.3,16.9,63.12,73.04,31.64,1,3119,Erebidae,"""Serrodes campana Guenée, 1852""","""Vietnam, Thanh Hóa, V-2014, Le Xuan Xung leg."""
ZA006,2.850,0.61,1.32,1.93,1.61,4.24,1.17,9.04,3.38,6.99,3.95,19.06,19.70,6.78,2,3481/3482,Erebidae,"""Nigetia formosalis (Walker, 1865)""","""U.S.A., Louisiana, St. Tammany Parish, 19/21-IV-2014, V.A. Brou leg."""
ZA007,6.46,0.66,1.78,2.75,1.96,5.92,1.16,11.06,4.73,7.28,5.61,20.48,24.10,9.33,1,5808,Erebidae,"""Homodes bracteigutta (Walker, 1852)""","""Indonesia, W. Kalimantan, Mt. Bawang (00°53.5'N, 109°22.2E), 245 m, VIII-2017"""
ZA008,21.478,0.72,2.54,4.71,3.02,7.91,2.17,16.41,7.08,11.54,7.83,33.37,35.85,13.35,2,5692/5694,Erebidae,"""Homodes crocea Guenée, 1852""","""Indonesia, W. Kalimantan, Mt. Bawang (00°53.5'N, 109°22.2E), 245 m, VIII-2017"""
ZA009,8.39,0.70,1.68,3.09,2.03,5.14,1.06,10.80,4.79,8.65,5.51,21.53,23.63,8.95,1,5791,Erebidae,"""Lophoruza sp.""","""Indonesia, W. Kalimantan, Mt. Bawang (00°53.5'N, 109°22.2E), 245 m, VIII-2017"""
ZA010,4.95,0.66,1.47,2.54,1.99,3.52,1.23,9.23,4.79,6.88,5.12,18.75,20.45,6.72,1,3051,Erebidae,"""Zurobata vacillans (Walker, 1864)""","""Malaysia, Pahang, Genting Highlands, 1700 m, 25-IV-2014"""
ZA011,4.619,0.63,1.63,2.60,1.71,5.62,1.19,11.00,5.44,8.25,6.09,19.87,23.72,8.85,2,4676/4678,Erebidae,"""Parascotia nisseni Turati, 1905""","""Spain, Madrid, Robledillo de la Jara, 24-VI-2000, 980 m, L. Romera leg."""
ZA012,3.005,0.43,1.25,1.95,1.87,3.54,1.05,7.31,3.01,6.02,3.90,15.86,16.50,5.92,4,306/769/2077/6899,Erebidae,"""Eublemma candidana (Fabricius, 1794)""","""Spain, Guadalajara, Durón, 1989, 6-VI-2019, E.G.B. leg."""
ZA013,4.727,0.39,1.38,2.49,1.99,4.07,1.27,7.64,3.68,6.82,4.55,18.62,17.28,6.96,2,4/634,Erebidae,"""Eublemma polygramma (Duponchel, 1842)""","""Spain, Guadalajara, Durón, 1989"""
ZA014,2.061,0.44,1.16,2.27,1.76,3.24,1.09,7.76,3.24,6.57,3.83,12.69,17.28,5.95,2,2052/4218,Erebidae,"""Eublemma pura (Hübner, 1813)""","""Spain,  Alicante, 3 m, 12-VI-2016, Guadalajara, Durón, IX-2013, E.G.B. leg"""
ZA015,8.001,0.72,1.67,3.09,2.27,5.63,1.22,10.94,5.53,9.23,6.17,22.27,24.16,9.44,2,5952/5956,Erebidae,"""Eublemma purpurina (D. & Schiff., 1775)""","""Spain, Madrid (no loc.), 2003"""
ZA016,9.57,0.75,1.6,4.02,2.39,7.57,1.04,12.69,5.94,10.24,6.13,25.82,27.77,12.34,1,3032,Erebidae,"""Hepatica irrorata (Wileman & South, 1917)""","""Malaysia, Pahang, Genting Highlands, 1700 m, 25-IV-2014"""
ZA017,3.085,0.24,0.85,2.13,1.78,4.24,1.05,7.55,2.98,6.01,3.81,15.89,16.89,6.62,2,169/747,Erebidae,"""Odice jucunda (Hübner, 1813)""","""Spain, Guadalajara, Durón, 10-VI-2012"""
ZA018,11.73,0.76,1.87,3.30,2.19,5.09,1.19,12.76,6.76,10.10,6.13,26.55,27.71,9.10,1,3067,Erebidae,"""Corgatha sp. (cf. semipardata / tornalis)""","""Malaysia, Pahang, Genting Highlands, 24-VI-2013"""
ZA019,5.570,0.59,1.31,2.72,2.04,4.81,1.47,9.31,4.20,7.81,4.93,19.40,20.67,8.13,3,1/631/7557,Erebidae,"""Phytometra viridaria (Clerk, 1759)""","""Spain, Guadalajara, Durón, 1989, 26-VI-1982, E.G.B. leg."""
ZB001,19.96,1.16,2.73,4.66,3.65,9.06,2.56,16.06,7.66,12.52,8.65,32.61,35.77,14.76,1,3831,Erebidae,"""Pilipectus sp.""","""Vietnam, Quang Ngai, Bato mt., 900 m, VII-2015"""
ZB002,68.68,1.05,3.05,7.46,5.57,12.27,3.51,20.43,8.39,16.02,10.28,41.28,46.43,20.78,1,3304,Erebidae,"""Avitta quadrilinea (Walker, 1864)""","""Vietnam, Quang Ngai, Bato Mt., 500 m, XII-2014"""
ZB003,46.490,1.39,3.46,5.65,4.29,12.7,3.14,23.15,11.27,19.01,12.63,47.4,50.59,19.75,2,3721/3722,Erebidae,"""Heoeugorna sp. cf. flavicincta Hampson, 1926""","""Vietnam, Quang Ngai, Bato mt., 900 m, V-2015"""
ZB004,130.791,1.64,4.95,7.98,6.25,13.95,5.10,26.49,13.39,20.29,15.18,52.15,59.23,23.58,2,5430/5443,Erebidae,"""Hypersypnoides sp.""","""Vietam, Quang Nam, Tay Giang, Axan mt., 1300 m, IX-2017"""
ZB005,27.697,0.87,2.29,4.34,2.59,7.09,2.29,15.41,8.12,12.36,7.94,29.27,33.42,12.30,2,5787/5813,Erebidae,"""Hypersypnoides subolivacea (Walker, 1863)""","""Indonesia, W. Kalimantan, Mt. Bawang (00°53.5'N, 109°22.2E), 245 m, VIII-2017"""
ZB006,71.315,1.18,4.14,6.03,5.40,11.96,3.75,27.17,13.12,21.90,15.43,55.04,59.74,19.18,1,7442,Erebidae,"""Sypna sp. (cf. martina)""","""Malaysia, Borneo Island, Sabah, Trus Madi, VII-2011, V. Gromenko leg."""
ZB007,55.904,1.32,3.07,5.64,4.93,10.72,3.84,19.30,8.11,15.19,10.52,41.45,43.54,17.68,2,4476/4477,Erebidae,"""Catephia alchymista (D. & Schiff., 1775)""","""Spain, Guadalajara, Durón, V-1981, VI-1982"""
ZB008,122.818,1.24,3.70,7.32,6.02,14.96,4.81,31.62,14.54,25.51,18.17,63.65,69.26,23.53,2,6117/6118,Erebidae,"""Euparthenos nubilis (Hübner, 1823)""","""U.S.A., New Mexico, Grant Co., Bear Canyon Rd. (32°55`38''N, 108°09`53,9''W), 5-III-2003"""
ZB009,33.652,1.20,2.69,5.75,3.76,8.16,2.98,17.05,8.06,12.38,9.13,34.41,37.86,15.12,2,5405/5247,Erebidae,"""Lesmone duplicans (Möschler, 1880)""","""Costa Rica, Heredia, Río Guácimo, 17-IX-2015, V. Golovizin leg."""
ZB010,35.61,1.04,2.8,4.67,3.86,9.13,3.36,20.04,9.99,15.15,10.47,42.02,43.88,14.84,1,4689,Erebidae,"""Zale lunifera (Hübner, 1818)""","""U.S.A., Ohio, Scioto Co., Shawnees F., Hobey Hollow Trail, 19-IV-1986"""
ZB011,666.352,2.31,6.13,14.94,9.61,19.19,4.14,66.43,34.15,49.03,35.17,110.84,142.49,36.44,1,220,Erebidae,"""Ascalapha odorata (L., 1758)""","""Ecuador, Buenaventura, Oro, Piñas, 17-VII-1993, D. Molina"""
ZB012,226.168,3.66,6.29,10.86,10.03,24.99,4.08,49.93,22.15,35.27,24.39,99.27,109.90,39.52,2,219/766,Erebidae,"""Feigeria scops (Guenée, 1852)""","""Rep. Ecuador, Cuyabeno, Sucumbíos, 17-VIII-1993"""
ZB013,44.06,1.64,3.28,6.65,3.46,10.91,2.49,24.43,12.17,20.20,12.49,50.68,52.32,19.21,1,6375,Erebidae,"""Hemeroblemma mexicana (Guenée, 1852)""","""No data, America (1980-1990)"""
ZB014,91.425,2.09,5.01,8.73,5.31,17.25,2.71,33.54,15.35,24.23,17.54,63.38,72.40,28.08,2,7641/7648,Erebidae,"""Hemeroblemma opigena (Drury, 1773)""","""Suriname, Brokopondo, S.A. Bergendal Resort (5°08'54.62''N, 55°04'7.24''W), 12-VII-2018, Col. T. Taylor leg."""
ZB015,191.529,2.84,6.09,11.23,7.87,19.21,4.89,48.81,23.38,33.68,25.11,88.96,105.50,33.29,2,992/6534,Erebidae,"""Letis buteo Guenée, 1852""","""Guatemala, no loc., Peru, Loreto, San Regis, I-2017"""
ZB016,1135.32,3.19,7.54,16.06,11.14,30.96,8.43,114.12,46.45,69.25,51.52,208.65,239.39,50.23,5,531/536/791/793/2055,Erebidae,"""Thysania agrippina (Cramer, 1776)""","""Peru, Iquitos, Loreto, 2012, Ecuador, Sayaracú, no date"""
ZB017,428.25,2.62,6.29,12.28,7.76,24.19,6.78,63.62,32.82,44.39,28.37,114.70,135.00,39.09,1,2058,Erebidae,"""Thysania zenobia Cramer, 1777""","""French Guiana, RN1 - PK 209.3, VI-2013"""
ZB018,14.624,1.21,2.43,4.27,3.35,8.04,2.29,15.91,7.98,12.8,7.9,30.80,35.17,13.52,2,4478/4479,Erebidae,"""Zethes insularis Rambur, 1833""","""Spain, Guadalajara, Durón, 10-VII-1981, 29-VIII-1981"""
ZB019,172.651,2.71,4.73,8.37,5.58,19.30,3.7,45.00,29.27,31.00,19.79,81.33,95.59,30.39,2,3111/3224,Erebidae,"""Erebus capriniulgus (Fabricius, 1781)""","""Vietnam, Thanh Hoá, V-2014, Kon Tum, V-2014"""
ZB020,511.154,2.67,5.92,12.57,7.63,23.63,6.03,59.95,37.29,42.65,27.00,101.68,127.53,38.88,2,3360/3574,Erebidae,"""Erebus macrops (L., 1768)""","""Thailand, Chiangmai, VIII-2014, Vietnam, Lamdong, Nuiba-Bidoop np, 1550 m, IV-2015"""
ZB021,148.32,1.92,4.3,7.98,5.17,20.58,4.78,43.26,25.61,28.8,26.04,69.00,91.69,30.48,1,3603,Erebidae,"""Lygniodes hypoleuca Guenée, 1852""","""Vietnam, Quang Ngai, Mt. Bato, 1200 m, IV-2015, T. Le Luong leg."""
ZB022,103.80,2.12,4.17,8.42,5.03,12.59,2.31,35.14,18.68,26.08,21.97,61.54,75.31,23.13,1,3714,Erebidae,"""Lygniodes sp. (cf. ciliata Moore)""","""Vietnam, Nghe An, Pu Mat mt., 1000 m, V-2015"""
ZB023,102.406,1.83,5.13,7.85,4.73,13.75,3.44,25.55,10.76,17.99,12.44,47.75,55.84,23.44,2,5467/5468,Erebidae,"""Sphingomorpha sp. (cf. marshalli Hampson, 1902)""","""D.R. Congo, Nord-Kivu, Canteen, II-2012"""
ZB024,21.325,1.10,2.58,4.27,3.79,8.10,2.21,15.99,6.74,13.21,8.88,33.70,35.78,13.48,2,3469/3470,Erebidae,"""Drasteria cailino (Lefèbvre, 1827)""","""Spain, Guadalajara, Durón, 20-V-1982"""
ZB025,63.91,1.73,3.27,6.29,4.88,10.91,3.18,21.56,8.66,15.79,11.54,41.81,48.00,18.93,1,6775,Erebidae,"""Melipotis fasciolaris Hübner, 1831""","""Venezuela, Aragua, P.N. Henri Pittier, 11-VI-1983, J. Modolell leg."""
ZB026,110.75,1.44,3.7,7.46,5.82,14.42,3.73,24.98,8.59,17.95,11.61,50.34,55.78,23.32,1,6433,Erebidae,"""Audea agrotidea (Mabille, 1879)""","""Madagascar, prov. Toamasina, Moramanga distr., Andasibe com., 8-XI-2018, V. Golovizin leg."""
ZB028,81.32,1.55,4.35,7.18,3.92,13.26,2.93,25.59,11.38,17.72,14.77,51.20,55.10,21.99,1,6568,Erebidae,"""Argidia wedelina (Stoll, 1782)""","""Peru, Loreto, San Regis, I-2017"""
ZB029,75.004,1.73,3.81,7.55,5.31,13.2,3.88,27.06,12.51,20.34,14.52,53.41,59.44,22.48,2,2180/6280,Erebidae,"""Catocala conjuncta (Esper, 1787)""","""Spain, no data, Guadalajara, Durón, 730 m, 30-IX-2018, E.G.B. leg."""
ZB030,358.201,2.08,4.57,8.75,6.16,18.93,6.24,38.82,16.69,30.18,16.17,77.96,83.81,29.77,2,307/770,Erebidae,"""Catocala dilecta (Borkhausen, 1792)""","""Spain, Madrid, Orusco, 1981, Colmenar, 1981"""
ZB031,284.086,2.21,4.92,11.19,8.56,20.47,6.42,38.96,17.60,30.19,20.98,79.23,86.49,33.88,3,554/555/6963,Erebidae,"""Catocala elocata (Esper, 1787)""","""Spain, Madrid, Los Peñascales, 1982, Colmenar Viejo, 930 m, 1981, Guadalajara, Durón, 1981, E.G.B. leg."""
ZB032,315.942,2.51,5.58,11.96,8.51,19.38,6.06,49.22,24.58,37.80,26.82,90.81,106.96,33.86,2,5254/5255,Erebidae,"""Catocala fraxini (L., 1758)""","""Russia, Primorsky krai, Khasanski distr., Zanadvorovka,  4/5-IX-2016V, Golovizin leg."""
ZB033,76.91,1.77,3.96,7.44,5.56,13.18,4.11,27.14,11.00,21.26,13.93,51.83,59.85,22.40,1,4302,Erebidae,"""Catocala nymphaea (Esper, 1787)""","""Spain, Madrid, Cantoblanco, 13-VII-2016"""
ZB034,35.461,0.95,2.52,4.38,4.03,7.92,2.54,18.03,8.26,13.52,9.2,36.23,40.10,13.26,2,6915/6916,Erebidae,"""Catocala nymphagoga (Esper, 1787)""","""Spain, Guadalajara, Durón, 23-VI-2019, E.G.B. leg."""
ZB035,121.921,1.89,4.03,9.00,4.13,14.71,3.38,39.28,20.43,31.31,21.78,72.55,82.70,25.61,2,211/761,Erebidae,"""Cyligramma latona (Cramer, 1775)""","""Ecuatorial Guinea, Bata (Río Muni), 1963"""
ZB036,72.729,1.32,3.37,7.48,4.27,12.82,3.32,24.95,12.8,19.58,14.76,49.04,54.17,21.63,2,5450/5451,Erebidae,"""Egybolis vaillantina (Stoll, 1790)""","""Rep. South Africa, KwaZulu-Natal, Tembe, 25-X-2015"""
ZB037,31.65,1.66,3.57,4.95,3.83,10.38,2.79,21.86,9.33,16.66,12.48,43.25,47.55,16.99,1,3559,Erebidae,"""Mecodina sp. (cf. bisignata (Walker, 1865))""","""Vietnam, Quang Ngai, Mt. Bato, 1200 m, II-2015, T. Le Luong leg."""
ZB038,245.34,1.97,5.47,8.54,6.88,23.11,6.44,44.1,21.57,31.85,24.61,78.51,95.08,33.62,1,4725,Erebidae,"""Hypopyra lactipex (Hampson, 1913)""","""Vietnam, Thua Thien Hue, Bach Ma mt., 1400 m., VIII-2016"""
ZB039,137.407,1.69,4.72,7.51,5.27,16.43,3.91,32.69,17.74,25.20,19.35,60.60,70.65,25.63,2,5428/5442,Erebidae,"""Spirama helicina (Hübner, 1831)""","""Vietam, Quang Nam, Tay Giang, Axan mt., 1300 m, IX-2017"""
ZB040,117.884,1.62,4.00,7.57,4.76,13.48,3.72,27.10,13.64,21.68,15.14,52.92,58.97,22.67,2,3887/3991,Erebidae,"""Ommatophora fulvastra Guenée, 1852""","""Vietnam, Kon Tum, Ngoc Linh, VII-2015"""
ZB041,15.94,1.13,1.9,4.17,3.12,6.83,1.92,16.44,8.03,13.36,9.58,32.12,36.11,12.13,1,4475,Erebidae,"""Euclidia (Callistege) mi (Clerck, 1759)""","""Spain, Guadalajara, Durón, VIII-1979"""
ZB042,18.967,1.18,1.77,4.38,2.93,6.83,2.08,16.09,7.78,13.39,9.25,32.66,35.12,12.41,2,4473/4474,Erebidae,"""Euclidia (Euclidia) glyphica (L., 1758)""","""Spain, Ávila, Vavarredonda de Gredos, 18-V-1986, Guadalajara, Durón, 26-IV-1982"""
ZB043,547.554,2.51,6.38,13.54,9.74,20.2,7.53,55.03,21.32,34.75,26.27,103.60,119.80,36.26,3,5421/5422/5423,Erebidae,"""Anisoneura aluco (Fabricius, 1775)""","""Vietam, Quang Nam, Tay Giang, Axan mt., 1300 m, IX-2017"""
ZB044,105.51,2.74,5.35,8.91,5.64,13.98,3.55,34.06,16.5,24.37,16.27,64.59,73.76,25.63,1,2965,Erebidae,"""Ischyja hemiphaea (Hampson, 1926)""","""Indonesia, S. Sumatra, Mt. Dempo, 28-V-2013"""
ZB045,181.142,2.38,5.54,10.42,6.15,16.29,4.10,37.18,18.14,25.37,18.3,70.95,80.51,29.10,2,3096/4720,Erebidae,"""Ischyja sp. (cf. marapok, subreducta)""","""Vietnam, Quang Ngai, Mt. Bato, 950 m, IX-2014, Thua Thien Hue, Bach Ma mt., 1400 m., VIII-2016"""
ZB046,79.244,1.52,4.36,7.02,4.97,16.3,3.14,28.05,11.87,22.56,18.62,51.63,61.08,24.84,2,3715/3996,Erebidae,"""Platyja sp. (cf. umbrina, acerces)""","""Vietnam, Quang Ngai, Bato mt., 900 m, V-2015, Kon Tum, Ngoc Linh, VII-2015"""
ZB047,59.190,1.57,3.96,7.16,4.63,10.51,3.18,21.91,10.15,16.72,11.89,43.59,48.44,19.24,7,7403-7405/7407/7408/1246/4000,Erebidae,"""Ercheia cyllaria (Cramer, 1779)""","""No loc. (Asia), VIII-2018, M. Wiles leg., Vietnam, Lam Dong, Lac Duong, Bidoup Nui Ba Natl. Pak, 30-X-2015, Vo Van Nhnon leg., Kon Tum, Ngoc Linh, VI-2015"""
ZB049,40.03,1.57,4.22,5.87,3.35,9.62,2.34,20.86,9.01,16.23,10.87,36.69,45.07,17.06,1,2976,Erebidae,"""Ericeia sp.""","""Malaysia, Pahang, Genting Highlands, 1700 m, 27-VI-2013"""
ZB050,26.33,0.87,3.03,6.12,3.53,7.68,2.96,16.69,8.11,12.33,9.63,32.39,36.91,14.68,1,7390,Erebidae,"""Macaldenia palumba (Guenée, 1852)""","""No loc. (Asia?), VIII-2018, M. Wiles leg."""
ZB051,216.902,2.20,5.12,10.16,7.04,14.38,6.43,35.17,13.56,19.78,13.29,67.11,77.38,26.74,3,2194/4287/4288,Erebidae,"""Cocytia durvillii Boisduval, 1828""","""Indonesia, W. Papua, Sorong, I-2013, Raja Ampat Islands, Misool Island, I-2016, Maluku, Northern Aru Islands, Wokam Island, X-2015"""
ZB052,32.955,0.89,3.08,5.33,3.65,8.65,2.24,18.93,9.74,14.98,10.28,37.29,41.53,14.88,2,7395/7452,Erebidae,"""Bastilla similima (Guenée, 1852)""","""No loc. (Indonesia?), VIII-2018, M. Wiles leg."""
ZB053,112.525,1.51,3.90,7.29,5.70,13.83,4.73,25.65,12.42,18.93,13.79,47.51,57.01,22.62,2,6431/6432,Erebidae,"""Achaea dmoe (Prout, 1819)""","""Madagascar, prov. Toamasina, Moramanga distr., Andasibe com., 2-XI-2018, V. Golovizin leg."""
ZB054,109.109,1.62,3.16,7.22,4.21,11.66,4.32,34.44,12.04,16.99,13.77,63.77,73.10,20.51,2,5270/5271,Erebidae,"""Buzara chrysomela Walker, 1864""","""Indonesia, W. Papua, Far-Fak area, XI-2016, E. Sanjaya leg."""
ZB055,110.81,1.33,3.62,6.76,5.91,11.87,3.83,23.75,12.84,19.19,13.47,44.63,53.41,19.96,1,2963,Erebidae,"""Buzara feneratrix (Guenée, 1852)""","""Indonesia, S. Sumatra, Mt. Dempo, III-2013"""
ZB056,30.134,0.72,2.32,4.77,4.27,8.88,3.06,18.13,9.22,14.87,10.02,36.58,40.54,14.38,4,6/305/636/768,Erebidae,"""Dysgonia algira (L., 1767)""","""Spain, Guadalajara, Durón, 1989"""
ZB057,159.25,1.21,4.67,8.78,6.59,17.58,4.34,30.56,15.32,22.43,15.02,54.93,67.71,27.57,1,6702,Erebidae,"""Dysgonia purpurata Kaye, 1901""","""Peru, Loreto, San Regis, I-2017"""
ZB058,21.577,0.95,2.43,4.68,3.19,8.17,2.4,16.18,7.86,13.4,9.52,32.65,35.55,13.80,2,4480/4481,Erebidae,"""Grammodes stolida (Fabricius, 1775)""","""Spain, no data, 1983, Guadalajara, Durón, 26-VIII-1984"""
ZB059,85.233,0.86,3.12,7.47,5.18,9.32,2.68,24.95,11.03,19.67,12.61,46.88,55.10,17.66,2,6854/6859,Erebidae,"""Minucia lunaris (D. & Schiff., 1775)""","""Spain, Madrid, Cantoblanco, 30-IV-2019, E.G.B. leg."""
ZB060,781.32,2.37,6.2,13.87,8.9,19.02,7.63,43.45,18.08,29.84,24.2,82.34,95.8,35.26,1,4723,Erebidae,"""Thyas coronata (Fabricius, 1775)""","""Vietnam, Thua Thien Hue, Bach Ma mt., 1400 m., VIII-2016"""
ZB061,294.85,1.68,5.32,11.89,8.21,17.59,4.68,41.1,18.7,28.86,23.66,78.76,90.41,31.16,1,4785,Erebidae,"""Thyas juno (Dalman, 1823)""","""Vietnam, Thua Thien Hue, Bach Ma mt., 1400 m., VIII-2016"""
ZB062,440.260,1.47,5.12,10.28,8.96,18.42,6.85,34.34,14.01,25.49,17.34,70.6,77.65,30.18,2,2448/2693,Erebidae,"""Ophiusa disjungens (Walker, 1858)""","""Vietnam, Da Nang, BaNa, III-2014, Vo Van Nhon leg."""
ZC001,46.300,0.95,2.27,5.89,2.60,10.04,1.78,34.61,17.62,35.78,17.24,58.00,71.82,16.89,5,2306/3076/3836/3837/7574,Erebidae,"""Epicopeia hainesii Holland, 1889""","""Japan, Nagana, 15-VI-2010, Vietnam, Lao Cai, Mt. Sapa, 1800 m, VI-2014, VI-2015, Hà Giang, VII-2020, Dang N.V. leg."""
ZC002,69.29,0.93,2.36,6.49,3.57,12.1,2.41,39.23,17.48,36.24,15.9,61.96,82.03,19.52,1,6794,Epicopeiidae,"""Epicopeia mencia Moore, 1875""","""P.R. China, Zhejiang, Hangzhou, 18-VIII-1988, J. Modolell leg."""
ZC003,312.708,1.37,3.70,10.65,6.43,14.05,4.11,61.39,26.27,55.7,21.45,101.29,129.22,26.08,2,912/3843,Epicopeiidae,"""Epicopeia polydora Westwood, 1841""","""Vietnam, Ha Giang, VII-2011, Lao Cai, Sapa mt., 1600 m, VIII-2015"""
ZC004,43.85,1.03,2.04,4.89,2.4,11.03,1.89,27.68,12.98,22.95,12.58,52.18,57.76,16.95,1,2314,Epicopeiidae,"""Nossa nelcinna (Moore, 1874)""","""Russia, Khabarovsk region near Komsomolsk-on-Amur, A. Kapkaev leg."""
ZC005,16.777,0.86,1.91,3.86,1.56,8.80,1.45,21.06,11.35,18.11,11.41,37.69,43.68,13.52,3,3529/3833/3834,Epicopeiidae,"""Psychostrophia nymphidiaria (Oberthür, 1839)""","""Vietnam, Lao Cai, Mt. Sapa, 1800 m, IX-2014, 1600 m, VIII-2015, T. Le Luong leg."""
ZC006,42.85,1.65,3.48,6.01,3.63,10.96,2.76,27.61,14.79,28.04,14.37,47.12,58.86,18.63,1,6838,Epicopeiidae,"""Homidiana subpicta (Walker, 1854)""","""Mexico, San Luis Potosí, 2-VIII-2018, H. Beutel col."""
ZC007,136.70,1.85,4.22,8.53,4.59,13.27,1.75,47.11,24.33,62.79,21.19,77.23,98.81,23.65,1,996,Sematuridae,"""Sematura empedocles Cramer, 1782""","""Ecuador, Macas, Sucula, 800 m (MNCN)"""
ZC008,117.44,2.17,4.37,8.71,5.11,10.99,3.27,43.23,20.98,60.81,20.74,75.81,91.57,21.87,1,6192,Sematuridae,"""Sematura lunus (L., 1758)""","""French Guiana, Sant Laurent du Maroni, VIII-2018"""
ZD001,9.91,0.45,1.71,3.15,1.20,7.16,1.07,19.75,10.88,15.01,8.62,34.96,40.70,10.76,1,6995,Sematuridae,"""Acropteris sp.""","""Philippines, Palawan, Roxas, Magara, VII-2019, N. Layron leg."""
ZD002,6.13,0.28,1.59,2.45,1.67,6.44,1.1,16.52,8.83,12.81,8.73,27.48,34.71,9.17,1,4493,Uraniidae,"""Acropteris iphiata (Guenée, 1857)""","""Russia, Primorski krai, Ussuriysky distr., Gornotayezhnaya, 17-VII-2015, V. Golovizin leg."""
ZD003,52.285,1.34,2.45,5.83,3.17,9.92,1.97,34.89,19.87,33.23,18.1,63.31,72.95,17.09,1,217,Uraniidae,"""Dissoprumna sp. / Micronia sp. (?)""","""No label data"""
ZD004,50.467,0.84,2.37,4.70,2.98,9.70,2.33,30.20,18.75,27.41,15.42,52.53,63.40,15.24,4,2073/2960/2961/2962,Uraniidae,"""Urapteroides astheniata (Guenée, 1857)""","""Malaysia, Perak, Tapah Hills, II-2011, Indonesia, S. Sumatra, Mt. Dempo, V/VI-2013"""
ZD005,2.34,0.16,1.18,2.25,1.5,3.44,0.72,9.17,4.8,7.43,4.58,17.38,19.84,5.85,1,3044,Uraniidae,"""Dysaethria sp.""","""Malaysia, Pahang, Genting Highlands, 1700 m, 1-V-2014"""
ZD006,6.31,0.64,1.44,2.49,2.28,4.88,1.38,13.51,7.07,10.73,6.19,26.42,29.3,8.01,1,2262,Uraniidae,"""Epiplema cf. himala""","""Vietnam, Da Nang prov., Ba Na Mt., 1450 m, VII-2013"""
ZD007,7.465,0.51,1.65,2.8,1.55,4.97,1.24,12.39,5.5,9.49,6.15,21.83,26.33,8.28,1,3049,Uraniidae,"""Epiplema quadricaudata Walker, 1861""","""Malaysia, Pahang, Genting Highlands, 1700 m, V-2014"""
ZD008,2.33,0.73,1.52,2.08,1.29,3.63,0.54,10.48,4.56,7.75,4.43,18.91,22.25,6.44,1,2987,Uraniidae,"""Epipleminae indet. (Epiplema?)""","""Indonesia, S. Sumatra, Mt. Dempo, 26-VI-2013"""
ZD009,299.230,1.33,3.25,9.20,4.39,15.96,3.74,53.23,28.45,57.15,31.57,81.73,110.86,26.50,2,303/767,Uraniidae,"""Chrysiridia rhipheus (Drury, 1773)""","""Madagascar, Toamasina, Moramanga"""
ZD010,550.67,1.72,5.71,14.07,9.66,20.17,5.12,71.87,42.41,71.72,39.69,118.90,153.40,35.96,1,2227,Uraniidae,"""Lyssa menoetius (Hopffer, 1856)""","""Malaysia, Fraser's Hill, X-2012"""
ZD011,457.376,2.65,7.14,13.93,8.21,26.18,3.85,64.12,39.12,72.99,37.85,116.38,136.45,42.77,2,2201/2255,Uraniidae,"""Lyssa sp. A""","""Indonesia, N-Halmahera, Mt. Gamkonora, X-2012"""
ZD012,36.89,1.32,2.56,5.45,2.76,10.09,1.91,25.66,13.95,24.07,13.43,47.73,54.08,16.84,1,2226,Uraniidae,"""Cyphura caudiferaria (Boisduval, 1832)""","""Indonesia, Papua, Mapi, VII-2006"""
ZD013,363.15,2.05,5.07,12.12,6.03,16.63,6.83,53.67,29.26,49.52,29.64,98.38,113.37,30.8,1,2105,Uraniidae,"""Alcides orontes (L., 1763)""","""Indonesia, Seram, III-2013"""
ZD014,90.42,1.72,4.21,9.24,5.32,10.99,3.99,38.66,16.24,50.61,16.3,69.22,82.64,21.95,1,2253,Uraniidae,"""Urania boisduvali Guérin, 1829""","""Cuba, Viñales, 10-VII-1999, M.L. Munguira leg."""
ZD015,143.481,2.05,4.28,8.81,6.69,12.61,4.36,44.80,20.22,55.58,19.06,70.71,96.30,23.47,1,209,Uraniidae,"""Urania leilus (L., 1758)""","""Ecuador, Panki-Morona, Sevilla, no date (1990-1995)"""
ZD016,54.62,1.14,4.11,7.88,4.52,10.86,1.97,36.2,15.54,46.02,13.59,66.62,76.9,19.88,1,2170,Uraniidae,"""Urania fulgens Walker, 1854""","""(Central America), no label data"""
ZE001,28.948,1.48,2.54,4.51,2.37,11.35,2.48,22.72,11.01,16.93,10.98,42.57,47.82,17.35,2,4524/4525,Uraniidae,"""Formiana maenades Druce, 1885""","""Bolivia, Nord Yungas, 1000-1800 m, XI-2010"""
ZE002,29.539,0.93,1.99,4.19,2.29,8.16,2.11,22.47,11.09,16.45,10.43,40.69,47.23,13.30,5,2149-2153,Geometridae,"""Xanthyris flaveolata (L., 1758)""","""Peru, Tingo María, St-Gaetan, IV-2012"""
ZE003,10.908,0.81,1.78,3.55,2.25,8.87,1.53,16.42,7.77,12.53,8.88,30.33,35.11,13.23,2,178/5550,Geometridae,"""Rhodostrophia calabra (Petagna, 1786)""","""Spain, Guadalajara, Durón, 10-VI-2012, Madrid, no loc., V/VI-2001"""
ZE004,11.662,0.72,1.81,3.49,2.30,8.65,1.57,16.21,7.39,13.16,8.77,29.10,34.73,12.86,2,179/753,Geometridae,"""Rhodostrophia pudorata (Fabricius, 1794)""","""Spain, Guadalajara, Durón, 10-VI-2012"""
ZE005,3.83,0.47,1.27,2.47,1.79,4.28,1.10,11.22,5.46,7.37,4.88,21.79,24.23,7.23,1,6883,Geometridae,"""Idaea degeneraria (Hübner, 1899)""","""Spain, Guadalajara, Durón, 8-VI-2019, E.G.B. leg."""
ZE006,3.148,0.57,1.23,2.36,1.51,6.03,1.14,13.05,6.74,10.43,6.71,21.65,27.62,8.97,3,6146/6147/6148,Geometridae,"""Idaea macilentaria (Herrich-Schäffer, 1847)""","""Spain, Madrid, Rascafría, 26-VI-2018, E.G.B. leg."""
ZE007,1.529,0.44,0.94,1.87,1.34,3.18,0.93,7.73,3.61,5.49,3.96,14.51,16.80,5.50,3,1128/2703/2877,Geometridae,"""Idaea mustelata (Gumppenberg, 1892)""","""Spain, Guadalajara, Durón, 13-VII-2014"""
ZE008,3.716,0.59,1.20,2.05,1.45,5.39,1.12,11.79,5.75,8.97,5.86,21.48,25.04,8.04,5,2461/2462/6082-6084,Geometridae,"""Idaea ochrata (Scopoli, 1763)""","""Spain, Madrid, Cantoblanco, 5-VI-2014, Alcobendas, 6-VI-2018, E.G.B. leg."""
ZE009,2.763,0.34,1.29,2.34,1.52,4.42,1.16,10.51,5.40,7.59,5.64,20.32,22.54,7.12,4,2511/6880-6882,Geometridae,"""Idaea ostrinaria (Hübner, 1813)""","""Spain, Guadalajara, Durón, 1-VI-2014, 8-VI-2019, E.G.B. leg."""
ZE010,1.409,0.53,0.99,1.59,1.31,6.92,0.79,7.35,3.01,5.36,2.84,12.13,16.01,9.01,1,40,Geometridae,"""Idaea sp. B""","""Spain, Madrid, Ciempozuelos, 2004"""
ZE011,2.232,0.49,1.13,2.23,1.51,4.67,0.99,10.14,4.33,7.63,4.89,18.66,21.80,7.39,2,136/728,Geometridae,"""Idaea sp. A (cf. I. bigladiata)""","""Spain, Guadalajara, Durón, 27-V-2012"""
ZE012,1.513,0.47,1.12,1.42,1.21,3.52,0.64,6.82,3.35,4.88,3.50,12.66,14.85,5.42,3,3789-3791,Geometridae,"""Idaea sp. D (cf. incisaria)""","""Spain, Alicante, 5 m, 18-VIII-2015"""
ZE013,5.509,0.57,1.62,2.74,1.83,5.21,1.11,12.30,6.21,9.40,7.05,22.18,26.44,8.52,3,2505/6289/6301,Geometridae,"""Scopula decorata (D. & Schiff., 1775)""","""Spain, Guadalajara, Durón, 1-VI-2014, prov. Madrid (?), no date (1980-1990)"""
ZE014,5.679,0.56,1.48,2.65,1.86,6.12,1.15,12.90,6.67,9.91,6.90,23.29,27.67,9.34,3,2506/2507/5372,Geometridae,"""Scopula marginepunctata (Goeze, 1781)""","""Spain, Guadalajara, Durón, 1-VI-2014, 23-IX-2017, E.G.B. leg."""
ZE015,15.76,0.88,2.21,4.75,2.60,8.79,1.76,17.73,8.71,12.59,8.21,33.95,38.07,14.42,1,900,Geometridae,"""Problepsis achylobathra""","""Malaysia, Fraser's Hill, XII-2011"""
ZE016,10.009,0.89,1.97,3.97,1.92,6.15,1.49,13.82,6.67,10.21,6.99,25.07,29.56,11.02,2,5896/5897,Geometridae,"""Somatina transvehens Prout, 1918""","""Thailand, Pattaya, Koh-Larn ist., 2-XII-2016, 2-XII-2016, V. Golovizin leg."""
ZE017,1.730,0.42,1.1,1.74,1.44,3.77,1.09,9.21,4.19,6.87,4.12,16.52,19.87,5.94,2,5146/5174,Geometridae,"""Anthometra plumularia Boisduval, 1840""","""Spain, Madrid, Miraflores, La Morcuera, 1775 m, 13-VII-2017, E.G.B. leg."""
ZE018,6.85,0.48,1.27,3.22,2.12,4.73,1.49,9.65,4.98,7.37,4.87,17.26,21.43,8.44,1,987,Geometridae,"""Cinglis andalusiaria Wagner, 1935""","""Spain, Madrid, Ciempozuelos, 1993"""
ZE019,2.762,0.48,1.19,1.94,1.37,4.13,0.88,9.57,4.99,7.70,5.10,17.36,20.52,6.56,3,2491/3168/6287,Geometridae,"""Oar reaumuraria (Milliére, 1864)""","""Spain, Alicante, IV-2014, 3-I-2015, Elx-El Altet, 11-XI-2018, E.G.B. leg."""
ZE020,3.784,0.75,1.42,2.26,1.76,4.74,0.97,11.49,5.03,8.83,4.95,20.49,24.75,7.76,5,42/667/5367/5368/5369,Geometridae,"""Rhodometra sacraria (L., 1767)""","""Spain, Madrid, Ciempozuelos, 2004, Valdelatas, 26-IX-2017, E.G.B. leg."""
ZE021,2.946,0.62,1.31,2.37,1.44,3.72,0.86,9.82,4.51,7.78,4.73,19.03,21.09,6.72,2,5547/5582,Geometridae,"""Casilda consecraria (Staudinger, 1871)""","""Spain, Madrid, Ciempozuelos, 26-IV-2001, G.E. King leg."""
ZE022,6.65,0.45,1.41,2.61,2.12,5.06,1.31,13.14,6.86,10.59,7.45,25.91,28.4,8.11,1,3654,Geometridae,"""Lythria purpuraria (L., 1758)""","""Spain, Guadalajara, Durón, 4-VII-2015"""
ZE024,4.097,0.71,1.71,2.40,1.60,5.73,1.56,13.59,7.49,8.23,4.13,23.22,28.78,8.85,3,4378/4379/4437,Geometridae,"""Dyspteris abortivaria (Herrich-Schäffer, 1858)""","""U.S.A., Louisiana, St. Tammany Parish, 5-IV-2014, V.A. Brou leg."""
ZE025,9.84,0.98,2.16,3.61,1.74,5.58,1.72,16.67,9.31,12.17,6.06,26.34,35.09,10.18,1,6948,Geometridae,"""Tyloptera bella (Butler, 1878)""","""Russia, PrimoryeUssuriisk distr., Krounovka vill., 8/10-VII-2015, A.V. Korshunov leg."""
ZE026,7.133,0.72,1.68,2.46,2.44,7.74,1.36,16.42,7.49,12.32,6.52,30.20,35.29,10.92,2,4236/4237,Geometridae,"""Chesias isabella Schawerda, 1915""","""Spain, Madrid, Lozoyuela, 960 m, 23-III-2001, L. Romera leg."""
ZE027,8.464,1.06,1.93,3.25,2.69,10.51,1.56,18.88,8.48,14.99,7.45,36.15,40.46,14.83,2,4228/4229,Geometridae,"""Chesias legatella (D. & Schiff., 1775)""","""Spain, Madrid, Miraflores, 20/23-X-1998, L. Romera leg."""
ZE028,6.446,0.79,1.66,3.18,2.19,7.36,1.35,16.39,8.02,12.67,6.77,30.86,34.97,11.34,2,6046/6058,Geometridae,"""Chesias rufata (Fabricius, 1775)""","""Spain, Guadalajara, Durón, 730 m, 2-VI-2018, E.G.B. leg."""
ZE029,4.255,0.63,1.4,2.33,1.44,5.67,0.88,13.49,7.25,11.36,6.50,24.97,28.42,8.64,2,4964/4965,Geometridae,"""Odezia atrata (L., 1758)""","""Spain, Cáceres, Guadalupe, 1000 m., 25-V-2017, E.G.B. leg."""
ZE030,102.365,1.68,3.13,8.26,4.66,15.06,3.67,36.46,18.41,26.97,18.23,68.78,77.59,25.01,2,2147/2148,Geometridae,"""Graphidipus flaviceps Felder, 1875""","""Ecuador, Oriente, Azuay, 2008"""
ZE031,3.095,0.43,1.19,2.26,1.36,4.89,0.68,11.28,5.75,8.58,4.77,21.75,23.92,7.55,1,2738,Geometridae,"""Trichodezia albovittata (Guenée, 1858)""","""Canada, Alberta, Mt. Hamell, 2123 m, 23-VII-2013, P. Jakubek leg."""
ZE032,2.08,0.55,1.09,1.82,1.27,2.94,0.71,9.12,4.31,6.43,3.62,16.36,19.51,5.31,1,5311,Geometridae,"""Perizoma bifaciata (Haworth, 1809)""","""Spain, Guadalajara, Durón, 725 m, 16-IX-2017, E.G.B. leg."""
ZE033,5.83,0.61,1.59,2.66,2.04,4.67,0.94,12.09,6.68,9.25,6.44,22.97,26.22,7.94,1,5253,Geometridae,"""Perizoma sagittata (Fabricius, 1787)""","""Russia, Primorsky krai, Khasanski distr., Andreevka, 7-VIII-2017, V. Golovizin leg."""
ZE034,4.205,0.46,1.39,2.22,1.55,3.36,1.04,10.85,4.52,7.36,4.48,20.62,23.26,6.05,2,4125/4363,Geometridae,"""Eupithecia centaureata (D. & Schiff., 1775)""","""Spain, Guadalajara, Durón, 725 m, 30-IV-2016, IX-2016, E.G.B. leg."""
ZE035,2.457,0.74,1.36,2.50,1.78,4.46,1.2,11.04,5.51,8.4,5.35,20.91,23.86,7.70,2,2870/6044,Geometridae,"""Eupithecia sp. A""","""Spain, Guadalajara, Durón, 1-VI-2014, 2-VI-2018, E.G.B. leg."""
ZE036,2.099,0.54,1.16,2.03,1.45,3.83,0.83,9.77,4.54,6.44,3.97,18.58,21.00,6.41,6,4127-4129/4876/4880/4883,Geometridae,"""Eupithecia sp. B (cf. dodoneata)""","""Spain, Guadalajara, Durón, 725 m, 30-IV-2016, 15-IV-2017, E.G.B. leg."""
ZE037,1.45,0.45,1.27,1.73,1.61,3.66,0.84,9.02,3.89,5.91,3.49,15.56,19.61,5.84,1,2078,Geometridae,"""Eupithecia sp. cf. oxycedrata (Rambur, 1833)""","""Spain, Guadalajara, Durón, 21-IX-2013"""
ZE038,5.274,0.77,1.64,3.01,2.17,5.17,1.15,12.06,5.81,8.43,5.63,21.68,26.29,8.96,2,4222/4223,Geometridae,"""Eupithecia venosata (Fabricius, 1787)""","""Spain, Madrid, Miraflores, VI-2000, L. Romera leg., Guadalajara, Durón, V-2015"""
ZE039,1.379,0.55,1.13,1.95,1.21,3.38,0.77,7.17,3.08,5.18,3.05,13.98,15.55,5.89,3,7707/7708/7714,Geometridae,"""Gymnoscelis rufifasciata (Haworth, 1809)""","""Spain, Tenerife, Santa Cruz de Tenerife, 23-II-2011, 29-VI-2012, C. Gómez de Aizpurua leg."""
ZE040,1.98,0.65,1.22,1.78,1.33,4.37,0.68,8.12,3.27,5.34,2.58,16.3,17.57,6.82,1,3186,Geometridae,"""Gymnoscelis sp.""","""Malaysia, Pahang, Genting Highlands, 1700 m, 1-V-2014"""
ZE041,38.855,0.82,2.94,5.49,3.72,9.61,2.14,22.94,10.40,18.12,11.63,45.31,49.60,15.92,2,4161/4162,Geometridae,"""Doratoptera sp. (cf. nicevillei)""","""Vietnam, Lam Dong, Bidoup Nui Ba Natl. Pk., 8/11-III-2016, V. Van Nhon leg."""
ZE042,12.95,1.14,1.98,3.48,3.18,6.73,1.9,21.71,10.79,17.14,11.27,41.91,46.6,11.35,1,2093,Geometridae,"""Epirrita sp. (cf. dilutata / christi)""","""Spain, Guadalajara, Durón, 10-XI-2013"""
ZE043,5.829,0.59,1.67,2.47,2.29,6.44,1.82,16.97,9.05,14.00,7.98,30.68,36.23,9.51,2,4230/4231,Geometridae,"""Operophtera brumata (L., 1758)""","""Spain, Madrid, Miraflores,12-XII-1998, L. Romera leg."""
ZE044,15.71,1.15,1.79,4.56,1.93,7.53,1.28,20.1,9.53,15.1,10.37,36.87,42.13,13.19,1,2433,Geometridae,"""Callygris compositata (Guenée, 1857)""","""China, Guangxi Zhuang, 2012"""
ZE045,5.86,0.78,1.72,2.43,1.83,7.34,1.04,14.63,6.65,11.6,7.32,25.79,31.09,10.55,1,6799,Geometridae,"""Chloroclysta siterata (Hufnagel, 1767)""","""Spain, Guadalajara, Durón, 730 m., 23-III-2019, E.G.B. leg."""
ZE046,5.86,0.68,1.54,2.3,1.89,5.67,1.16,13.45,7.39,9.05,5.43,24.43,28.79,8.65,1,4126,Geometridae,"""Colostygia multistrigaria (Haworth, 1809)""","""Spain, Guadalajara, Durón, 725 m, 30-IV-2016, E.G.B. leg."""
ZE047,20.59,1.54,2.77,5.35,3.16,8.57,2.18,20.2,9.54,14.58,10.33,40.31,43.56,15.42,1,5720,Geometridae,"""Ecliptopera rectilinea Warren, 1894""","""Indonesia, W. Kalimantan, Mt. Bawang (00°53.5'N, 109°22.2E), 245 m, VIII-2017"""
ZE048,10.16,0.95,1.77,3.3,2.23,5.27,1.12,15.52,7.63,12.81,7.32,32.04,33.27,9.52,1,2434,Geometridae,"""Ecliptopera sp.""","""China, Guangxi Zhuang, 2012"""
ZE049,2.76,0.37,1.31,2.97,2.12,4.09,1.32,11.72,5.32,7.38,4.76,20.49,25.56,7.43,1,2079,Geometridae,"""Scotopteryx chenopodiata (L., 1758)""","""Spain, Guadalajara, Durón, 21-IX-2013"""
ZE050,15.813,1.10,2.31,3.61,2.5,7.92,1.83,18.53,9.74,15.02,9.06,32.37,39.57,12.64,2,6297/6298,Geometridae,"""Scotopteryx coelinaria (de Graslin, 1863)""","""Spain, prov. Madrid (?), no date (1980-1990)"""
ZE051,6.342,0.86,2.10,3.25,2.77,7.08,1.29,17.79,8.88,14.61,8.64,30.75,38.35,11.19,3,5389/5401/6277,Geometridae,"""Scotopteryx perilobata (Hübner, 1817)""","""Spain, Guadalajara, Durón, 730 m, 7-X-2017, 30-IX-2018, E.G.B. leg."""
ZE052,6.866,0.84,1.62,2.74,1.80,5.78,1.35,12.93,7.60,10.54,6.80,23.18,27.68,9.37,6,4968/2504/4969-4971/6290,Geometridae,"""Camptogramma bilineatum (L., 1758)""","""Spain, Cáceres, Guadalupe, 1000 m., 25-V-2017, E.G.B. leg., Guadalajara, Durón, 1-VI-2014, E.G.B. leg., prov. Madrid (?), no date (1980-1990)"""
ZE053,3.76,0.83,1.39,2.48,1.98,5.46,1.13,12.61,6.18,10.09,5.81,23.36,27.21,8.77,1,6123,Geometridae,"""Xanthorhoe quadrifascia (Clerk, 1759)""","""Spain, Guadalajara, Durón, 730 m, 7-X-2017, E.G.B. leg."""
ZE054,6.11,0.80,1.37,2.45,1.61,5.88,1.08,13.62,7.51,10.54,6.78,25.81,28.85,9.13,1,4124,Geometridae,"""Xanthorhoe fluctuata (L., 1758)""","""Spain, Guadalajara, Durón, 725 m, 30-IV-2016, E.G.B. leg."""
ZE055,3.76,0.83,1.39,2.48,1.98,5.46,1.13,12.61,6.18,10.09,5.81,23.36,27.22,8.77,1,6123,Geometridae,"""Xanthorhoe quadrifasiata (Clerk, 1759)""","""Spain, Guadalajara, Durón, 730 m, 7-X-2017, E.G.B. leg."""
ZE056,4.903,0.51,1.28,2.14,1.48,4.57,0.86,10.89,5.56,7.87,4.93,19.94,23.27,7.23,2,4877/6045,Geometridae,"""Cataclysme uniformata (Bellier, 1862)""","""Spain, Guadalajara, Durón, 15-IV-2014,  2-VI-2018, E.G.B. leg."""
ZE057,3.104,0.65,1.28,2.23,1.69,4.07,1.14,9.21,3.49,7.20,3.98,23.86,20.13,6.95,3,2906/2907/5387,Geometridae,"""Antilurga alhambrata (Staudinger, 1859)""","""Spain, Guadalajara, Durón, 11-X-2014"""
ZE058,22.400,0.93,1.80,4.17,2.28,6.20,2.04,18.86,11.17,21.15,6.29,31.12,40.01,11.31,2,2106/7334,Geometridae,"""Erateina garrulata Felder, 1875""","""Peru, Upper Valle Huallaga, XII-2006, Satipo, X-2018"""
ZE059,18.78,0.93,1.46,2.81,1.96,6.52,1.62,18.73,10.65,27.57,8.68,30.09,39.42,10.26,1,2509,Geometridae,"""Erateina sp. (cf. Leptograta Guenée, 1858)""","""Costa Rica, San Vito, 1300 m., III-2014"""
ZE060,6.488,0.69,1.60,2.84,1.67,5.38,1.00,15.02,8.21,11.84,7.09,27.62,31.71,8.93,4,6944/6945/6109/6161,Geometridae,"""Stamnodes danilovi (Erschov, 1877)""","""Russia, Altai Mts., Ongudaisky distr., 5 km SE Ongudai vill., 860m, 50°44'5.88''N, 56°13'7.08''E, 25/26-VI-2015, S.A. Knyazev leg."""
ZE062,11.544,0.85,1.40,3.27,1.73,6.93,1.46,15.59,9.06,12.96,8.88,28.75,32.92,11.06,5,7178/7179/7180-7182,Geometridae,"""Heterusia atalantata (Guenée, 1858)""","""Mexico, Jalisco, Tuxcacuesco, 800 m, 29-VI-2019"""
ZE063,17.54,0.62,1.55,3.14,3.07,7.40,2.14,16.29,6.99,13.86,10.24,32.32,35.65,11.16,1,4057,Geometridae,"""Archiearis notha (Hübner, 1803)""","""Russia, Primorsky krai, Skotovski distr., Anisimovka, 25-IV-2015, V. Golovizin leg."""
ZE064,19.24,0.87,1.68,4.51,2.40,9.03,1.44,17.40,7.61,14.06,8.56,31.97,36.40,14.41,1,4492,Geometridae,"""Archiearis parthenias (L. 1761)""","""Russia, Primorski krai, Skotovski distr., Anisimovka, 20-IV-2016, V. Golovizin leg."""
ZE065,49.59,1.06,3.13,6.64,3.74,15.47,1.83,33.06,13.66,25.65,15.27,60.87,69.86,23.17,1,2157,Geometridae,"""Celerena signata Warren, 1898""","""Philippines, Palawan, Brooke's Point, IV-2011"""
ZF001,73.516,1.24,2.73,5.94,3.86,17.06,2.87,37.25,18.27,29.79,18.53,69.82,78.37,24.24,2,3883/3884,Geometridae,"""Abraxaphantes perampla Swinhoe, 1894""","""Vietnam, Binh Thuân, Hàm Thuân, X-2015, Mr. Van leg."""
ZF002,9.78,0.84,2.29,3.93,2.10,5.71,1.05,15.50,6.72,11.15,6.90,28.29,33.11,10.50,1,5640,Geometridae,"""Achrosis selinae Beck & Karsch, 2008""","""Philippines, Mindanao, South Cotabato, Mt. Matutum, VI-2017"""
ZF003,37.75,1.54,2.87,5.50,3.62,9.18,2.81,18.59,8.95,14.19,9.97,34.66,40.82,16.23,1,5231,Geometridae,"""Chorodnes rothi Warren, 1897""","""D.R. Congo, Beni Nord-Kivu, II-2011"""
ZF004,6.74,0.42,1.6,2.98,2.08,6.34,1.13,14.17,7.40,10.46,7.32,25.15,30.42,9.74,1,6427,Geometridae,"""Ereunetea sp.""","""Madagascar, prov. Toamasina, Moramanga distr., Andasibe com., 4-XI-2018, V. Golovizin leg."""
ZF005,24.720,1.08,2.46,4.63,3.08,7.09,1.82,21.11,9.75,14.37,9.53,40.64,45.31,12.80,2,5750/6959,Geometridae,"""Eubordeta eichhorni Rothschild, 1904""","""Indonesia, Papua, Weyland mts., IV-2016, Arfak, Irian Jaya, V-2013"""
ZF006,37.791,1.08,2.72,5.60,3.24,9.79,2.13,22.90,11.09,17.52,10.16,43.34,49.05,16.48,2,5829/6684,Geometridae,"""Genussa sp. (famulata / vicina)""","""Ecuador, río Napo, X-2012, Loreto, Maynas, Punchacu, Picuroyacu, II-2017"""
ZF007,58.65,1.57,3.15,5.56,4.08,11.54,3.54,27.34,11.82,19.88,11.4,52.50,58.76,18.67,1,3245,Geometridae,"""Lobocraspeda coeruleostriga Warren, 1897""","""Indonesia, W. Papua, Wamerek, Kulugima, 1600 m, 15-17-V-2014"""
ZF008,31.07,1.06,2.76,5.59,2.63,19.35,2.30,31.67,13.08,24.99,14.45,56.95,65.97,26.01,1,4544,Geometridae,"""Obeidia gigantearia (Leech, 1897)""","""P.R. China, Tibet, Motuo county, 5 km S Hanmi, 2000 m, VIII-2015"""
ZF009,42.386,1.21,2.39,6.41,2.57,18.78,2.31,30.2,12.93,24.64,14.17,58.13,62.97,26.41,2,3987/3988,Geometridae,"""Obeidia sp. cf. gigantearia Leech, 1897""","""Vietnam, Kon Tum, Ngoc Linh, VI-2015"""
ZF010,50.701,1.62,2.92,4.82,4.07,14.78,1.97,30.75,13.08,21.90,15.02,59.13,65.58,21.23,2,3110/3147,Geometridae,"""Percnia sp. (cf. belluaria)""","""Vietnam, Lao Cai, Sapa, 2014"""
ZF011,80.69,0.89,3.34,7.48,4.34,13.70,2.33,32.70,15.75,24.62,17.04,59.93,69.75,22.08,1,4560,Geometridae,"""Percnia sp. (cf. foraria)""","""P.R. China, Tibet, Motuo county, 5 km S Hanmi, 2000 m, VIII-2015"""
ZF012,65.404,1.08,3.42,7.23,4.76,11.04,3.97,22.67,9.93,15.06,10.61,44.72,50.11,19.35,2,5510/5675,Geometridae,"""Plegapteryx sp. (cf. anomalus Herrich-Schäffer, 1865)""","""Cameroun, Buea, 2015"""
ZF013,49.82,1.18,2.72,6.27,3.5,11.73,2.87,27.11,14.66,22.16,14.51,48.22,57.72,19.18,1,5466,Geometridae,"""Rhodophthitus tricoloraria (Mabille, 1890)""","""D.R. Congo, Biakato Ituri, IX-2012"""
ZF014,16.48,0.90,2.33,4.65,2.19,6.36,1.53,22.46,11.26,16.87,12.55,36.93,47.11,11.92,1,4553,Geometridae,"""Tanaoctenia sp. (haliaria/dehaliaria)""","""P.R. China, Tibet, Motuo county, 5 km S Hanmi, 2000 m, VIII-2015"""
ZF015,18.83,0.94,1.53,3.6,1.82,7.94,1.47,19.31,9.76,14.48,9.83,35.82,40.44,12.48,1,5462,Geometridae,"""Terina doleris (Plötz, 1880)""","""D.R. Congo, Biakato Ituri, IX-2012"""
ZF016,45.316,1.73,3.33,6.60,4.19,11.59,2.86,30.24,14.42,23.41,13.90,56.45,64.68,19.93,2,4405/4406,Geometridae,"""Vindusara moorei (Tierry-Mieg, 1899)""","""Vietnam, Thua Thien Hue, Bach Ma Mt., 1400 m, I-2016"""
ZF017,4.77,0.55,1.22,2.28,1.62,3.09,1.40,8.06,3.11,6.89,2.87,18.16,17.75,5.92,1,7369,Geometridae,"""Cheimoptena pennigera Danilevsky, 1969""","""Kazakhstan, S. Kazakhstan Reg., near Bainokur Cosmodrome, 45°41'19.61''N, 63°30'4.89''E, 112 m., 17-I-2018"""
ZF018,24.418,1.27,2.53,6.03,2.92,17.43,2.34,27.35,10.19,23.21,11.43,53.32,57.62,24.73,2,5237/5238,Geometridae,"""Cystidia stratonice (Stoll, 1782)""","""Russia, Primorsky krai, Stokovsky distr., Anisimovka, V, Golovizin leg., 10-VII-2017"""
ZF019,14.99,1.06,2.22,4.06,2.25,8.36,1.41,16.8,7.63,12.68,8.56,30.86,35.8,13.42,1,1306,Geometridae,"""Vinemina opacaria (Hulst, 1881)""","""U.S.A., Arizona, Santa Croz Co., Ruby Mine, 19-VII-1996, W.F. Babcock col."""
ZF020,41.06,1.74,2.99,4.9,2.83,15.75,1.65,32.19,15.21,25.59,14.58,54.54,67.21,22.39,1,2072,Geometridae,"""Thinopteryx crocoptera Kollar, 1844""","""Malaysia, Fraser's Hill, 2007"""
ZF021,25.532,0.95,2.55,5.40,3.24,8.64,2.25,18.91,9.67,14.51,10.16,36.41,41.07,15.00,2,4824/4825,Geometridae,"""Acrosemia vulpecularia (Herrich-Schäffer, 1855)""","""Costa Rica, Heredia, río Guácimo, 18-IX-2015, V. Golovizin leg."""
ZF022,146.09,1.81,4.66,8.79,5.73,17.43,2.78,40.38,23.11,33.86,23.75,75.79,86.49,28.03,1,5828,Geometridae,"""Carpella miegii (Dognin, 1893)""","""Ecuador, Pastaza, Santa Clara, río Pituya?, II-2008"""
ZF023,32.177,0.63,2.31,5.01,3.81,5.65,2.49,15.46,7.14,12.38,8.62,31.52,34.75,11.30,3,36/664/985/986,Geometridae,"""Ennomos fuscantarius (Haworth, 1809)""","""Spain, Madrid, Cabanillas, VII-1998, 2002, L. Romera leg."""
ZF024,20.51,1.37,2.85,5.56,2.23,8.64,0.95,25.77,11.63,19.64,11.13,48.6,53.77,15.57,1,5593,Geometridae,"""Myrmecophantes sp. (cf. albifascia)""","""Peru, Amazonas, Rodríguez de Mendoza, 18-VII-1996"""
ZF025,45.564,2.03,2.90,6.02,3.08,10.71,2.64,25.55,11.68,19.81,11.21,50.23,54.18,18.78,3,2154/2155/2156,Geometridae,"""Pantherodes pardalaria Hübner, 1823""","""Peru, Tingo María, St Gaethan, VII-2011"""
ZF026,11.962,0.71,1.7,3.11,1.58,6.18,1.04,14.83,7.41,11.88,8.21,28.42,31.25,10.00,2,4522/4523,Geometridae,"""Sangalopsis sp.""","""Bolivia, Nord Yungas, 1000-1800 m, XI-2010"""
ZF027,46.21,1.15,3.05,6.69,3.68,11.16,1.84,25.56,12.15,22.26,14.03,45.06,54.83,19.02,1,6796,Geometridae,"""Sericoptera sp. (cf. mahometaria)""","""Venezuela, Aragua, P.N. Henri Pittier, 11-VI-1983, J. Modolell leg."""
ZF028,33.725,1.30,2.45,4.82,2.50,9.88,2.10,24.07,12.26,18.17,12.87,45.90,50.66,16.01,4,5754-5757,Geometridae,"""Siosta bifasciata (Latreille, 1817)""","""Peru, Piura, Tingo María, XII-2012"""
ZF029,22.87,1.14,2.47,5.16,2.55,8.56,1.57,19.45,9.84,14.91,10.11,36.75,41.45,14.82,1,3129,Geometridae,"""Eusarca nemora Druce, 1892""","""Peru, Dep. Amazonas, Montenegro, 800-1200 m, XI-2009"""
ZF030,41.06,1.15,1.99,6.65,2.84,11.29,1.39,24.58,12.42,25.48,12.52,46.18,52.03,19.09,1,2298,Geometridae,"""Ourapteryx sciticaudaria (Walker, 1862)""","""No data (Asia)"""
ZF031,44.75,1.23,2.73,5.28,2.71,12.17,1.51,29.15,15.35,29.04,17.29,52.30,61.02,18.69,1,4547,Geometridae,"""Ourapteryx sp. B (near taiwana)""","""P.R. China, Tibet, Motuo county, 5 km S Hanmi, 2000 m, VIII-2015"""
ZF032,57.455,1.47,3.50,7.45,3.59,13.82,1.78,34.37,18.05,33.63,18.37,60.48,72.33,22.76,3,4548/4549/4550,Geometridae,"""Ourapteryx sp. C""","""P.R. China, Tibet, Motuo county, 5 km S Hanmi, 2000 m, VIII-2015"""
ZF033,18.996,0.98,2.25,4.69,1.95,8.08,1.38,18.41,9.32,14.43,9.72,34.21,38.77,13.76,3,6679/6680/6681,Geometridae,"""Periclina sp.""","""Peru, Loreto, Maynas, Punchacu, Picuroyacu, II-2017"""
ZF034,21.77,0.89,2.07,4.86,1.83,9.01,1.43,20.37,9.85,15.07,8.32,37.88,42.57,14.76,1,2299,Geometridae,"""Phyle transglauca""","""Peru, Dep. Amazonas, Montenegur, 1000 m, XI-2009"""
ZF035,47.75,1.37,2.91,5.58,3.01,10.61,2.13,24.07,12.79,20.58,13.29,45.23,51.15,17.56,1,6649,Geometridae,"""Prochoerodes sp.""","""Peru, Loreto, Maynas, Punchacu, Picuroyacu, II-2017"""
ZF036,29.99,0.71,2.37,4.53,3.46,9.48,1.6,19.73,8.83,15.48,10.05,37.28,42.92,14.72,1,4683,Geometridae,"""Sabulodes niveostraiata (Cockerell, 1894)""","""U.S.A., Colorado. Rio Grande Co. (32°42'40,5''N, 106°38'35,3''W), 24-II-1996"""
ZF037,17.64,0.65,2.41,4.16,2.83,9.08,1.47,20.59,10.99,17.49,10.19,38.80,44.01,13.89,1,2680,Geometridae,"""Tristrophis sp.""","""Vietnam, Da Nang, Ba Na mt. 850 m, III-2014"""
ZF038,11.21,0.98,2.19,3.64,2.74,7.24,1.83,16.66,9.08,13.18,8.73,30.11,36.06,11.86,1,6865,Geometridae,"""Charissa (Kemtrognophos) predotae (Schawerda, 1929)""","""Spain, Guadalajara, Durón, 8-VI-2019, E.G.B. leg."""
ZF039,25.28,0.85,2.45,4.59,3.07,11.45,2.07,19.53,10.13,15.95,9.83,34.09,42.13,16.89,1,3127,Geometridae,"""Euchlaena amoenaria (Guenée, 1858)""","""U.S.A., Indiana, Harrison Co., Depauw, 24-V-2014"""
ZF040,4.663,0.71,1.53,2.68,1.75,5.85,1.49,11.40,5.57,9.92,6.36,21.70,24.57,9.25,2,7709/7715,Geometridae,"""Aspitates (Napuca) collinaria (Holt-White, 1894)""","""Spain, Tenerife, Santa Cruz de Tenerife, 1-I-2011, C. Gómez de Aizpurua leg."""
ZF041,9.582,0.78,1.80,3.21,2.26,8.17,1.44,16.52,8.17,14.00,8.69,29.97,35.30,12.17,6,4054-4056/7661/7664/7665,Geometridae,"""Aspitates (Napuca) ochrearia (Rossi, 1794)""","""Spain, Madrid, Cantoblanco, 29-III-2016, 21-IV-2021, E.G.B. leg."""
ZF042,43.372,0.59,2.39,5.23,4.30,8.50,2.68,17.68,9.49,15.08,10.08,35.89,39.66,14.33,4,4086/4115/4116/6048,Geometridae,"""Dyscia lentiscaria (Donzel, 1837)""","""Spain, Guadalajara, Durón, 2-IV-2016, 16-IV-2016, 2-VI-2018, E.G.B. leg."""
ZF043,8.57,0.70,1.45,2.81,1.83,4.83,1.46,11.68,6.56,10.25,6.96,21.76,25.21,8.35,1,7605,Geometridae,"""Glacies coracina (Esper, 1805)""","""Norway, Fokstumyra, Dovrefjell, 1003 m, (62 08,667 / 09 20,097), 28-VI-2008, A,J. Pickles leg."""
ZF044,4.044,0.70,1.68,3.40,2.04,5.14,0.71,14.74,7.42,11.25,7.09,25.39,31.52,9.25,2,39/666,Geometridae,"""Gnophos ambiguatus (Duponchel, 1830)""","""Spain, Madrid, Miraflores, V-1998"""
ZF045,29.549,1.00,2.44,4.56,3.03,12.24,2.45,21.14,10.87,18.28,12.02,38.73,45.33,17.82,2,7370/7449,Geometridae,"""Megaspilates mundataria (Stoll, 1782)""","""Kazakhstan, S. Kazakhstan Reg., Kyzylkum Desert near Tabak-Bulak vill., 42°27'24.7''N, 67°41'13.8''E, 217 m., 26/27-IV-2017"""
ZF046,16.2,1.25,2.49,3.6,2.64,9.81,2.35,21.96,10.48,17.05,11.49,39.04,46.56,14.61,1,4458,Geometridae,"""Onychora agaritharia (Dardoin, 1842)""","""Spain, Guadalajara, Durón, 730 m., 30-X-2016, E.G.B. leg."""
ZF047,20.399,0.96,2.08,4.18,2.46,10.97,2.12,21.88,10.93,18.62,11.66,38.89,46.23,16.12,2,6156/6157,Geometridae,"""Siona lineata (Scopoli, 1763)""","""Sweden, Öland, Vickleby, VII-2010, Spain, Madrid, Rascafría, 26-VI-2018, E.G.B. leg."""
ZF048,31.836,0.62,2.43,5.27,4.12,9.71,1.99,15.68,8.06,13.01,7.93,33.1,35.49,15.61,2,35/663,Geometridae,"""Crocallis albarracina Wehrli, 1944""","""Spain, Madrid, Miraflores, IX-1998, L. Romera leg."""
ZF049,4.836,0.63,1.62,2.94,2.28,6.70,1.37,17.66,8.22,13.59,8.53,30.24,37.6,10.28,2,4224/4225,Geometridae,"""Alsophila aceraria (D. & Schiff., 1775)""","""Spain, Madrid, Miraflores, 12-XII-1998, L. Romera leg."""
ZF050,8.236,0.67,1.80,2.91,2.34,6.35,1.74,17.61,7.78,13.26,8.24,32.26,37.57,9.93,2,4226/4227,Geometridae,"""Alsophila aescularia (D. & Schiff., 1775)""","""Spain, Madrid, Cabanillas de la Sierra, 14-III-1999, L. Romera leg."""
ZF051,65.184,1.24,2.63,6.64,4.38,7.93,3.95,19.30,7.35,14.38,7.51,39.79,42.98,15.81,1,7113,Geometridae,"""Apochima juglansiaria (Graeser, 1888)""","""Russia, Primorski Krai, Skotovski, Anisimovka, 9/20-IV-2015, V. Golovizin leg."""
ZF052,70.049,0.97,2.83,5.99,4.99,11.27,3.66,24.41,11.39,19.05,11.15,48.29,53.82,18.25,3,37/665/5548,Geometridae,"""Colotois pennaria (L., 1761)""","""Spain, Madrid, Cabanillas, V-1998, 10-XI-1998, J. Fernández leg."""
ZF053,12.997,0.77,2.15,3.85,3.08,8.76,1.97,18.89,7.38,15.08,9.06,36.00,40.86,13.39,3,622/623/5359,Geometridae,"""Compsoptera jourdanaria Serres, 1826""","""Spain, Guadalajara, Durón, X-2006, 23-IX-2017, E.G.B. leg."""
ZF054,5.553,0.58,1.40,2.88,1.87,6.37,1.16,12.36,5.46,10.36,6.27,22.92,26.61,9.83,3,620/629/5390,Geometridae,"""Petrophora convergata (de Villers, 1789)""","""Spain, Almería, Cabo de Gata, XI-2000, Guadalajara, Durón, 730 m, 7-X-2017, E.G.B. leg."""
ZF055,6.18,0.88,1.47,2.6,1.85,5.55,1.05,12.16,5.46,7.89,5.46,20.42,26.17,9.03,1,3203,Geometridae,"""Curbia martiata (Guenée, 1858)""","""Malaysia, Pahang, Genting Highlands, 1700 m, 1-V-2014"""
ZF056,4.01,0.48,1.46,1.88,1.57,3.8,0.99,10.62,5.38,8.24,5.46,21.07,22.81,6.16,1,2739,Geometridae,"""Lomographa bimaculata (Fabricius, 1775)""","""Spain, Madrid, VII-2014, H. Romo leg."""
ZF057,6.71,0.62,1.79,3.12,1.84,5.96,1.46,12.51,6.11,9.22,5.59,22.61,26.86,9.7,1,5712,Geometridae,"""Lomographa sp.""","""Indonesia, W. Kalimantan, Mt. Bawang (00°53.5'N, 109°22.2E), 245 m, VIII-2017"""
ZF058,20.69,1.33,2.19,4.22,2.77,8.14,1.3,21.97,9.63,16.29,10.56,41.56,46.71,13.69,1,2065,Geometridae,"""Plutodes costatus Butler, 1886""","""Malaysia, Perak, Tapah Hills, III-2009"""
ZF059,10.64,1.15,2.12,3.61,2.91,6.42,1.85,15.47,7.63,12.59,7.9,30.27,33.85,11.18,1,2338,Geometridae,"""Plutodes flavescens Butler, 1880""","""Vietnam, Di Linh mt., Lam Dong, 900 m, X-2013"""
ZF060,9.65,0.46,1.45,3.71,1.68,5.97,1.06,14.11,7.21,10.82,6.75,27.19,29.9,10.14,1,3005,Geometridae,"""Plutodes sp. (argentilauta / malaysiana)""","""Malaysia, Pahang, Genting Highlands, 1700 m, VII-2013"""
ZF061,6.435,0.72,1.58,2.97,1.83,5.95,0.79,13.13,6.86,10.16,6.71,24.52,28.09,9.64,1,3013,Geometridae,"""Plutodes sp. (cyclaria / evaginata)""","""Malaysia, Pahang, Genting Highlands, 1700 m, 19-IV-2013"""
ZF062,7.43,0.49,1.64,2.53,2.25,8.39,1.51,17.09,7.68,13.58,8.71,31.59,36.43,11.41,1,6105,Geometridae,"""Hypoxystis pluviaria (Fabricius, 1787)""","""Russia, Omsk reg., Krutinsky distr., 2 km N Kabanye, 18/19-V-2016, S.A. Knyazev leg."""
ZF063,9.288,0.84,1.79,3.05,2.30,8.46,1.62,16.71,7.96,14.03,8.53,31.97,35.73,12.35,2,6295/6296,Geometridae,"""Pseudopanthera macularia (L., 1758)""","""Spain, Ávila, Candeleda, 20-IV-1985, J.L. Viejo et al. leg."""
ZF064,20.88,1.27,2.51,3.37,3.01,8.24,2.39,16.86,7.45,12.75,7.6,34.44,36.73,12.88,1,3644,Geometridae,"""Capasa pyrrhularia (Guenée, 1857)""","""Vietnam, Lam Dong, Bao Lôc, V-2015, D.N. Van leg."""
ZF065,12.085,0.99,2.18,3.5,2.66,5.53,1.85,15.14,7.06,9.87,7.82,29.97,32.94,10.02,1,5015,Geometridae,"""Celenna festivaria (Fabricius, 1794)""","""Vietnam, Thua Thien Hue, Bach Ma Mt., 1400 m, XI-2016"""
ZF066,41.67,0.33,2.89,5.05,5.02,9.99,3.22,16.69,8.49,12.49,9.78,31.54,38.4,15.37,1,2769,Geometridae,"""Fascellina cerviniaria Snellen, 1881""","""Malaysia, Pahang, Brinchang, 1500m, III/IV-2014, A. Vishnyakov leg."""
ZF067,29.31,0.64,2.3,5.05,4.06,7.51,2.94,16.31,7.82,11.13,8.84,29.03,36.68,13.2,1,3079,Geometridae,"""Fascellina clausaria Walker, 1866""","""Vietnam, Quang Ngai, Mt. Bato, 950 m, IX-2014"""
ZF068,18.18,0.94,2.4,5.42,2.97,6.85,2.03,15.76,8.24,11.87,9.47,27.33,34.49,13.17,1,3087,Geometridae,"""Fascellina sp. A""","""Vietnam, Quang Ngai, Mt. Bato, 950 m, IX-2014"""
ZF069,25.874,1.06,2.35,5.27,3.68,6.52,3.09,16.76,7.55,11.29,8.88,29.42,37.22,12.86,3,4109/4110/4111,Geometridae,"""Fascellina sp. B""","""Vietnam, Kon Tum, Ngoc Linh, 1900 m, III-2016, L.T. Le leg."""
ZF070,16.607,0.95,2.32,4.32,3.58,6.37,2.43,14.81,6.77,11.12,7.96,30.31,33.21,11.65,2,4114/4181,Geometridae,"""Garaeus specularis (Moore, 1867)""","""Vietnam, Kon Tum, Ngoc Linh, 1900 m, III-2016, L.T. Le leg., Thua Tien Hue, Bach Ma Mt., 1400 m, IV-2016"""
ZF071,21.696,1.36,2.8,4.77,2.83,8.89,2.1,18.48,8.14,12.75,8.84,32.79,39.79,15.02,2,5707/5708,Geometridae,"""Hypochrosis pyrrhophaeata (Walker, 1862)""","""Indonesia, W. Kalimantan, Mt. Bawang (00°53.5'N, 109°22.2E), 245 m, VIII-2017"""
ZF072,21.38,1.42,2.97,4.47,3.55,10.79,1.58,20.66,10.35,14.15,10.03,38.1,44.87,16.68,1,5693,Geometridae,"""Omiza lycoraria (Guenée, 1857)""","""Indonesia, W. Kalimantan, Mt. Bawang (00°53.5'N, 109°22.2E), 245 m, VIII-2017"""
ZF073,7.703,1.19,1.75,2.95,2.2,7.8,1.53,17.02,7.08,13.37,9.07,32.73,36.24,11.94,2,6293/6294,Geometridae,"""Pachycnemia hippocastanaria (Hübner, 1799)""","""Spain, prov. Madrid (?), no date (1980-1990)"""
ZF074,21.89,1.44,1.90,4.97,2.72,9.25,2.44,20.10,8.96,15.28,8.65,40.65,42.94,15.67,1,7510,Geometridae,"""Pitthea sp. cf. fuliginosa""","""D.R. Congo, Nord-ViVu, MamoVe, IV-2014"""
ZF076,13.909,0.91,1.71,3.41,2.08,5.17,1.71,16.54,6.24,11.27,6.16,30.40,35.16,9.49,2,5478/5676,Geometridae,"""Pseudeuchromia maculifera (Felder & Rogenhofer, 1875)""","""Philippines, Mindanao, South Cotabato, Mt. Matutum, VI-2017"""
ZF077,37.719,0.98,2.72,4.62,3.47,11.40,2.00,27.36,12.03,19.33,12.74,50.72,58.21,17.02,2,5235/5403,Geometridae,"""Rhodophthitus myriostictus Prout, 1915""","""D.R. Congo, Beni Nord-Kivu, II-2011"""
ZF078,14.355,0.77,2.18,3.74,2.31,5.45,1.63,15.25,7.20,11.70,7.37,28.15,32.81,9.97,2,3084/3154,Geometridae,"""Sabaria sp. (=Achrosis sp.)""","""Vietnam, Quang Ngai, Mt. Bato, X-2014, 950 m, T. Le Luong leg."""
ZF079,47.13,0.96,2.76,5.15,3.16,10.04,2.63,17.96,8.36,10.81,7.77,31.51,39.08,16.15,1,5509,Geometridae,"""Sphingomima cinereomarginata (Holland, 1899)""","""Cameroun, Buea, 2015"""
ZF080,29.17,1.31,3.02,4.7,2.67,7.24,2.34,17.53,10.10,13.53,8.72,31.93,37.73,13.25,1,5710,Geometridae,"""Astygisa metaspila (Walker, 1864)""","""Indonesia, W. Kalimantan, Mt. Bawang (00°53.5'N, 109°22.2E), 245 m, VIII-2017"""
ZF081,7.51,0.63,1.51,2.64,1.78,5.56,1.34,12.74,6.73,9.97,6.77,24.15,27.26,8.83,1,6110,Geometridae,"""Cabera griseolimbata (Oberthür, 1879)""","""Russia, Primorye, Ussuriisk distr., Kamenushka, S.A. Knyazev leg., 22/25-VI-2016"""
ZF082,30.941,1.21,2.50,5.19,3.14,8.31,2.22,21.00,9.72,14.63,10.06,37.63,45.14,14.73,3,5256/5257/6678,Geometridae,"""Sphacelodes vulneraria (Hübner, 1823)""","""Costa Rica, Monteverde, Santa Clara, 8/9-X-2015, V. Golovizin leg., Peru, Loreto, Maynas, Punchacu, Picuroyacu, II-2017"""
ZF083,9.604,0.76,1.99,3.22,2.34,7.86,1.21,16.48,8.15,13.10,8.51,29.07,35.32,11.84,5,38/4122/4123/6049/6059,Geometridae,"""Adactylotis gesticularia (Hübner, 1817)""","""Spain, Madrid, Cotos de Monterrey, 1998, Guadalajara, Durón, 725 m, 30-IV-2016, 28-V-2018, E.G.B. leg."""
ZF084,9.802,1.03,2.24,4.26,2.36,7.26,1.03,18.09,8.86,13.78,8.71,32.21,38.55,12.56,3,4562/4563/4564,Geometridae,"""Alcis sp. (near medialbifera Inoue)""","""P.R. China, Tibet, Motuo county, 5 km S Hanmi, 2000 m, VIII-2015"""
ZF085,184.34,2.09,4.70,9.61,6.08,18.61,2.98,48.14,24.77,44.37,26.43,79.77,102.36,30.33,1,4860,Geometridae,"""Amblychia angeronaria (Guenée, 1858)""","""Vietnam, Kon Tum, Ngoc Hoi, V-2015, D.N. Van leg."""
ZF086,96.83,1.95,3.92,7.56,3.89,16.79,2.16,41.65,20.95,36.61,22.89,73.86,87.19,26.34,1,3882,Geometridae,"""Amblychia infoveata Prout, 1932""","""Vietnam, Lam Dong, Loc Bac, Bao Lam, VI-2015"""
ZF087,109.847,2.28,3.92,6.01,5.26,17.65,3.37,43.71,23.48,36.92,24.61,74.70,92.62,25.66,2,2685/3115,Geometridae,"""Amblychia sp.""","""Vietnam, Queng Ngai, Bato mt., IV-2014, Vietnam, Yen Bai, V-2014, X. Le Xuan leg."""
ZF088,46.551,1.45,3.09,5.76,3.50,15.37,2.51,30.41,14.82,23.87,15.51,54.99,64.34,22.59,4,3118/4539/4540/4541,Geometridae,"""Arichanna jaguararia (Guenée, 1858) (jaguarinaria Obth. ?)""","""P.R. China, Tibet, Motuo county, 5 km S Hanmi, 2000 m, VIII-2015, Vietnam, Thanh Hóa, V-2014, Le Xuan Xung leg."""
ZF089,37.62,1.75,3.70,6.52,3.16,13.07,1.44,27.45,14.08,21.54,14.76,50.74,58.07,21.34,1,4542,Geometridae,"""Arichanna sp.""","""P.R. China, Tibet, Motuo county, 5 km S Hanmi, 2000 m, VIII-2015"""
ZF090,81.516,2.07,3.62,7.54,4.13,15.33,2.10,36.96,17.31,27.71,18.23,65.03,78.06,24.94,2,4545/4546,Geometridae,"""Arichanna sp. cf. consocia Butler""","""P.R. China, Tibet, Motuo county, 5 km S Hanmi, 2000 m, VIII-2015"""
ZF091,173.476,1.10,4.30,8.69,5.36,13.43,4.07,33.28,12.68,19.91,13.47,58.27,71.93,23.24,3,1241/3891/4001,Geometridae,"""Biston sp. cf. regalis Moore""","""Korea, South Korea (no loc.), X-2012, Vietnam, Lam Dong, Lacdaong, X-2015, Vo Van Nhon leg., Kon Tum, Ngoc Linh, VII-2015"""
ZF092,81.709,0.67,3.32,6.31,5.62,10.07,3.87,23.06,10.37,16.07,10.56,43.58,51.75,17.05,3,4234/4235/6800,Geometridae,"""Biston strataria (Hufnagel, 1767)""","""Spain, Madrid, Pezuela de las Torres, 820 m, 6-IV-2002, Miraflores, 1200 m, 17-IV-2001, L. Romera leg., Guadalajara, Durón, 730 m., 23-III-2019, E.G.B. leg."""
ZF093,64.14,1.03,2.63,6.60,3.16,11.47,1.93,29.82,14.03,23.51,14.99,58.18,62.85,19.15,1,2256,Geometridae,"""Bordeta quadriplagiata (Walker, 1860)""","""Indonesia, S-Halmahera, Weda, Lalief, XI-2013"""
ZF094,12.245,0.87,1.90,3.28,2.65,7.23,1.54,19.58,9.46,15.52,10.15,34.97,41.81,11.38,2,4238/4239,Geometridae,"""Bupalus piniaria (L., 1758)""","""Spain, Madrid, Cerceda, 2002"""
ZF095,9.395,0.66,1.75,2.9,1.82,6.81,1.82,16.45,7.54,12.44,8.31,27.69,34.72,10.37,1,5310,Geometridae,"""Calamodes occitanaria (Duponchel, 1829)""","""Spain, Guadalajara, Durón, 725 m, 16-IX-2017, E.G.B. leg."""
ZF096,135.152,1.50,3.69,6.58,4.86,13.61,3.94,37.95,15.55,24.85,15.56,72.21,80.77,21.69,2,5263/5264,Geometridae,"""Calhistia dohertyi (Rothschild, 1897)""","""Indonesia, W. Papua, Manokwari, Arfak Mts., Mybiri area, ca. 1500 m., VII-2016, E. Sanjaya leg."""
ZF097,21.74,1.16,2.38,4.13,2.83,8.64,1.66,22.41,9.5,16.57,9.81,39.96,47.65,13.93,1,5779,Geometridae,"""Callhistia (? cf. polytropa) / Milionia sp.""","""Indonesia, Papua, Weyland mts., IV-2016"""
ZF098,71.158,2.22,3.65,6.89,4.08,15.81,2.86,36.50,17.47,29.16,17.90,61.01,77.09,24.92,2,4534/4535,Geometridae,"""Chorodna sp.""","""P.R. China, Tibet, Motuo county, 5 km S Hanmi, 2000 m, VIII-2015"""
ZF099,44.104,1.21,3.05,5.90,3.41,10.18,1.74,22.66,10.22,16.56,10.78,39.40,48.73,17.29,5,3001-3004/3010,Geometridae,"""Cleora alienaria (Walker, 1860)""","""Malaysia, Pahang, Genting Highlands, 1700 m, VI-2013, VI-2014"""
ZF100,39.497,1.35,3.04,6.23,3.41,8.45,2.25,22.31,9.49,16.13,10.32,40.64,48.03,16.03,4,5483/5484/5485/5625,Geometridae,"""Cleora determinata (Walker, 1860)""","""Philippines, Mindanao, South Cotabato, Mt. Matutum, VI-2017"""
ZF101,20.611,0.96,2.63,4.96,3.39,8.01,2.29,18.81,9.05,13.70,8.99,36.81,41.03,13.94,2,7392/7393,Geometridae,"""Cleora sp.""","""No loc. (Asia?), VIII-2018, M. Wiles leg."""
ZF102,15.301,1.12,2.34,4.41,2.85,6.94,1.95,17.23,8.31,12.11,8.18,34.16,37.32,12.47,2,7391/7394,Geometridae,"""Cleora sp. cf. inoffensa""","""No loc. (Asia?), VIII-2018, M. Wiles leg."""
ZF103,43.85,0.61,2.35,5.17,4.34,12.43,2.11,25.13,13.67,19.56,5.86,42.95,54.66,18.21,1,2279,Geometridae,"""Dalima patularia (Walker, 1860)""","""Vietnam, Lam Dong prov., Di Linh mt., 900 m, VII-2013"""
ZF104,13.31,0.79,2.06,3.78,2.08,5.26,1.46,13.36,6.34,10.17,6.62,25.03,28.80,9.83,1,5807,Geometridae,"""Diplurodes sp. (cf. D. inuntada Prout)""","""Indonesia, W. Kalimantan, Mt. Bawang (00°53.5'N, 109°22.2E), 245 m, VIII-2017"""
ZF105,6.03,0.48,1.66,2.25,2.15,4.62,1.25,13.64,6.55,9.78,6.41,27.35,29.43,7.35,1,4870,Geometridae,"""Ecleora solieraria (Rambur, 1834)""","""Spain, Guadalajara, Durón, 15-IV-2014, E.G.B. leg."""
ZF106,4.979,0.71,1.47,2.21,2.02,6.02,1.32,14.07,6.92,11.49,7.30,26.20,30.16,8.94,2,6291/6292,Geometridae,"""Ematurga atomaria (L., 1758)""","""Spain, prov. Madrid (?), no date (1980-1990)"""
ZF107,60.465,1.94,3.46,7.05,3.93,12.28,1.95,32.21,15.27,25.53,17.00,51.07,68.36,21.28,2,4859/6686,Geometridae,"""Epimecis sp. A (near subroaria, plumbilinea)""","""Costa Rica, no data (1990-2000), Peru, Loreto, San Regis, I-2017"""
ZF108,52.69,1.48,3.68,6.46,2.76,14.7,1.66,32.87,15.06,27.53,16.9,53.9,68.57,22.64,1,6685,Geometridae,"""Epimecis sp. B""","""Peru, Loreto, Maynas, Punchacu, Picuroyacu, II-2017"""
ZF109,6.101,0.83,1.85,3.34,2.17,4.33,0.99,11.87,5.97,8.25,5.51,22.95,25.91,8.50,2,3200/3226,Geometridae,"""Geom. (Alcis, Cleora)""","""Malaysia, Pahang, Genting Highlands, 1700 m, VI/VII-2013"""
ZF110,17.01,0.73,2.29,5.10,2.57,7.93,1.50,22.54,11.34,16.71,11.29,38.60,47.67,13.77,1,4554,Geometridae,"""Harutalcis atrostipata (Walker, 1862)""","""P.R. China, Tibet, Motuo county, 5 km S Hanmi, 2000 m, VIII-2015"""
ZF111,14.13,0.25,1.94,4.1,2.94,8.31,1.23,15.85,7.54,11.71,7.91,29.15,34.64,12.66,1,3093,Geometridae,"""Hyposidra sp. A""","""Vietnam, Da Nang, Mt. Ba Na, 1450 m, VI-2014"""
ZF112,6.25,0.43,1.32,2.28,1.73,3.82,1.02,11.11,5.78,7.93,5.4,21.36,23.95,6.53,1,3042,Geometridae,"""Hyposidra sp. B (cf. Infixaria Walker)""","""Malaysia, Pahang, Genting Highlands, 1700 m, 24-VI-2013"""
ZF113,11.23,0.92,2.5,3.29,2.26,9.23,1.23,18.42,7.2,11.8,8.22,34.02,39.14,13.44,1,5713,Geometridae,"""Hyposidra sp. C""","""Indonesia, W. Kalimantan, Mt. Bawang (00°53.5'N, 109°22.2E), 245 m, VIII-2017"""
ZF114,21.77,1.06,2.36,5.35,3.07,9.73,1.74,20.23,8.34,16.03,10.73,35.61,43.53,16.14,1,2957,Geometridae,"""Krananda sp.""","""Indonesia, W. Sumatra, Harau Valley, VII-2007"""
ZF115,38.28,1.35,3.01,5.65,3.57,11.25,2.35,26.72,12.75,19.44,13.49,49.66,57.02,18.27,1,4561,Geometridae,"""Lassaba cf. parvalbidaria""","""P.R. China, Tibet, Motuo county, 5 km S Hanmi, 2000 m, VIII-2015"""
ZF116,14.125,1.15,2.14,4.02,2.32,9.14,1.52,15.73,6.91,11.05,7.09,29.62,33.78,14.31,1,5733,Geometridae,"""Lophobates mesotechia (Prout, 1926)""","""Indonesia, W. Kalimantan, Mt. Bawang (00°53.5'N, 109°22.2E), 245 m, VIII-2017"""
ZF117,19.127,0.32,2.44,3.82,3.70,6.52,3.04,14.48,5.5,11.98,5.96,28.9,32.67,10.67,2,4232/4233,Geometridae,"""Lycia zonaria (D. & Schiff., 1775)""","""Spain, Madrid, Lozoyuela, 960 m, 9-III-2001, Miraflores, 1200 m, 23-II-2001, L. Romera leg."""
ZF118,56.267,1.25,3.53,6.39,3.55,10.91,2.24,29.45,13.83,20.35,13.7,50.86,62.41,18.55,7,5520/5641-5643/5672/5673/5674,Geometridae,"""Megadrepana cinerea Holland, 1893""","""Cameroun, Buea, 2015"""
ZF119,12.07,0.73,1.5,3.62,1.87,5.77,0.85,17.61,7.88,13.08,7.97,33.46,37.09,10.13,1,988,Geometridae,"""Melanchroia cf. chephise (Stoll, 1782)""","""Peru, Chachapoyas, 1990"""
ZF120,9.645,0.63,1.93,3.18,2.56,7.80,1.65,16.8,8.13,12.03,8.74,31.16,36.16,11.62,2,4869/6047,Geometridae,"""Menophra thuriferaria (Zerny, 1927)""","""Spain, Guadalajara, Durón, 15-IV-2014, 2-VI-2018, E.G.B. leg."""
ZF121,55.83,1.05,2.80,6.30,4.54,11.11,3.30,29.16,13.61,19.68,12.88,51.95,62.87,18.46,1,7418,Geometridae,"""Milionia basalis Walker, 1854""","""Malaysia, Borneo Island, Sabah, Trus Madi, VII-2011, V. Gromenko leg."""
ZF122,91.229,1.21,3.12,6.93,3.88,13.21,2.60,33.44,14.05,22.39,14.02,60.16,70.76,21.35,2,5265/5266,Geometridae,"""Milionia celebensis (Jordan & Rothschild, 1895)""","""Indonesia, South Sulawesi, Puncak Palopo, 1000 m., VI-2017, E. Sanjaya leg."""
ZF123,61.61,1.19,2.72,6.48,4.53,11.87,2.58,29.58,13.97,19.97,13.37,50.66,63.71,19.55,1,899,Geometridae,"""Milionia coalescens Semper, 1908""","""Philippines, Mindanao, Mt. Apo, VI-2011"""
ZF124,92.586,1.49,3.26,7.54,5.03,16.27,3.98,33.67,16.17,26.09,16.16,65.78,72.37,25.31,2,7335/7339,Geometridae,"""Ovimilionia ovata (Rothschild & Jordan, 1907)""","""Indonesia, Irian Jaya, 2014"""
ZF125,9.230,0.87,2.03,3.80,2.59,8.32,1.56,17.84,8.73,13.19,9.75,32.10,38.28,13.01,2,5337/5371,Geometridae,"""Peribatodes rhomboidearius (D. & Schiff., 1775)""","""Spain, Guadalajara, Durón, 730 m, 22-IX-2017, E.G.B. leg."""
ZF126,17.789,1.46,2.83,4.04,3.39,10.55,1.72,20.51,10.11,17.94,11.73,42.24,44.43,16.05,5,512/774/2499/6276/6862,Geometridae,"""Peribatodes umbrarius (Hübner, 1809)""","""Spain, Madrid, Aranjuez, 9-V-1994, Guadalajara, Durón, 2014, 30-IX-2018,  8-VI-2019, E.G.B. leg."""
ZF127,147.892,2.29,4.51,8.71,5.69,20.83,3.93,46.43,22.19,34.79,21.90,84.20,98.56,31.84,2,1252/4004,Geometridae,"""Xandrames albofasciata (Moore, 1867)""","""Vietnam, Kon Tum, Ngoc Linh, VIII-2015, Lao Cai, Sapa, 25-III-2015, Vo Van Nhon leg."""
ZF128,174.419,2.24,4.3,8.08,5.72,21.8,3.92,45.18,22.67,35.13,21.89,82.26,96.09,32.13,1,2941,Geometridae,"""Xandrames dholaria (Morre, 1868)""","""Vietnam, Lao Cai, Sapa, 11-I-2014"""
ZF129,10.87,0.91,2.02,3.45,1.78,7.10,1.21,14.90,7.81,12.02,8.53,28.05,31.58,11.47,1,5812,Geometridae,"""Cassyma undifasciata (Butler, 1892)""","""Indonesia, W. Kalimantan, Mt. Bawang (00°53.5'N, 109°22.2E), 245 m, VIII-2017"""
ZF130,11.74,1.01,2.33,3.68,2.4,7.69,1.36,18.73,8.94,13.93,8.98,32.86,39.86,12.37,1,5721,Geometridae,"""Cassymini indet.""","""Indonesia, W. Kalimantan, Mt. Bawang (00°53.5'N, 109°22.2E), 245 m, VIII-2017"""
ZF131,19.08,0.95,2.27,4.18,2.52,7.29,1.88,19.06,9.55,15.73,8.90,34.86,40.66,12.43,1,5821,Geometridae,"""Syngonorthus subpunctatus Butler, 1892""","""Indonesia, W. Kalimantan, Mt. Bawang (00°53.5'N, 109°22.2E), 245 m, VIII-2017"""
ZF132,9.55,0.50,1.62,3.48,1.86,4.65,0.96,13.26,6.84,10.18,5.50,24.93,28.38,8.63,1,3033,Geometridae,"""Zamarada sp.""","""Malaysia, Pahang, Genting Highlands, 1700 m, 1-VII-2014"""
ZF133,15.283,1.12,2.30,3.80,2.28,7.57,1.64,21.38,10.64,15.75,10.63,39.02,45.05,12.5,2,5670/5671,Geometridae,"""Abraxas sp.""","""Philippines, Mindanao, South Cotabato, Mt. Matutum, VI-2017"""
ZF134,38.01,1.44,2.99,4.72,4.24,13.42,2.10,27.78,13.11,22.32,14.81,52.72,59.8,19.58,1,2339,Geometridae,"""Abraxas sp. A""","""Vietnam, Di Linh mt., Lam Dong, 900 m, X-2013"""
ZF135,38.49,1.09,2.84,4.85,3.89,14.06,2.95,27.23,13.19,21.64,12.24,59.45,58.35,20.02,1,2340,Geometridae,"""Abraxas sp. B""","""Vietnam, Di Linh mt., Lam Dong, 900 m, X-2013"""
ZF136,38.590,1.52,3.21,5.68,2.62,12.54,1.96,29.64,14.35,24.24,14.89,53.06,61.91,19.74,2,4536/4574,Geometridae,"""Abraxas sp. (cf.: BC ZSM Lep 47991, SNSB Muenchen)""","""P.R. China, Tibet, Motuo county, 5 km S Hanmi, 2000 m, VIII-2015"""
ZF137,17.664,0.99,2.44,4.04,2.51,10.75,1.95,24.93,11.98,18.21,11.67,45.27,52.37,15.78,2,4537/4538,Geometridae,"""Abraxas sp. (sim. adilluminata)""","""P.R. China, Tibet, Motuo county, 5 km S Hanmi, 2000 m, VIII-2015"""
ZF138,13.45,1.17,1.78,3.7,2.00,10.94,1.07,23.07,9.07,16.45,11.94,44.60,48.14,15.81,1,3217,Geometridae,"""Eutoea heteroneurata (Guenée, 1857)""","""Malaysia, Pahang, Genting Highlands, 1700 m, 2-VII-2014"""
ZF139,12.205,0.79,2.11,3.73,2.05,8.44,0.93,16.87,7.93,12.40,9.71,30.15,35.80,12.97,2,3030/3031,Geometridae,"""Luxiaria sp.""","""Malaysia, Pahang, Genting Highlands, 1700 m, VI-2013"""
ZF140,2.949,0.71,1.40,2.40,1.44,4.56,0.72,9.84,4.97,8.10,5.27,17.97,21.14,7.68,2,7513/7519,Geometridae,"""Acanthovalva inconspicuaria (Hübner, 1819)""","""Spain, Alicante, Urbanova, 1-VII-2020, E.G.B. leg."""
ZF141,4.521,0.65,1.37,2.33,1.71,4.95,1.30,13.04,6.52,10.74,6.13,25.62,27.78,7.94,2,3616/3617,Geometridae,"""Chiasmia calthrata (L., 1758)""","""Spain, Guadalajara, San Andrés del Rey, 18-V-2015, E.G.B. leg."""
ZF142,9.957,0.81,1.59,2.93,2.35,6.39,1.73,14.63,7.39,12.26,8.10,30.05,31.62,10.14,2,7662/7663,Geometridae,"""Isturgia famula (Esper, 1787)""","""Spain, Madrid, Cantoblanco, 21-IV-2021, E.G.B. leg."""
ZF143,19.73,0.94,2.09,3.62,2.73,8.93,1.75,19.9,9.12,16.47,9.61,38.78,42.53,13.49,1,2908,Geometridae,"""Isturgia miniosaria (Duponchel, 1879)""","""Spain, Guadalajara, Durón, 11-X-2014"""
ZF144,10.43,0.78,1.81,3.04,2.11,7.63,1.04,16.51,8.96,13.85,8.92,28.98,35.13,11.45,1,4875,Geometridae,"""Itame vincularia (Hübner, 1813)""","""Spain, Guadalajara, Durón, 15-IV-2014, E.G.B. leg."""
ZF145,20.682,1.02,1.97,3.94,2.80,6.05,1.57,18.05,8.70,15.36,9.01,32.11,38.91,11.02,2,5248/5249,Geometridae,"""Macaria gambarina (Stoll, 1781)""","""Costa Rica, Heredia, Río Guácimo, 2-X-2015, V. Golovizin leg."""
ZF146,15.822,1.04,2.33,4.37,2.52,9.06,1.25,17.58,8.49,14.29,9.82,31.49,37.69,14.47,2,5894/5895,Geometridae,"""Semiothisa eleonora (Stoll, 1780)""","""Thailand, Pattaya, Koh-Larn ist., 20/24-V-2017, V. Golovizin leg."""
ZF147,5.218,0.53,1.61,2.91,1.88,6.67,1.02,14.65,6.98,12.37,7.41,25.65,31.18,10.12,2,5555/5556,Geometridae,"""Semiothisa notata (L., 1758)""","""Spain, Madrid, Miraflores, 27-VI-1998, L. Romera leg."""
ZF148,32.809,1.08,2.18,4.96,2.60,11.99,2.26,31.20,14.40,23.00,14.60,56.30,65.02,18.04,3,5736/5836/7506,Geometridae,"""Cartaletis forbesi (Druce, 1884)""","""Cameroun, Mbalmayo, Ebogo, IV-2017, D.R. Congo, Nord-Kivu, Mamove, IV-2014"""
ZF149,160.86,1.31,3.97,8.07,5.57,15.75,4.07,30.95,14.49,24.10,16.87,54.79,67.48,25.14,1,5352,Geometridae,"""Gastrophora henricaria (Guenée, 1858)""","""Australia, Queensland, Ningi, X-2005"""
ZF150,39.76,2.18,3.22,5.03,3.16,18.99,2.33,32.33,13.26,24.16,13.06,56.29,67.82,26.09,1,2807,Geometridae,"""Macrotes commatica Prout, 1916""","""Costa Rica, Monteverde, IV-2012"""
ZF151,17.38,0.72,1.81,4.67,2.66,5.41,2.32,13.41,7.06,9.84,6.82,24.54,29.48,10.81,1,3056,Geometridae,"""Sarcinodes sp.""","""Malaysia, Pahang, Genting Highlands, 1700 m, 28-VI-2013"""
ZF152,112.747,1.47,4.96,7.02,4.45,15.49,3.87,38.00,18.71,26.96,18.8,66.66,80.46,23.99,2,3989/4043,Geometridae,"""Sarcinodes sp. (cf. malakarius)""","""Vietnam, Kon Tum, Ngoc Linh, VII-2015"""
ZF154,16.617,1.04,2.31,4.04,2.09,13.44,1.54,23.76,11.62,18.23,11.32,43.62,49.62,18.53,2,6956/6992,Geometridae,"""Eumelea atomata Warren, 1896""","""Vietnam, Kon Tum, Dakglei-Dak Man, Thac che, 12-IV-2018, V. Golovizin leg."""
ZF155,21.632,1.10,2.50,4.69,2.30,14.45,1.73,27.78,12.83,20.93,13.37,50.77,57.88,20.24,2,2956/6955,Geometridae,"""Eumelea rosalia (Stoll, 1781)""","""Indonesia, S. Sumatra, Mt. Dempo, IV-2013, Vietnam, Kon Tum, Dakglei-Dak Man, Thac che, 15-IV-2018, V. Golovizin leg."""
ZF156,10.29,0.89,1.56,3.12,1.6,5.95,1.12,15.03,7.92,11.95,7.73,25.67,31.66,9.96,1,3047,Geometridae,"""Eumelea sp.""","""Malaysia, Pahang, Genting Highlands, 1700 m, 22-VI-2013"""
ZF157,42.82,0.64,2.40,4.83,2.80,9.43,2.75,22.4,10.1,16.9,10.2,40.32,47.66,14.90,1,809,Geometridae,"""Victoria sp cf gordoni Prout, 1912""","""Ecuatorial Guinea, Bata, VIII-1964"""
ZF158,15.675,1.13,2.23,4.12,2.20,11.78,1.77,23.04,12.07,19.49,11.59,42.45,48.29,17.04,2,6106/6107,Geometridae,"""Naxa seriaria (Motschulsky, 1866)""","""Russia, Primorye, Ussuriisk distr., Kaimanovka, A.V. Korshunov leg., 6/30-VII-2011"""
ZF159,17.15,1.29,2.43,4.01,3.08,8.44,1.45,17.65,10.28,17.65,9.79,34.31,38.38,13.74,1,3028,Geometridae,"""Agathia sp.""","""Malaysia, Pahang, Genting Highlands, 1700 m, 15-V-2014"""
ZF160,10.154,1.13,2.43,4.43,2.11,9.63,1.37,18.42,10.1,14.71,8.75,31.75,38.95,15.16,2,3006/5715,Geometridae,"""Ornithospila sp. A (cf. bipunctata / succinta)""","""Malaysia, Pahang, Genting Highlands, 1700 m, 15-V-2013, Indonesia, W. Kalimantan, Mt. Bawang (00°53.5'N, 109°22.2E), 245 m, VIII-2017"""
ZF161,10.25,0.89,1.64,4.12,1.44,9.78,0.79,17.83,10.09,14.52,9.07,31.07,37.1,14.79,1,3007,Geometridae,"""Ornithospila sp. B (cf. submonstrans)""","""Malaysia, Pahang, Genting Highlands, 1700 m, 24-VI-2013"""
ZF162,16.449,1.06,2.25,4.32,2.04,8.52,1.46,18.98,9.49,15.15,8.97,32.77,40.00,13.88,2,6957/6991,Geometridae,"""Dooabia punticostata Prout, 1923""","""Vietnam, Kon Tum, Dakglei-Dak Man, Thac che, 11-IV-2018, V. Golovizin leg."""
ZF163,55.09,2.07,3.36,5.52,4.18,10.42,2.73,25.61,14.92,22.13,14.35,46.77,55.41,18.01,1,3121,Geometridae,"""Terpna sp. cf. ornataria (Moore, 1888)""","""Vietnam, Thanh Hoá, V-2014, Le Xuan Xung leg."""
ZF164,53.65,1.85,3.49,7.34,4.68,12.67,2.98,33.01,16.25,22.24,14.24,66.48,70.72,21.86,1,2257,Geometridae,"""Tanaorhinus malayanus Inoue, 1992""","""Indonesia, W. Papua-New Guinea, Arfak, VII-2012"""
ZF165,34.75,1.18,2.15,5.51,3.22,13.37,1.94,27.03,13.67,20.09,11.75,44.02,57.28,20.06,1,2951,Geometridae,"""Tanaorhinus rafflesii (Moore, 1859)""","""Indonesia, W. Sumatra, Harau Valley, VII-2007"""
ZF166,41.14,1.37,3.2,6.49,4.06,11.73,2.04,28.54,14.64,21.27,11.69,52.03,61.08,19.59,1,2063,Geometridae,"""Tanaorhinus viridiluteata (Walker, 1861)""","""Philippines, Leyte, Mt. Balocave, 2013"""
ZF167,79.766,1.33,3.35,6.13,4.44,13.75,3.14,27.74,13.78,21.46,14.39,48.08,59.93,21.22,2,6425/6426,Geometridae,"""Geometra valida Felder & Rogenhofer, 1875""","""Russia, Evereiskaya oblast, Obluchie, 4-VII-2017, V. Golovizin leg."""
ZF168,13.700,0.82,2.13,2.96,2.63,6.02,1.25,15.48,8.05,12.29,8.02,31.08,33.59,9.80,2,4240/4241,Geometridae,"""Thetidia plusaria (Boisduval, 1840)""","""Spain, Madrid, Aranjuez, 621 m, 2-VI-2001, G.E. King leg"""
ZF169,4.212,0.57,1.41,2.49,1.58,4.86,1.23,10.79,5.76,8.94,6.13,21.87,23.17,7.85,2,41/4242,Geometridae,"""Thetidia smaragdaria (Fabricius, 1787)""","""Spain, Madrid, Ciempozuelos, 2004"""
ZF170,4.93,0.55,1.75,2.86,1.43,5.26,0.77,11.26,5.53,8.91,6.05,19.45,23.95,8.67,1,5719,Geometridae,"""Comibaena biplaga (Walker, 1861)""","""Indonesia, W. Kalimantan, Mt. Bawang (00°53.5'N, 109°22.2E), 245 m, VIII-2017"""
ZF171,10.68,0.78,2.02,3.48,2.09,6.13,1.19,12.57,7.11,9.68,6.79,23.08,27.23,10.39,1,2766,Geometridae,"""Protuliocnemis partita (Walker, 1861)""","""Malaysia, Pahang, Brinchang, 1500m, III/IV-2014, A. Vishnyakov leg."""
ZF172,52.190,1.01,3.26,5.67,3.96,13.81,2.03,22.24,11.71,20.98,12.13,44.19,48.44,20.50,2,4811/4812,Geometridae,"""Herochroma sp. (cf. cristata / baibarana)""","""Vietnam, Lam Dong, Dà Lat, VI-2015, D.N. Van leg,"""
ZF173,40.143,1.57,3.55,6.44,3.54,10.4,2.62,22.46,11.33,19.03,11.70,42.28,48.46,18.41,2,5475/5476,Geometridae,"""Dindica olivacea Inoue, 1990""","""Philippines, Mindanao, South Cotabato, Mt. Matutum, VI-2017"""
ZF174,37.617,1.49,3.85,6.33,3.04,8.45,2.40,23.29,12.80,20.31,13.24,42.29,49.63,16.27,2,5621/5622,Geometridae,"""Lophophelma eupines (West, 1930)""","""Philippines, Mindanao, South Cotabato, Mt. Matutum, VI-2017"""
ZF175,101.408,1.42,3.14,8.28,4.46,13.92,4.01,36.02,16.54,26.65,18.28,63.28,76.50,23.63,2,5267/5268,Geometridae,"""Dysphania militaris (L., 1758)""","""Indonesia, W. Sumatra, Mt. Sanggul, Landai area, 1250 m., VII-2015, North Sumatra, Mt. Sinabung, II-2014, E. Sanjaya leg."""
ZF176,129.093,1.81,3.45,8.68,4.33,16.69,3.23,38.78,17.03,29.56,17.90,68.80,81.90,27.19,2,898/5269,Geometridae,"""Dysphania transducta Walker, 1861""","""Indonesia, N. Sumatra, Mt. Sibuatan, IV-2010, North Sumatra, Nias, Nias Island, VII-2017, E. Sanjaya leg."""
ZF177,50.05,1.42,2.97,6.22,3.28,7.25,3.07,21.75,12.37,18.99,11.11,38.42,46.78,14.89,1,2198,Geometridae,"""Pingasa sp.""","""Indonesia, Bali, W. Bali, Negara, III-2012"""
ZF178,9.958,0.84,2.10,3.36,2.37,6.40,1.43,14.96,7.57,11.71,7.83,28.37,32.31,10.62,4,6235/6236/6962/6967,Geometridae,"""Pseudoterpna coronillaria (Hübner, 1817)""","""Spain, Madrid, Cabanillas de la Sioerra, 28-VII-1993, L. Romera leg., Guadalajara, Durón, 8-VI-2019, E.G.B. leg."""
ZF179,5.32,0.86,1.59,3.15,1.92,5.49,0.82,10.25,5.55,7.40,5.62,17.94,22.42,9.50,1,5805,Geometridae,"""Pseudoterpnini indet.""","""Indonesia, W. Kalimantan, Mt. Bawang (00°53.5'N, 109°22.2E), 245 m, VIII-2017"""
ZF180,4.51,0.35,1.47,2.5,1.54,4.32,1.16,11.04,6.31,8.89,6.44,18.36,23.62,7.17,1,3621,Geometridae,"""Phaiogramma etruscaria (ZELLER, 1849)""","""Spain, Guadalajara, Durón, 730 m, 18-V-2015, E.G.B. leg."""
ZF181,4.203,0.57,1.46,2.31,1.70,4.82,1.08,10.15,5.88,8.41,6.06,20.17,22.01,7.71,2,5549/6299,Geometridae,"""Phaiogramma faustinata (Millière, 1868)""","""Spain, Madrid, Ciempozuelos, 600 m., IV-2006, G.E. King leg., prov. Madrid (?), no date (1980-1990)"""
ZF182,3.151,0.73,1.37,3.00,1.38,4.98,0.82,13.16,6.61,10.19,5.78,23.37,27.71,8.72,2,4551/4552,Geometridae,"""Comostola sp.""","""P.R. China, Tibet, Motuo county, 5 km S Hanmi, 2000 m, VIII-2015"""
ZF183,4.274,0.43,1.23,2.18,1.57,3.82,0.78,9.72,5.64,7.96,4.81,19.01,21.01,6.43,1,3023,Geometridae,"""Comostola sp.""","""Malaysia, Pahang, Genting Highlands, 1700 m, 21-VI-2013"""
ZF184,3.77,1.28,0.65,2.22,1.03,3.66,0.86,10.47,5.83,9.09,5.74,19.36,21.97,7.16,1,3021,Geometridae,"""Berta sp.""","""Malaysia, Pahang, Genting Highlands, 1700 m, 26-VI-2013"""
ZF185,13.080,1.04,2.06,4.37,2.12,7.32,1.32,17.24,9.25,13.79,7.96,30.64,36.61,12.74,4,3008/5716/5717/5718,Geometridae,"""Thalassodes sp.""","""Malaysia, Pahang, Genting Highlands, 1700 m, 27-VI-2013, Indonesia, W. Kalimantan, Mt. Bawang (00°53.5'N, 109°22.2E), 245 m, VIII-2017"""
ZG001,213.889,1.02,4.14,10.89,6.16,16.04,5.16,22.14,10.08,15.44,9.71,42.76,50.44,27.95,2,4484/4485,Geometridae,"""Alompra roepkei (Tams, 1953)""","""Vietnam, Lam Dong, Maria past, V-2016, VIII-2016, D.N. Van leg."""
ZG002,226.34,1.59,4.60,11.57,7.04,16.88,5.10,30.36,13.67,21.65,15.04,61.02,67.77,30.06,1,7252,Lasiocampidae,"""Gonobombyx angulata Aurivillius, 1893""","""Cameroon, Ambazania, Mt. Cameroon, 8-VI-2019"""
ZG003,73.78,0.99,3.07,7.79,5.26,7.94,2.79,22.05,9.02,15.99,11.53,43.55,49.36,16.72,1,2167,Lasiocampidae,"""Lechriolepis tessmanni Strand, 1912""","""Ecuatorial Guinea, Rio Muni, Bata, V-1965"""
ZG004,152.23,0.99,3.42,7.55,4.82,9.70,4.83,27.58,12.97,22.7,12.89,54.02,59.98,18.25,1,2220,Lasiocampidae,"""Lechriolepis sp.""","""Tanzania, M'Beye prov., Chimaca Escapement, II-2009"""
ZG005,56.63,0.52,3.43,5.61,3.93,8.73,2.76,14.23,6.61,11.31,8.22,31.08,32.39,14.86,1,7158,Lasiocampidae,"""Sena prompta (Walker, 1855)""","""Rep. South Africa, Kwazulu-Natal, 11 km E Magudu, Belvedere Game Ranch, 27°31'44.68''S, 31°45'36.82''E, 17/18-II-2019, S.A. Knyazev leg."""
ZG006,34.674,0.36,2.18,3.64,3.70,6.33,2.18,11.34,5.6,8.57,5.63,24.24,26.38,10.34,2,3467/3468,Lasiocampidae,"""Malacosoma alpicola (Staudinger, 1870)""","""Spain, Valladolid, 2-VI-1990, G.E. King leg."""
ZG007,32.712,0.68,2.22,5.52,4.58,6.29,2.64,12.33,6.73,10.28,7.13,25.83,29.25,12.49,2,932/954,Lasiocampidae,"""Malacosoma americana (Fabricius, 1793)""","""U.S.A., Illinois, Chillicotte, VI-1964"""
ZG008,40.604,0.76,2.42,5.78,4.68,6.70,2.95,14.22,7.10,12.32,7.05,30.04,33.13,13.18,2,931/953,Lasiocampidae,"""Malacosoma castrensis (L., 1758)""","""Spain, no data"""
ZG009,94.87,1.61,4.07,7.54,5.68,11.25,3.86,19.86,8.95,14.01,9.04,42.18,45.4,20.41,1,5677,Lasiocampidae,"""Hallicarnia albipectus (Walker, 1855)""","""Indonesia, W. Kalimantan, Mt. Bawang (00°53.5'N, 109°22.2E), 245 m, VIII-2017"""
ZG010,292.15,0.34,3.82,11.07,9.16,13.4,5.7,25.35,8.57,15.06,10.19,56.98,59.86,24.81,1,2259,Lasiocampidae,"""Bhima idiota (Graeser, 1888)""","""Vietnam, Lao Cai prov., Sapa Mt., 1800 m, VIII-2013"""
ZG011,162.625,1.17,3.56,8.36,5.11,10.88,3.88,21.14,7.70,11.08,8.29,37.83,47.39,20.41,1,6429,Lasiocampidae,"""Borocera attenuata (Kenrick, 1914)""","""Madagascar, prov. Fianarantsoa, Ifanadiana distr., Ranomafana com., 15-XI-2018, V. Golovizin leg."""
ZG012,1358.1,1.91,6.20,16.30,12.33,26.94,8.12,48.17,16.56,25.71,16.62,97.02,108.68,45.17,2,213/7572,Lasiocampidae,"""Gonometa sp.""","""Ecuatorial Guinea, Bata (Río Muni), XI-1965"""
ZG013,694.961,3.06,6.19,14.17,9.60,25.68,5.24,38.77,16.75,26.85,21.85,79.07,87.14,42.92,2,2202/3244,Lasiocampidae,"""Lebeda cognata Grunberg, 1913""","""Malaysia, Sabah, Borneo, Trusmadi Mt., VII-2011, Indonesia, Bali, W. Bali, Negara, III-2012"""
ZG014,531.934,2.37,5.36,12.22,8.44,23.23,6.29,35.49,16.44,25.56,11.86,70.51,79.42,37.83,2,4058/4059,Lasiocampidae,"""Paralebeda femorata (Ménétriés, 1858)""","""Russia, Primorsky krai, Khasanski distr., Zanadvorovka, 31-VII-2015, Ussuriiski distr., Gornotayezhnya, 18-VII-2015, V. Golovizin leg."""
ZG015,161.23,0.69,2.55,6.29,5.38,12.72,7.87,29.65,14.05,23.16,14.90,61.61,64.69,19.71,2,814/837,Lasiocampidae,"""Trabala viridiana Joicey & Talbot, 1917""","""No loc., V-1987"""
ZG016,83.889,1.56,4.16,7.36,5.63,11.92,3.72,23.43,12.67,19.16,13.34,45.09,52.49,20.84,2,4513/4514,Lasiocampidae,"""Trabala irrorata Moore, 1884""","""Malaysia, Pahang, Genting Highlands, 2014, Vietnam, Lam Dong, Lac Duong, Bidoup Nui Ba Natl, Pk, 20-IV-2016"""
ZG017,178.39,0.31,3.61,7.48,6.85,13.52,7.55,32.59,16.15,23.39,17.01,64.03,72.03,21.31,1,2270,Lasiocampidae,"""Trabala sp. A (cf. niphane, vishnou)""","""Vietnam, Lam Dong prov., Di Linh mt., 900 m, VII-2013"""
ZG018,42.473,1.42,3.60,7.08,3.77,6.96,2.58,17.99,9.60,15.83,10.59,36.61,39.77,15.46,1,7120,Lasiocampidae,"""Trabala sp. C""","""Vietnam, Lâm Dông, Dà Lat, IV/V-2019"""
ZG019,113.146,0.29,3.48,8.49,6.65,10.89,2.96,17.47,7.48,12.05,8.04,34.95,41.60,19.67,2,933/955,Lasiocampidae,"""Streblote panda Hübner, 1820""","""Spain, Huelva, 1-XI-1991"""
ZG020,176.53,1.82,3.83,11.05,5.49,12.76,4.90,21.76,7.59,10.89,8.44,44.56,49.02,25.64,1,7397,Lasiocampidae,"""Streblote sp.""","""No loc. (Africa?), VIII-2018, M. Wiles leg."""
ZG021,104.409,0.65,4.12,7.44,6.16,9.64,3.43,19.34,8.32,14.56,6.71,40.34,44.84,17.73,2,2609/2610,Lasiocampidae,"""Pachypasa limosa (Serres, 1826)""","""Spain, Guadalajara, Durón, 730 m, VI-2014"""
ZG022,132.06,1.14,4.13,9.82,5.10,14.74,3.62,25.29,11.72,20.00,13.44,53.01,55.68,25.70,1,1243,Lasiocampidae,"""Pachypasoides candezei Zolotuhin & Witt 2000""","""Vietnam, Lam Dong, Lac Duong, Bidoup Nui Ba Natl. Pak, 10-X-2015, Vo Van Nhnon leg."""
ZG023,242.030,1.48,4.35,9.59,6.12,12.97,4.85,24.45,9.38,13.39,8.89,49.43,55.02,24.05,2,4486/4487,Lasiocampidae,"""Pyrosis rotundipennis (de Joannis, 1929)""","""Vietnam, Kon Tum, Ngoc Linh, VIII-2016, D.N. Van leg."""
ZG024,117.619,1.06,3.36,7.69,5.81,11.34,3.23,24.95,13.17,19.06,14.14,49.07,55.71,20.09,2,3532/6869,Lasiocampidae,"""Macrothylacia digramma Meado-Waldo, 1905""","""Spain, Guadalajara, Durón, 3-V-2015, 25-V-2019, E.G.B. leg."""
ZG025,384.142,2.08,5.23,12.88,7.63,18.53,6.19,39.49,17.88,28.27,18.55,78.73,86.62,33.50,3,4074/4075/4718,Lasiocampidae,"""Kunugia austroplacida Holloway, 1987""","""Vietnam, Lac Duong, Bidoup Nui Ba Natl. Park, 20-XI-2015, 15-XII-2015, Vo Van Nhon leg., Thua Thien Hue, Bach Ma mt., 1400 m., VIII-2016"""
ZG026,628.994,1.55,6.03,14.72,9.34,26.83,6.82,44.37,19.97,33.14,21.82,93.19,98.08,43.10,2,4072/4073,Lasiocampidae,"""Kunugia basidiscata (Holloway, 1982)""","""Vietnam, Lac Duong, Bidoup Nui Ba Natl. Park, 15-I-2016, Vo Van Nhon leg."""
ZG027,234.85,2.49,5.05,10.05,5.6,21.28,4.9,34.25,15.66,26.47,16.63,65.70,74.10,33.82,1,4715,Lasiocampidae,"""Kunugia lemeepauli Lemée & Tams, 1950""","""Vietnam, Thua Thien Hue, Bach Ma mt., 1400 m., VIII-2016"""
ZG028,278.354,0.66,3.70,10.38,8.41,17.38,5.09,31.42,13.93,24.17,17.88,68.50,71.27,28.43,3,19/648/3615,Lasiocampidae,"""Dendrolimus pini (L., 1758)""","""Spain, Ávila, El Hornillo, VII-1985, Guadalajara, Durón, 730 m, 7-VI-2015"""
ZG029,59.710,0.94,3.76,6.61,5.57,10.92,3.05,19.84,9.15,15.65,9.66,41.26,45.25,18.48,2,4520/4521,Lasiocampidae,"""Dendrolimus sp. cf. punctatus (Walker, 1855)""","""Malaysia, Pahang, Genting Highlands, 2014, Vietnam, Lac Duong, Lam Dong, Bidoup Nui Ba Natl, Pk, 10-VIII-2016"""
ZG030,49.582,0.73,2.55,6.28,5.09,5.95,2.69,16.16,8.88,12.65,8.50,31.34,37.42,12.96,2,2091/5339,Lasiocampidae,"""Eriogaster rimicola (D. & Schiff., 1775)""","""Spain, Guadalajara, Durón, 10-XI-2013, Madrid, Campus Cantoblanco, 16-X-2017, E.G.B. leg."""
ZG031,183.932,1.13,3.17,7.84,5.32,10.54,2.95,26.17,13.15,21.77,15.8,55.13,57.68,19.51,2,21/1260,Lasiocampidae,"""Lasiocampa quercus (L., 1758)""","""France, Roscuth (1994), Spain, Cantabria, VIII-1995"""
ZG032,134.532,1.20,3.88,6.89,5.96,10.63,3.56,21.57,11.25,17.91,12.97,44.24,49.11,18.73,4,20/649/5306/6281,Lasiocampidae,"""Lasiocampa trifolii (Denis & Schiffermüller, 1775)""","""Spain, Guadalajara, Durón, 730 m, 1989, 16-IX-2017, 30-IX-2018, E.G.B. leg."""
ZG033,156.15,1.55,4.27,8.87,6.34,13.36,4.25,23.83,12.42,19.47,12.7,47.77,54.00,23.78,1,2991,Lasiocampidae,"""Odonestis erectilinea (Swinhoe, 1904)""","""Malaysia, Pahang, Kampung Panggen, Cameron Highlands, V-2013"""
ZG034,77.44,1.12,3.09,5.97,3.86,8.90,3.32,17.61,8.16,13.23,8.46,32.53,39.08,15.99,1,2980,Lasiocampidae,"""Syrastrena sumatrana Tams, 1935""","""Indonesia, S. Sumatra, Mt. Dempo, 26-VI-2013"""
ZG035,117.777,1.41,4.15,9.21,6.16,10.82,4.23,22.63,9.27,16.05,9.95,41.24,51.43,21.45,3,2998/3092/7121,Lasiocampidae,"""Gastropacha leopoldi Tams, 1935""","""Malaysia, Pahang, Kampung, Panggen, Cameron Highlands, V-2013, Vietnam, Da Nang, Mt. Ba Na, 1450 m, VI-2014, Lâm Dông, Dà Lat, IV/V-2019"""
ZG036,130.439,1.82,3.72,8.28,6.18,12.97,4.06,22.73,11.50,16.61,12.75,45.25,51.65,23.08,2,7484/7485,Lasiocampidae,"""Gastropacha sp.""","""Russia, E. Siberia, Buryatia, Ivolginskiyi distr., near Ivolginsk, 600 m, 3-VIII-2017, A. Filippov leg."""
ZG037,42.440,0.45,2.51,5.58,5.09,6.50,2.37,14.29,6.58,10.31,7.24,27.95,33.69,12.53,4,34/662/2832/4871,Lasiocampidae,"""Phyllodesma suberifolia (Duponchel, 1842)""","""Spain, Madrid, Cotos de Monterrey, 25-IV-1998S, Guadalajara, Durón, IX-2014, 15-IV-2017, E.G.B. leg."""
ZG038,45.82,0.79,3.19,6.29,4.23,9.26,3.23,17.82,9.05,12.69,9.98,36.83,39.87,16.35,1,7483,Lasiocampidae,"""Phyllodesma sp.""","""Russia, E. Siberia, Buryatia, Ivolginskiyi distr., near Ivolginsk, 600 m, 3-VIII-2017, A. Filippov leg."""
ZG039,112.05,1.25,3.71,6.33,4.86,12.6,3.78,21.97,11.38,17.91,12.74,43.89,48.8,20.18,1,3155,Lasiocampidae,"""Euthrix inobtrusa (Walker, 1862)""","""Vietnam, Lao Cai, Sapa, 11-5-2014, N. Vo Van leg."""
ZG040,19.14,0.50,2.27,4.06,2.91,3.95,1.22,9.37,4.83,7.08,5.31,17.98,21.66,8.52,1,5790,Lasiocampidae,"""Euthrix sp.""","""Indonesia, W. Kalimantan, Mt. Bawang (00°53.5'N, 109°22.2E), 245 m, VIII-2017"""
ZG041,49.68,0.94,2.67,6.24,4.16,9.42,3.09,17.56,9.07,13.67,10.01,34.54,39.28,16.60,1,4060,Lasiocampidae,"""Cosmotriche lobulina (D. & Schiff., 1855)""","""Russia, Amyrskaya oblast, Svorodinski distr., Tahtamygd, 11-VIII-2015, V. Golovizin leg."""
ZG042,90.178,1.55,3.68,7.75,4.65,10.89,3.09,19.06,9.64,15.04,9.80,37.37,42.78,20.20,2,1244/3892,Lasiocampidae,"""Eteinopla sp. (cf. signata)""","""Korea, South Korea (no loc.), X-2012, Vietnam, Lam Dong, Lac Duong, Bidoup Nui Ba Natl. Pak, 30-X-2015, Vo Van Nhnon leg."""
ZG043,52.49,1.25,2.86,7.09,4.26,6.96,3.03,19.38,9.38,13.67,9.29,40.85,43.02,15.30,1,4985,Lasiocampidae,"""Odontocrapsis hasora (Swinhoe, 1894)""","""Vietnam, Thua Thien Hue, Bach Ma Mt., 1400 m, III-2017"""
ZG044,47.709,1.04,2.9,5.48,3.43,6.75,2.02,13.78,6.49,11.06,6.84,28.25,31.00,13.28,3,1312/1313/1314,Lasiocampidae,"""Apotolype brevicrista (Dyar, 1895)""","""U.S.A., Arizona, Santa Croz Co., Ruby Mine, 19-VII-1996, W.F. Babcock col."""
ZG045,63.24,1.28,3.24,6.62,3.84,9.13,3.08,15.88,7.34,10.89,7.03,32.23,35.62,17.05,1,6582,Lasiocampidae,"""Artace sp.""","""Peru, Loreto, no loc., I-2017"""
ZG046,128.89,0.85,4.44,8.36,5.32,13.1,3.57,22.91,9.86,15.22,10.74,42.38,51.14,22.26,1,6544,Lasiocampidae,"""Euglyphis claudia (Stoll, 1782)""","""Peru, Loreto, Maynas, Punchacu, Picuroyacu, II-2017"""
ZG047,132.06,1.49,4.46,8.85,5.1,11.5,4.05,21.91,9.66,16.15,11.92,42.69,48.92,21.84,1,6540,Lasiocampidae,"""Euglyphis sp. A""","""Peru, Loreto, Maynas, Punchacu, Picuroyacu, II-2017"""
ZG048,149.83,1.67,4.55,7.21,5.34,16.9,4.57,23.85,10.89,17.02,11.81,45.58,53.04,25.78,1,6545,Lasiocampidae,"""Euglyphis sp. B""","""Peru, Loreto, Maynas, Punchacu, Picuroyacu, II-2017"""
ZG049,135.005,1.17,4.62,9.06,5.62,13.33,4.03,22.54,10.59,15.71,11.77,45.41,50.71,23.57,3,6541/6542/6543,Lasiocampidae,"""Euglyphis sp. C""","""Peru, Loreto, Maynas, Punchacu, Picuroyacu, II-2017"""
ZG050,69.73,1.23,3.72,6.62,4.18,12.33,3.81,18.52,9.91,15.15,10.45,35.20,41.22,20.19,1,6585,Lasiocampidae,"""Euglyphis sp. D (cf. E. lankesteri Schaus)""","""Peru, Loreto, San Regis, I-2017"""
ZG051,72.12,0.87,3.67,6.29,3.79,11.83,3.02,17.05,9.18,13.85,9.49,34.38,37.90,18.99,1,6586,Lasiocampidae,"""Euglyphis sp. E""","""Peru, Loreto, no loc., I-2017"""
ZG052,711.778,2.74,6.43,14.97,8.35,25.76,6.69,41.11,16.91,27.61,19.51,81.14,90.57,43.48,3,6537/6538/6539,Lasiocampidae,"""Prorifrons sp.""","""Peru, Loreto, San Regis, I-2017"""
ZG053,78.705,2.02,3.59,8.94,4.43,10.77,3.22,18.07,5.95,10.88,5.14,37.27,40.58,21.74,1,6594,Lasiocampidae,"""Titya angustipennis (Schaus, 1905)""","""Peru, Loreto, Maynas, Punchacu, Picuroyacu, II-2017"""
ZG054,74.73,1.58,4.30,7.25,5.14,10.70,3.83,19.83,10.18,15.82,11.55,38.90,44.82,19.54,1,5074,Lasiocampidae,"""Tolype sp.""","""Costa Rica, Monteverde, Santa Elena, 7-X-2015, V. Golovizin leg."""
ZG055,159.674,1.59,3.90,10.43,5.39,13.94,3.21,20.67,9.13,12.34,10.05,44.55,46.74,25.98,2,7617/7618,Lasiocampidae,"""Tolype sp.""","""Peru, San Martín, Rioja, II-2016"""
ZG056,35.423,0.98,2.42,5.49,5.26,6.13,2.51,11.72,5.92,9.93,6.14,25.56,28.72,12.60,2,18/647,Lasiocampidae,"""Trichiura crataegi (L., 1758)""","""Spain, Guadalajara, Durón, 1989"""
ZH001,91.82,1.00,3.75,6.79,4.32,13.85,2.69,25.38,9.89,17.99,12.24,47.89,55.10,21.64,1,6589,Lasiocampidae,"""Apatelodes lapitha Druce, 1900""","""Peru, Loreto, San Regis, I-2017"""
ZH002,147.861,1.12,3.74,8.04,4.71,16.05,3.30,25.80,11.25,19.03,13.59,49.10,56.32,25.22,2,3137/6556,Apatelodidae,"""Apatelodes pandara Druce, 1898""","""Peru, Dep. Amazonas, Montenegro, 800-1200 m, XI-2009, Loreto, San Regis, I-2017"""
ZH003,62.634,0.96,2.96,5.02,4.10,10.84,1.96,18.78,7.87,15.51,9.93,37.39,41.67,16.82,5,2286/2287/2295-2297,Apatelodidae,"""Apatelodes pudefacta Dyar, 1909""","""U.S.A., Arizona, Pina Co., Box Canyon, VII-2013"""
ZH004,39.136,0.91,3.36,7.05,5.40,11.11,3.54,17.89,8.97,15.98,11.92,42.11,41.19,19.08,1,2165,Apatelodidae,"""Apatelodes torrefacta (Smith, 1797)""","""U.S.A., Arizona, no loc. (1990-2000)"""
ZH005,20.13,1.12,2.01,4.97,4.15,12.29,2.26,15.91,7.77,12.53,9.03,31.27,35.92,18.38,1,2164,Apatelodidae,"""Olceclostera angelica (Grote, 1864)""","""U.S.A., Tennessee, Franklin, 8-IV-2011"""
ZH006,110.67,1.25,3.43,6.45,3.92,7.32,3.60,18.51,9.51,13.74,10.96,36.17,40.94,15.02,1,4822,Apatelodidae,"""Olceclostera magniplaga Schaus, 1910""","""Costa Rica, Monteverde, Santa Elena, 7-X-2015, V. Golovizin leg."""
ZH007,89.81,1.86,4.31,6.55,4.76,18.61,3.84,30.86,13.22,23.6,15.92,55.76,66.48,27.02,1,6674,Apatelodidae,"""Epholca gallica Herbin, 2017""","""Peru, Loreto, no loc., I-2017"""
ZH008,72.94,0.78,3.45,7.74,5.77,11.8,3.71,21.51,11.48,16.86,11.37,43.91,48.79,20.32,1,2307,Apatelodidae,"""Lemonia taraxaci (D. & Schiff., 1775)""","""France, 06 Col. Lombarde, 2300 m, 10-VII-2009, J.P. Herzet"""
ZH009,67.11,1.50,3.23,6.24,4.04,13.75,3.16,27.59,13.04,21.18,14.99,52.58,59.22,21.50,1,7112,Brahmaeidae,"""Spiraniopsis comma Hampson, 1901""","""Rep. South Africa, Mpumalanga, Barberton Nat. Reserve, Berghuisi, 25°48'S, 31°02'E, 900-1200 m, 7/9-XI-2015, Fiebig et al. leg."""
ZH010,392.376,2.40,5.37,11.73,8.54,25.01,5.78,77.74,32.27,46.97,34.63,148.30,164.03,39.15,3,897/4377/7164,Brahmaeidae,"""Dactyloceras lucina (Drury, 1862)""","""Cameroon, Obout, IV-2004, Togo, Kloto Prefecture, no date, Cameroon, Ambazania, Mt. Cameroon, 8-VI-2019"""
ZH011,281.42,0.32,4.27,8.69,9.2,15.26,5.52,34.63,19.29,27.73,18.53,73.62,78.46,24.27,1,2300,Brahmaeidae,"""Brahmaea europaea Hartig, 1963""","""Italy, Monte Vulture, l.o., 15-IV-2008, H. Petens leg."""
ZH012,650.456,0.98,4.60,13.38,9.57,32.34,6.97,59.93,27.14,40.89,30.03,115.61,129.44,46.7,2,2475/2476,Brahmaeidae,"""Brahmaea hearseyi (White, 1862)""","""Vietnam, Khanh Hoa & Lam Dong, 2014"""
ZH013,1266.58,1.14,5.25,14.89,11.45,33.06,6.57,74.89,36.01,52.93,35.85,153.24,161.23,49.09,1,2342,Brahmaeidae,"""Brahmaea wallichii (Gray, 1831)""","""Vietnam, Di Linh mt., Lam Dong, 900 m, X-2013"""
ZH014,206.519,1.63,4.56,7.66,5.82,15.95,4.51,44.37,21.28,34.61,24.37,75.76,94.57,25.24,2,5962/5963,Brahmaeidae,"""Apona sp. (cf. ligustri Mell, 1930, chasiana Swinhoe)""","""Vietnam, Quang Nam, Tay Giang, Axan mt., 1300 m, XI-2017, T. Le Luong leg."""
ZH015,162.582,2.36,4.25,8.71,5.06,15.02,4.24,36.78,20.41,29.46,21.25,66.10,78.62,26.09,2,4808/4809,Eupterotidae,"""Eupterote geminata (Walker, 1855)""","""Vietnam, Kon tum, Ngoc Linh, VIII-2016, D,N. Van Leg"""
ZH016,156.39,0.74,3.12,10.17,6.11,19.84,4.02,48.76,24.79,34.85,25.41,93.54,103.64,30.76,1,905,Eupterotidae,"""Eupterote naessigi Holloway, 1987""","""Indonesia, N. Sumatra, S, Kalang, 5-VI-2000"""
ZH017,91.36,0.37,3.92,7.3,5.02,13.93,2.82,32.77,18.29,26.1,20.02,71.72,70.56,21.6,1,2768,Eupterotidae,"""Eupterote sp. (cf. harmani)""","""Malaysia, Pahang, Brinchang, 1500m, III/IV-2014, A. Vishnyakov leg."""
ZH018,222.38,1.01,3.85,7.89,5.46,16.55,4.18,35.88,18.14,27.1,17.58,58.01,77.24,25.45,1,906,Eupterotidae,"""Ganisa sp.""","""Borneo, Sabah, Mt. Trus Mali, 1200 m, IV-2006"""
ZH019,99.822,1.47,3.60,7.39,3.95,12.21,3.39,40.44,24.14,33.64,22.99,72.60,84.83,21.08,2,3575/3576,Eupterotidae,"""Melanothrix sp.""","""Vietnam, Da Nang, Ba Na mt., 1450 m, IV-2015"""
ZH020,1125.558,2.02,6.66,14.70,9.78,34.66,7.52,68.45,36.96,51.29,35.8,129.51,146.69,51.38,2,5611/5612,Eupterotidae,"""Pseudojana clemensi (Schultze, 1910)""","""Philippines, Mindanao, South Cotabato, Mt. Matutum, VI-2017"""
ZH021,641.39,1.22,5.23,15.13,10.07,27.39,6.93,55.33,31.03,43.37,29.43,112.58,120.73,43.74,1,2356,Eupterotidae,"""Pseudojana incandescens (Walker, 1855)""","""Vietnam, Di Linh mt., Lam Dong, 900 m, X-2013"""
ZH022,637.52,3.59,5.28,12.29,9.69,29.46,7.62,58.08,31.56,44.8,30.45,110.24,125.85,45.34,1,2056,Eupterotidae,"""Pseudojana perspicuafascia""","""Sumatra, Berastagi, Sidikalang, V-2011"""
ZH023,355.244,1.53,4.03,11.01,6.03,29.58,5.82,57.97,30.25,46.50,32.86,106.50,121.97,42.12,2,2131/2206,Eupterotidae,"""Tagora pallida Walker, 1855""","""Malaysia, Perak, Tapam Hills, II-2009, Sabah, Borneo, Trusmadi Mt., VII-2011"""
ZH024,311.05,2.43,5.11,8.75,6.21,30.77,4.15,53.77,27.56,41.55,26.97,98.45,113.75,41.95,1,3146,Eupterotidae,"""Tagora sp. (cf. sphingognatha)""","""Vietnam, Quang Ngai, Mt. Bato, 950 m, X-2014, T. Le Luong leg."""
ZH025,480.06,3.13,4.91,9.62,8.46,25.05,5.19,59.99,32.68,50.93,32.59,107.24,128.44,37.8,1,2066,Eupterotidae,"""Jana eurymas H.-S., 1854""","""Zambia, Mwinilunga (township), II-1999, F.M. Kayombo leg."""
ZH026,127.792,1.4,3.71,7.72,4.77,20.64,4.66,37.9,20.73,31.15,20.95,73.76,80.57,29.76,2,5830/5831,Eupterotidae,"""Parajana gabunica (Aurivillius, 1892)""","""Togo, Kpalime, VI-2014, Herzet leg."""
ZH027,46.59,0.57,2.64,6.21,3.82,9.44,2.87,21.46,11.88,18.91,12.12,41.24,46.75,16.22,1,6949,Eupterotidae,"""Stenoglene obtusus (Walker, 1864)""","""Rep. South Africa, Mpuma-langa prov., Lows Creek lodge, 25°39'57.46''S, 31°16'36.62''E, 13-II-2019, S.A. Knyazev leg."""
ZH028,261.349,1.79,4.52,9.63,6.97,24.20,5.11,49.88,29.55,42.87,29.11,94.44,106.74,35.62,2,7629/7630,Eupterotidae,"""Tantaliana tantalus (Herrich-Schäffer, 1854)""","""Rep. South Africa, Kwazulu-Natal, 6 km SE Muden, Mhlopeni Game Runch (29°0'49,45''S. 30°24'56,38''E), 22/23-III-2019, S,A. Knyazev leg."""
ZH029,54.24,1.15,3.10,5.96,3.98,9.16,3.65,20.47,10.08,16.86,10.89,40.94,44.92,16.28,1,7156,Eupterotidae,"""Phiala sp.""","""Rep. South Africa, Kwazulu-Natal, 6 km S Muden, Mhlopeni Game Runch, 29°0'49.45''S, 30°24'56.38''E, 23/24-II-2019, S.A. Knyazev leg."""
ZH030,68.92,1.46,2.93,6.45,4.41,9.72,3.50,21.06,11.71,19.22,12.89,42.45,46.54,17.64,1,7604,Eupterotidae,"""Phiala sp. (cf. costipuncta, wichgrafi)""","""Zimbabwe, Harare, 10-II-1990, J. Chitty leg."""
ZH031,49.492,0.72,2.63,5.60,3.97,8.85,2.39,19.10,11.40,17.10,11.91,39.51,42.18,15.18,2,7603/7615,Eupterotidae,"""Phiala sp. (cf. incana)""","""Zimbabwe, Vumba, 12-II-1999"""
ZH032,57.356,0.88,2.60,5.77,3.82,12.35,2.91,23.73,12.42,18.65,12.90,45.34,51.28,19.01,2,5767/5768,Eupterotidae,"""Poloma sp.""","""Rep. of South Africa, Kwazulu-Natal, (no loc.) , 2009"""
ZH033,98.619,1.00,3.37,5.52,4.74,11.25,3.55,24.41,12.22,19.55,13.79,47.62,53.57,17.77,2,6091/6104,Eupterotidae,"""Poloma angulata Walker, 1855""","""Rep. South Africa, KwaZulu-Natal, Pongola, Belvedere Game Ranch, 27°31'S, 31°45'E, 430 m, 22/26-II-2018, V. Kovtunivich leg."""
ZH034,247.85,1.48,4.43,8.04,6.19,24.95,4.75,46.97,25.57,39.23,27.97,91.28,100.14,34.48,1,7111,Eupterotidae,"""Striphnopteryx edulis (Boisduval, 1847)""","""Rep. South Africa, Limpopo, Soutpansberg Mt., 1423 m, 22°29'23''S, 29°54'56''E, 27/II-6-III-2014, S. Schellhorn & D. Stadie leg."""
ZH035,176.535,1.50,4.04,7.09,6.65,14.06,4.61,34.86,18.03,28.40,19.85,66.73,76.39,22.66,2,6090/60103,Eupterotidae,"""Phyllalia patens (Boisduval, 1847)""","""Rep. South Africa, Free State, Golden Gate Highlands 1900/2300 m, 26-II/4-III-2018, 28°30'54''S, 28°34'33''E, A.A. Marusov leg."""
ZI002,56.98,1.38,3.59,5.64,4.50,14.91,3.59,23.02,11.69,16.54,12.50,44.38,50.54,21.94,1,4823,Eupterotidae,"""Quentalia melchthala Schaus, 1929""","""Costa Rica, Monteverde, Santa Elena, 9-X-2015, V. Golovizin leg."""
ZI003,21.044,0.88,2.95,4.93,3.72,8.47,2.36,13.99,8.04,11.51,6.83,27.26,31.70,14.29,2,7644/7649,Bombycidae,"""Colla sp. (cf. opalifera)""","""Suriname, Brokopondo, S.A. Bergendal Resort (5°08'54.62''N, 55°04'7.24''W), 24-I-2018, Col. T. Taylor leg."""
ZI004,56.9,1.32,3.60,6.31,4.24,9.07,3.76,21.82,10.94,15.99,11.24,44.69,47.89,16.70,1,6558,Bombycidae,"""Epia muscosa (Butler, 1878)""","""Peru, Loreto, San Regis, I-2017"""
ZI005,52.049,1.34,3.21,5.23,3.48,7.33,2.48,18.59,8.49,13.70,8.82,35.83,40.67,13.90,2,6565/7583,Bombycidae,"""Epia picta Schaus, 1920""","""Peru, Loreto, San Regis, I-2017, Dep. Amazonas, Montenegro, 800-1200 m, XI-2009"""
ZI006,145.95,0.36,2.4,7.3,4.86,11.24,2.72,22.25,9.48,15.83,10.39,39.22,49.36,18.9,1,2425,Bombycidae,"""Bombyx mori L., 1758 (= mandarina Moore)""","""Korea, Gangwon-do, Hoengseong-gun, 4-X-2012"""
ZI007,70.443,1.04,3.08,6.32,4.59,10.92,3.52,17.79,7.54,12.98,7.94,34.43,40.17,18.28,4,2265/3888/4488/4489,Bombycidae,"""Bombyx sp. A (cf. huttoni, incomposita)""","""Vietnam, Lam Dong, Maria past, IX-2015, VII-2016, Lao Cai, Sapa Mt., 1800 m, VIII-2013, Lam Dong, Bào Lôc, VIII-2016, D.N. Van leg."""
ZI008,89.16,0.47,3.55,8.63,7.37,10.39,5.16,26.3,12.73,18.12,12.64,47.08,59.97,19.49,1,3082,Bombycidae,"""Bombyx sp B""","""Vietnam, Quang Ngai, Mt. Bato, 950 m, IX-2014"""
ZI009,98.325,1.09,3.54,6.22,4.54,11.13,3.36,21.27,10.14,15.10,8.86,40.31,47.09,18.44,2,2204/4817,Bombycidae,"""Gunda javanica (Moore, 1872)""","""Malaysia, Sabah, Borneo,Trusmadi Mt., VII-2011, V. Gromenko leg., Vietnam, Lam Dong, Bao Loc, X-2016, D.N. Van leg."""
ZI010,187.02,0.51,3.86,9.82,5.61,14.03,4.38,23.67,9.82,16.56,11.37,45.94,52.97,24.36,1,907,Bombycidae,"""Gunda ochraea""","""Malaysia, Fraser's Hill, 2007"""
ZI011,47.250,0.85,3.08,5.64,3.82,7.23,3.23,17.02,8.22,13.18,7.84,34.81,37.87,13.73,3,2347/7123/7443,Bombycidae,"""Ernolatia moorei (Hutton, 1865)""","""Vietnam, Sapa mt., Lao Cai prov., 1800 m, VIII-2013, Lâm Dông, Dà Lat, IV/V-2019, Malaysia, Borneo Island, Sabah, Trus Madi, VII-2011, V. Gromenko leg."""
ZI012,21.990,0.86,2.51,4.21,3.18,6.29,3.23,16.30,8.14,12.48,7.63,31.2,35.79,11.36,2,2354/3308,Bombycidae,"""Ocinara sp.""","""Vietnam, Di Linh mt., Lam Dong, X-2013, Quang Ngai, Bato Mt., I-2015"""
ZI013,33.82,0.71,2.67,4.81,2.93,6.94,1.99,14.86,7.32,11.21,6.34,29.56,32.65,12.46,1,3073,Bombycidae,"""Ocinara sp. (cf. albiceps)""","""Malaysia, Pahang, Genting Highlands, VI-2013"""
ZI014,27.460,0.39,2.38,4.63,3.97,6.88,2.30,15.66,7.88,12.27,7.96,29.91,35.30,11.90,2,2274/2422,Bombycidae,"""Penicillifera sp. cf. (apicalis Walker, 1862)""","""Vietnam, Lam Dong, Di Linh mt., 900 m, 2013, Le Luong Thanh leg."""
ZI015,19.582,1.10,2.63,4.35,3.08,5.96,2.16,11.83,6.79,9.72,6.46,22.19,26.75,11.42,2,7467/7468,Bombycidae,"""Racinoa obliquisigna (Hampson, 1910)""","""Uganda, Kabarole Fort Portal, Nkuruba lake nat. res., 21/29-XI-2019, V. Golovizin leg."""
ZJ001,56.34,1.16,2.47,5.93,3.49,9.91,2.06,34.68,19.67,33.06,18.74,65.03,72.86,17.00,1,1012,Bombycidae,"""Therinia sp.""","""no loc. (Ecuador?)"""
ZJ002,76.38,1.14,3.11,5.11,3.11,13.11,3.11,42.11,23.11,37.11,22.11,75.11,87.11,20.11,1,2946,Saturniidae,"""Therinia buckleyi (Druce, 1890)""","""French Guiana, Kaw Mt., 14-XII-2013"""
ZJ003,128.632,0.81,2.63,7.62,4.83,10.84,4.07,33.66,16.68,26.72,18.01,61.75,72.16,19.28,2,1223869,Saturniidae,"""Aglia tau (L., 1758)""","""Spain, Asturias, Pto. del Palo, Pola, 2014, Russia, Primorsky krai, Stokovsky distr., Anisimovka, V, Golovizin leg., 5-V-2017"""
ZJ004,375.095,1.82,5.22,8.55,7.14,25.33,6.96,71.36,38.05,61.93,39.23,114.18,149.86,35.71,2,4747/4753,Saturniidae,"""Caio championi (Druce, 1886)""","""Mexico, Veracruz, Tuxtla, VII-2016, Chiapas, Ocosingo, 3-VIII-2016"""
ZJ005,1091.45,1.12,5.20,13.20,8.20,30.20,8.20,83.20,45.20,74.20,48.20,164.20,174.20,44.20,1,2094,Saturniidae,"""Caio sp. (richardsoni? chiapasiana?)""","""No data (America)"""
ZJ006,503.46,1.52,4.74,8.55,7.46,21.74,6.44,61.17,33.51,56.6,34.96,101.97,129.80,31.81,1,4748,Saturniidae,"""Dysdaemonia boreas (Cramer, 1775)""","""Mexico, Veracruz, Soteapan, X-2016"""
ZJ007,124.01,1.61,4.8,9.39,7.03,18.62,3.88,41.12,21.65,34.34,19.45,77.17,89.28,29.62,1,928,Saturniidae,"""Periphoba arcaei (Druce, 1886)""","""no loc. (America)"""
ZJ008,1509.26,0.82,4.71,18.5,12.57,31.71,6.83,55.82,24.24,33.23,24.23,104.50,124.21,51.03,1,2224,Saturniidae,"""Othorene hodeva (Druce, 1904)""","""French Guiana, Piste de Coralie Km 7.5, 13-VI-2013"""
ZJ009,1132.46,0.25,5.81,14.81,10.81,22.81,8.81,43.81,20.81,26.81,21.81,85.81,97.81,36.81,1,2999,Saturniidae,"""Syssphinx molina (Cramer, 1781)""","""Brasil, Sao Bento, Santa Catarina, XII-2013"""
ZJ010,57.65,0.66,2.50,6.55,4.11,10.61,4.54,22.76,10.07,14.75,8.39,41.88,49.63,17.83,1,6173,Saturniidae,"""Anisota sp.""","""U.S.A., no data (probl. 1960-1970)"""
ZJ011,72.494,0.62,2.77,6.01,4.30,12.1,3.13,20.17,9.42,14.63,9.67,37.32,44.64,18.74,3,3918/4699/4700,Saturniidae,"""Dryocampa rubicunda (Fabricius, 1795)""","""U.S.A., Arkansas, Franklin, Osark Natl. Forest (1/ mile E of 1512+1514 on 1514), 23-VI-1993, Indiana, Harrison Co., Depauwi, 26-V-2016, Crawford Co., Marengo, 11-VI-2016"""
ZJ012,169.68,0.24,3.87,8.3,6.58,17.11,5.15,26.08,12.52,17.61,12.18,52.09,58.74,25.61,1,2997,Saturniidae,"""Adeloneivaia boliviana (Bouvier, 1827)""","""Bolivia, Cochabamba, El Charare, VIII-2014"""
ZJ013,93.24,0.23,4.31,6.31,4.31,12.31,3.31,19.31,9.31,13.31,9.31,36.31,42.31,19.31,1,2994,Saturniidae,"""Psilopygida (Psigida) crispula (Dognin, 1905)""","""Bolivia, Cochabamba, El Chapare, I-2010"""
ZJ014,489.95,1.36,5.38,10.54,8.08,20.52,6.07,35.65,14.13,19.61,14.80,69.58,79.40,32.43,1,5357,Saturniidae,"""Adelowalkeria eugenia Druce, 1904""","""French Guiana, Sant Laurent de Maroni, Village Espérance, VII-2017, R. Thibault leg."""
ZJ015,845.532,1.16,5.69,10.56,8.12,24.78,7.70,45.11,19.25,28.47,19.54,87.43,98.35,36.50,4,4751/4760/4761/4765,Saturniidae,"""Citheronia azteca (Schaus, 1896)""","""Mexico, Chiapas, Ocosingo, 3-VIII-2016, Quintana Roo, Sian ka'an, 19-VIII-2016, Veracruz, San Andrés Tuxtla, 2-XI-2016"""
ZJ016,414.789,1.00,5.44,9.33,7.82,20.38,6.45,41.33,17.46,26.56,18.52,74.10,90.49,30.72,2,4752/4767,Saturniidae,"""Citheronia mexicana (Grote & Robinson, 1866)""","""Mexico, Chiapas, Ocosingo, 3-VIII-2016, Veracruz, San Andrés Tuxtla, 2-XI-2016"""
ZJ017,124.58,0.25,3.71,8.01,5.78,14.33,4.7,31.84,15.76,26.11,15.97,60.87,69.46,22.53,1,2995,Saturniidae,"""Dirphiopsis epiolina (Felder, 1874)""","""Brasil, Sao Bento, Santa Catarina, XII-2013"""
ZJ018,90.87,0.73,3.39,8.37,6.12,11.52,3.94,26.27,12.72,21.18,15.92,45.67,58.66,20.62,1,2225,Saturniidae,"""Ormiscodes amphinome (Fabricius, 1775)""","""Chile, Nuble, Los Lleuques-Pinto, 2-VI-2013"""
ZJ019,111.55,0.41,2.92,6.34,5.25,12.12,3.72,25.72,11.83,19.42,12.66,48.13,56.69,18.87,1,2193,Saturniidae,"""Hemileuca nevadensis Strech, 1872""","""U.S.A., California, Santa Barbara, 2013"""
ZJ020,72.934,0.67,2.94,5.79,4.23,9.12,3.51,20.65,11.01,16.39,11.55,39.08,45.54,15.6,2,7642/7643,Saturniidae,"""Hylesia ebalus (Cramer, 1775)""","""Suriname, Brokopondo, S.A. Bergendal Resort (5°08'54.62''N, 55°04'7.24''W), 22-I/21-II-2018, Col. T. Taylor leg."""
ZJ021,57.01,0.44,2.66,6.69,4.22,10.17,2.40,20.31,9.96,14.62,8.92,39.34,44.82,17.26,1,2992,Saturniidae,"""Hylesia nanus (Walker, 1855)""","""Bolivia, Cochabamba, El Chapare, VIII-2014"""
ZJ022,117.119,0.97,3.70,7.70,4.70,12.70,4.70,27.70,15.70,22.70,14.70,53.70,59.70,21.70,2,4382/4383,Saturniidae,"""Automeris io (Fabricius, 1775)""","""U.S.A., Louisiana, St. Tammany Parish, 30°3,986'N, 89°57.276W, 12-IV-2015, 12-VIII-2014, V.A. Brou leg."""
ZJ023,718.46,1.21,5.59,14.36,8.46,25.12,6.34,63.77,36.82,49.25,37.42,120.67,136.03,40.69,1,4381,Saturniidae,"""Automeris janus (cramer, 1775)""","""French Guiana, Montagne de Kaw, II-2016"""
ZJ024,141.082,0.90,3.72,6.53,5.20,16.20,4.63,35.12,19.06,27.74,19.68,65.45,75.45,23.64,3,4762/4763/4764,Saturniidae,"""Automeris sp. (randa / moloneyi)""","""Mexico, Quintana Roo, Sian ka'an, 19-VIII-2016"""
ZJ025,194.72,0.80,5.10,8.89,7.24,19.09,5.86,47.57,27.83,36.54,25.06,86.31,102.38,28.78,1,4464,Saturniidae,"""Automeris sp. (watsoni/abdominalis/excreta?)""","""Costa Rica, Limón, near Guapiles, 10,1598N 083.80181W, VI-2015"""
ZJ026,614.186,2.21,5.58,11.79,7.73,21.68,7.21,75.34,39.36,53.18,38.83,128.93,158.42,35.68,2,3101/3646,Saturniidae,"""Salassa sp.""","""Vietnam, Quang Ngai, Mt. Bato, 950 m, IX-2014, Lam Dong, Di Linh, IV-2015"""
ZJ027,234.858,1.47,4.12,8.52,5.19,12.86,4.40,55.49,30.46,44.56,30.68,91.96,116.18,22.85,2,4756/4757,Saturniidae,"""Rothschildia cincta (Tepper, 1883)""","""Mexico, Quintana Roo, Sian ka'an, 19-VIII-2016"""
ZJ028,786.87,2.21,4.58,11.9,7.25,19.28,10.76,72.35,40.80,64.23,41.69,118.02,151.95,33.39,1,2095,Saturniidae,"""Rothschildia orizaba (Westwood, 1854)""","""No data (America)"""
ZJ029,441.79,1.92,5.43,13.09,6.16,12.52,7.08,91.84,40.20,60.49,43.46,139.33,189.85,27.54,1,7170,Saturniidae,"""Epiphora vacuna (Westwood, 1849)""","""Cameroon, Ambazania, Mt. Cameroon, 8-VI-2019"""
ZJ030,241.775,1.57,4.59,9.64,5.34,11.38,4.52,75.01,35.48,54.08,35.78,122.67,155.37,22.6,2,3710/3711,Saturniidae,"""Samia sp.""","""Vietnam, Quang Ngai, Bato mt., 1200 m, III-2015, Da Nang, Ba Na mt., 1450 m, V-2015"""
ZJ031,690.229,2.43,4.91,11.08,7.91,18.89,7.93,67.33,36.38,49.19,33.38,153.46,142.58,32.41,2,7146/7147,Saturniidae,"""Hyalophora cecropia (L., 1758)""","""Canada, Québec, Pont-Rouge, 26-V-2019, 10/18-VI-2019"""
ZJ032,350.710,1.76,3.91,10.97,6.18,13.39,6.12,51.68,25.75,39.33,24.41,89.29,109.55,26.13,2,7149/7150,Saturniidae,"""Hyalophora columbia (Smith, 1865)""","""Canada, Québec, Pont-Rouge, 10/14-VI-2019"""
ZJ033,993.410,2.91,6.68,14.64,7.82,17.94,8.80,110.06,50.12,85.99,48.93,194.11,227.94,35.49,2,3709/6214,Saturniidae,"""Archaeoattacus edwardsii (White, 1859)""","""Vietnam, Quang Ngai, Bato mt.,1200 m, II-2015, Cao Bang, V-2018, D.N. Van leg."""
ZJ034,1074.840,2.34,5.72,15.03,9.90,21.07,7.25,109.35,55.84,76.77,51.93,200.14,228.61,38.45,3,506/2805/2831,Saturniidae,"""Attacus atlas (L., 1758)""","""Indonesia, Kota-Kinabalu?, Sabah, Borneo, East Malaysia, Vietnam, Da Nang, Ba Na mt, 1450 m, VI-2014"""
ZJ035,66.65,1.01,3.73,6.48,4.43,12.7,4.64,37.64,19.24,28.7,18.58,69.45,79.71,20.19,1,2684,Saturniidae,"""Loepa sp. A (cf. sikkima)""","""Vietnam, Quang Ngai, Bato mt. 950 m, IV-2014"""
ZJ036,225.412,2.02,5.09,11.94,5.60,15.31,5.96,57.75,27.23,40.64,30.01,95.83,121.12,29.27,2,7118/7119,Saturniidae,"""Loepa sp. B (cf. diffundata)""","""Vietnam, Lâm Dông, Dà Lat, IV-2019"""
ZJ037,147.35,0.42,4.05,7.56,6.77,13.8,4.57,37.71,18.63,26.22,18.25,72.83,82.19,21.78,1,2420,Saturniidae,"""Cricula trifenestrata (Helfer, 1837)""","""Vietnam, Lam Dong, Di Linh mt., 900 m, VII-2013, Le lUong Thanh leg."""
ZJ038,67.41,0.63,3.87,5.76,4.75,8.68,4.45,32.02,16.76,23.78,17.03,58.58,68.79,15.07,1,3120,Saturniidae,"""Cricula parvifenestrata (Bryk, 1944)""","""Vietnam, Yen Bai, V-2014, Le Xuan Xung leg."""
ZJ039,157.050,1.03,3.89,8.55,4.84,11.32,3.10,37.91,19.94,26.96,19.78,63.87,80.67,20.91,2,2826/2827,Saturniidae,"""Cricula sp.""","""Vietnam, Quang Ngai, Bato Mt., 950 m, IV-2014, V-2014"""
ZJ040,568.727,1.83,5.22,12.45,8.03,18.74,6.58,80.37,36.93,47.13,39.34,142.64,168.78,33.02,2,3099/3160,Saturniidae,"""Antheraea assamensis Helfer, 1837""","""Vietnam, Quang Ngai, Mt. Bato, 950 m, IV-2014"""
ZJ041,371.06,0.80,6.35,8.06,9.02,12.50,6.76,56.33,30.01,41.91,29.05,95.16,121.70,21.37,1,7257,Saturniidae,"""Antheraea polyphemus (Cramer, 1776)""","""Canada, Québec, Pont-Rouge, 10/18-VI-2019"""
ZJ042,1674.36,2.43,7.05,17.58,11.07,23.41,10.32,86.02,43.82,153.81,5.22,157.06,183.11,43.38,1,4308,Saturniidae,"""Argema mittrei (Guerin-Meneville, 1847)""","""Madagascar, Kla Mandraca, VIII-2002"""
ZJ043,331.940,1.06,4.09,9.62,7.44,16.20,5.91,51.19,27.71,62.84,25.64,90.72,109.83,26.88,3,13/642/2186,Saturniidae,"""Actias isabellae (Graells, 1849)""","""Spain, Cuenca. La Mogorrita, 2006"""
ZJ044,699.599,0.72,4.68,11.97,9.15,21.45,6.18,78.61,37.27,103.44,16.63,121.98,166.37,34.15,2,2830/3578,Saturniidae,"""Actias selene (Hübner, 1806)""","""Vietnam, Da Nang, Ba Na mt, 1450 m, VI-2014, Quang Ngai, Mt. Bato, 1200 m, III-2015, T. Le Luong leg."""
ZJ045,713.925,0.58,5.14,12.86,9.03,20.71,6.05,72.29,31.06,147.18,3.29,117.87,153.62,34.16,2,1255/1256,Saturniidae,"""Actias maenas (Doubleday, 1847)""","""Vietnam, Lao Cai, no data (2015)"""
ZJ046,219.85,0.99,3.08,10.80,6.83,18.53,5.51,53.07,30.42,44.24,29.80,102.02,112.97,30.33,1,2096,Saturniidae,"""Copaxa sp.""","""No data (America)"""
ZJ047,968.605,2.09,5.81,12.35,9.10,24.05,8.6,78.62,38.44,52.60,42.66,134.96,166.35,38.49,2,1254/6212,Saturniidae,"""Rinaca simla (Westwood, 1847)""","""Vietnam, Lam Dong, Lac Duong, Bidoup Nui Ba Natl. Pak, 10-X-2015, Vo Van Nhnon leg., Da Lat, XI-2017, D.N. Van leg."""
ZJ048,854.375,0.35,5.46,12.92,10.78,21.43,10.38,62.28,32.83,48.48,35.8,127.40,135.35,34.71,3,12/641/961,Saturniidae,"""Saturnia pyri (Denis & Schifermüller, 1775)""","""Spain, Jaen, Cazorla, IV-1977, Madrid, Miraflores, 1998"""
ZJ049,66.41,0.46,1.85,6.62,4.37,7.13,3.43,30.25,14.99,22.81,14.91,58.89,64.87,14.21,1,2185,Saturniidae,"""Saturnia (Eudia) pavonia (L., 1758)""","""Spain, no data"""
ZJ050,112.403,0.52,2.85,7.45,6.04,12.64,4.18,27.29,12.58,18.1,12.86,51.53,60.64,20.60,1,224,Saturniidae,"""Ludia sp. cf. orinoptena Karsh, 1892""","""Ecuatorial Guinea, Bata (Río Muni), X-1964"""
ZJ051,131.298,1.09,4.19,9.07,5.39,12.78,5.47,34.48,17.10,21.93,16.68,61.84,74.36,22.95,2,5662/5663,Saturniidae,"""Carnegia mirabilis (Aurivillius, 1895)""","""Cameroun, no data (2014-2016)"""
ZJ052,136.563,0.88,4.00,8.73,5.57,16.17,5.83,33.36,17.59,22.96,16.91,53.49,72.29,25.78,4,5646/5647/5648/5649,Saturniidae,"""Orthogonioptilum prox Karsch, 1892""","""Cameroun, Buea, 2015"""
ZJ053,135.842,1.32,4.40,8.92,5.94,12.85,5.74,35.88,17.95,24.38,17.37,65.25,77.72,23.10,8,5654-5657/5650-5653,Saturniidae,"""Orthogonioptilum vestigiata (Holland, 1893)""","""Cameroun, Buea, 2015, no data (2014-2016)"""
ZJ054,95.363,0.51,3.53,6.51,5.15,14.19,4.08,31.64,16.39,24.51,15.76,56.79,68.44,21.21,2,212/762,Saturniidae,"""Orthogonioptilum sp. cf. kahli (Holland, 1921)""","""Ecuatorial Guinea, Bata (Río Muni), X-1964"""
ZJ055,166.88,1.44,4.03,9.30,5.33,13.22,3.73,36.40,19.19,25.81,18.93,66.14,78.13,23.97,1,7165,Saturniidae,"""Otthogonioptilum sp. (solium / occidentalis ?)""","""Cameroon, Ambazania, Mt. Cameroon, 8-VI-2019"""
ZJ056,196.662,0.72,4.36,8.35,6.17,12.01,4.84,36.24,16.96,23.42,16.56,60.83,78.66,21.09,2,5644/5645,Saturniidae,"""Micragone sp. (cf.: nenia)""","""Cameroun, Buea, 2015"""
ZJ057,49.36,0.69,2.80,6.80,4.80,9.80,3.80,24.80,10.80,15.80,11.80,45.80,52.80,16.80,1,5511,Saturniidae,"""Micragone sp. (cf. joiceyi Bourier, 1930)""","""Cameroun, Buea, 2015"""
ZJ058,82.472,1.11,3.42,7.33,4.97,11.86,4.39,38.59,18.54,26.18,19.14,63.02,82.17,20.31,4,5658/5660/5661/7166,Saturniidae,"""Goodia falcata (Aurivillius, 1893)""","""Cameroun, Buea, 2015, Ambazania, Mt. Cameroon, 8-VI-2019"""
ZJ059,119.01,1.37,4.04,7.7,5.47,17.29,6.21,42.6,19.13,26.55,20.07,69.33,90.67,26.36,1,5659,Saturniidae,"""Dogoia sp. (cf. astrica, unguiculata)""","""Cameroun, no data (2014-2016)"""
ZJ060,200.81,1.30,4.25,10.09,6.01,18.27,4.64,56.05,28.28,38.52,26.99,86.67,118.11,29.67,1,7168,Saturniidae,"""Aurivillius drumonti Bouyer, 2008""","""Cameroon, Ambazania, Mt. Cameroon, 8-VI-2019"""
ZJ061,433.542,1.02,5.07,11.68,9.22,19.84,6.49,64.38,35.68,43.35,32.11,99.07,137.99,32.54,2,7246/7247,Saturniidae,"""Lobobunaea sp.( cf. goodii Holland, 1893)""","""Cameroon, Ambazania, Mt. Cameroon, 8-VI-2019"""
ZJ062,304.70,0.81,3.93,8.87,6.88,17.58,4.55,51.81,28.39,44.32,27.72,82.53,110.51,27.26,1,4579,Saturniidae,"""Imbrasia ertli Rebel, 1904""","""Malawi, Rumphi Distr., Myrica N.P., 1960 m, 25-XII-2010 (10° 41' 30'' S, 33° 39' 56'' E), A. Sochivko leg."""
ZJ063,565.109,1.55,4.84,12.62,7.38,20.92,5.96,73.29,34.04,60.54,35.03,124.19,153.96,35.10,3,7171/7172/7173,Saturniidae,"""Imbrasia truncata Aurivillius, 1909""","""Cameroon, Ambazania, Mt. Cameroon, 8-VI-2019"""
ZJ064,878.23,1.19,6.18,12.86,10.69,31.98,6.24,84.56,43.22,55.39,38.03,136.86,179.82,46.04,1,223,Saturniidae,"""Bunaea alcinoe (Stoll, 1870)""","""Ecuatorial Guinea, Bata (Río Muni), X-1964"""
ZJ065,297.781,1.02,4.50,10.56,6.59,17.97,5.09,56.97,30.15,39.65,26.69,90.35,120.53,29.56,4,7175-7177/7244,Saturniidae,"""Gonimbrasia (Nudaurelia) alopia Westwood, 1849""","""Cameroon, Ambazania, Mt. Cameroon, 8-VI-2019"""
ZJ066,338.21,0.95,3.69,10.62,6.07,17.11,3.86,62.13,33.43,44.18,30.15,97.84,130.33,28.68,1,7169,Saturniidae,"""Gonimbrasia (Nudaurelia) dione (Fabricius, 1793)""","""Cameroon, Ambazania, Mt. Cameroon, 8-VI-2019"""
ZJ067,419.51,2.15,4.56,10.83,7.69,19.17,5.42,55.55,29.45,35.87,28.91,92.37,118.80,32.15,1,7167,Saturniidae,"""Gonimbrasia (Nudaurelia) jamesoni (Druce, 1890)""","""Cameroon, Ambazania, Mt. Cameroon, 8-VI-2019"""
ZJ068,387.726,1.23,5.09,10.92,7.90,20.17,6.26,60.28,33.29,41.74,28.16,93.14,128.46,32.34,2,7248/7249,Saturniidae,"""Gonimbrasia (Nudaurelia) sp. cf. melanops (Bouvier, 1930)""","""Cameroon, Ambazania, Mt. Cameroon, 8-VI-2019"""
ZK001,172.110,3.22,5.82,9.51,8.93,17.42,7.92,27.02,8.98,13.48,8.62,55.3,62.98,30.16,2,3222/3223,Saturniidae,"""Cephonodes pictus (Cramer, 1777)""","""Vietnam, Ha Giang, VI-2014, N. Son leg."""
ZK002,81.21,1.61,3.92,7.65,5.17,12.82,6.57,21.67,7.67,11.11,6.72,39.02,48.51,22.08,1,3239,Sphingidae,"""Hemaris diffinis (Boisduval, 1836)""","""U.S.A., Tennessee, Franklin, VI-2012"""
ZK003,70.040,1.50,3.84,8.22,5.59,11.42,6.89,23.64,7.52,11.91,7.52,48.07,52.88,21.15,2,7153/7351,Sphingidae,"""Hemaris thysbe (Fabricius, 1775)""","""Canada, Québec, Saint-Raymond, 4-VII-2019"""
ZK004,245.39,3.05,6.38,10.56,7.17,21.97,5.87,32.53,8.98,18.74,11.25,70.01,72.23,35.02,1,7611,Sphingidae,"""Callionima inuus Rothschild & Jordan, 1903""","""Argentina, Misiones, Dos de Mayo, 500 m, 28-I-2006"""
ZK005,274.534,2.34,6.15,10.46,7.67,21.11,7.16,32.39,9.65,19.70,9.60,66.57,72.45,33.92,3,7612/7613/6700,Sphingidae,"""Callionima parce (Fabricius, 1775)""","""Argentina, Misiones, San Vicente, Rovira?, 4-VIII-2006, Peru, Loreto, no loc., I-2017"""
ZK006,378.439,2.72,7.90,13.28,9.71,28.75,9.58,43.16,15.84,28.04,16.12,83.54,96.04,44.75,2,2620/4773,Sphingidae,"""Erinnyis yucatana (Druce, 1888)""","""Mexico, Veracruz, San Andrés Tuxtla, 2-XI-2016"""
ZK007,304.36,3.06,6.41,11.24,7.59,23.72,6.81,36.36,11.66,22.54,11.02,70.18,80.31,38.02,1,4787,Sphingidae,"""Erinnyis sp. (cf. obscura Fab.)""","""Paraguay, Dep. Central, Cerro Lambaré, 1990, J. Herranz leg."""
ZK008,137.948,2.11,3.92,8.75,6.03,13.17,6.29,22.30,6.97,13.48,7.46,45.44,50.64,24.04,2,4384/4385,Sphingidae,"""Amphion floridensis (Clark, 1920)""","""U.S.A., Louisiana, St. Tammany Parish, 30°3,986'N, 89°57.276W, 25-VI-2015, 26-V-2015, V.A. Brou leg."""
ZK009,1355.42,3.09,9.82,16.39,13.28,43.24,11.71,63.14,21.83,32.97,16.29,132.56,139.57,62.73,1,5355,Sphingidae,"""Eumorpha anchemolus (Cramer, 1779)""","""French Guiana, Sant Laurent de Maroni, Village Espérance, VII-2017, R. Thibault leg."""
ZK010,843.974,3.38,8.58,16.87,11.63,35.2,9.15,52.92,17.81,31.73,17.01,110.76,117.47,55.45,2,2457/2458,Sphingidae,"""Eumorpha labruscae (L., 1758)""","""Paraguay, Dep. Central, Cerro Lambaré, 1990, J. Herranz leg."""
ZK011,629.378,2.85,8.37,14.35,8.57,31.15,7.93,49.47,15.21,28.69,16.43,94.51,107.53,48.36,2,4776/4778,Sphingidae,"""Eumorpha satellitia (L., 1771)""","""Mexico, Veracruz, San Andrés Tuxtla, 2-XI-2016, Quintana Roo, Coba, VIII-2016"""
ZK012,386.647,2.91,7.43,13.22,9.91,23.58,7.50,30.24,9.9,17.53,11.23,67.61,70.40,39.72,2,1011/5404,Sphingidae,"""Enyo lugubris (L., 1771)""","""No loc. (America), Guiana Française, Sant Laurent de Maroni, Village Espérance, V-2017, R. Thibault leg."""
ZK013,39.392,1.00,2.74,5.39,4.23,7.09,3.02,12.72,3.91,8.71,4.82,28.63,29.69,13.49,2,7160/7161,Sphingidae,"""Sphingonaepiopsis gorgoniades (Hübner, 1819)""","""Russia, South Urals, Orenburg, Kuvandyksky, Kuvandyck touwn suburbs, 6-VI-2018, V. Zurilina leg."""
ZK014,192.63,1.78,5.49,10.25,7.20,17.64,7.83,25.09,9.90,14.52,9.72,52.09,57.39,29.68,1,7610,Sphingidae,"""Atemnora westermannii (Boisduval, 1875)""","""Malawi, Chinteche, 2000', 7-I-1993"""
ZK015,130.57,2.59,4.98,12.48,5.67,11.82,5.35,24.12,9.94,14.17,10.2,47.65,53.91,26.89,1,2483,Sphingidae,"""Hypaedalea insignis Butler, 1877""","""Ecuatorial Guinea, Rio Muni, Bata, II-1964"""
ZK016,108.730,2.02,4.52,8.90,6.74,14.36,6.59,18.98,7.74,11.49,7.59,41.36,44.71,25.29,2,509/2097,Sphingidae,"""Leucostrophus commasiae (Walker, 1856)""","""Ecuatorial Guinea, Bata-Rio Muni, 1964, XI-1965"""
ZK017,299.667,3.23,6.25,11.23,8.77,20.08,9.36,29.42,9.78,17.51,9.89,59.99,67.62,34.54,3,3296/3297/3298,Sphingidae,"""Macroglossum mitchelli (Menetries, 1857) ""","""Vietnam, Yen Bai, V/VI-2014, N. Son leg."""
ZK018,116.117,1.79,4.75,8.42,7.03,11.76,6.89,19.09,6.47,11.58,7.38,46.53,45.23,21.98,4,14/643/2174/2175,Sphingidae,"""Macroglossum stellatarum (L., 1758)""","""Spain, Madrid, Navacerrada """
ZK019,729.101,6.01,9.28,18.24,13.09,31.22,10.64,48.13,17.85,26.51,16.39,103.95,109.36,55.48,1,508,Sphingidae,"""Nephele aequivalens (Walker, 1856)""","""Ecuatorial Guinea, Bata (Río Muni), I-1964"""
ZK020,146.256,1.65,4.42,8.07,6.14,16.3,5.35,26.72,8.52,18.14,10.36,55.70,59.58,26.03,3,4526/4527/4528,Sphingidae,"""Darapsa myron (Kramer, 1779)""","""U.S.A., Washington DC, III/VIII-2012"""
ZK021,136.503,1.44,4.51,9.31,8.34,16.87,6.92,27.51,9.26,18.73,9.60,61.10,63.38,27.63,4,16/645/2172/2173,Sphingidae,"""Deilephila porcellus (L., 1758)""","""Spain, Ávila, La cebedilla"""
ZK022,135.829,1.62,3.20,7.20,5.20,19.20,4.20,28.20,7.20,16.20,6.20,55.20,61.20,28.20,2,2098/5664,Sphingidae,"""Hippotion balsaminae (Walker, 1865)""","""Ecuatorial Guinea, Bata-Rio Muni, I-1964, Cameroun, Buea, 2015"""
ZK023,135.327,3.11,5.36,8.32,6.54,16.45,3.49,25.99,7.41,14.92,6.91,55.97,58.52,27.89,2,7606/7607,Sphingidae,"""Hippotion boerhaviae (Fabricius, 1775)""","""Philippines, Negros Oriental, Mt, Tindus Batu, 1999"""
ZK024,241.29,1.77,5.66,10.41,9.37,16.09,7.83,33.95,11.23,19.84,11.85,68.73,77.27,28.27,1,4893,Sphingidae,"""Hyles euphorbiae (L., 1758)""","""Spain, Guadalajara, Durón, 730 m., 30-IV-2017, E.G.B. leg."""
ZK025,354.730,1.52,6.05,13.83,9.61,17.66,7.77,36.16,11.31,21.42,10.6,79.54,81.94,33.01,2,17/646,Sphingidae,"""Hyles livornica (Esper, 1779)""","""Spain, Madrid, Cercedilla, El Ventorrillo, 1993"""
ZK026,202.159,2.72,5.97,11.24,7.00,19.51,5.97,32.12,9.19,19.25,9.48,59.25,71.25,33.48,2,7608/7609,Sphingidae,"""Xylophanes pluto (Fabricius, 1777)""","""Argentina, Jujuy, Calilegua, 16-XI-2009, C,P. Baker leg."""
ZK027,1020.545,2.08,7.88,18.04,11.41,26.92,9.06,68.17,22.68,38.01,20.1,141.10,147.76,47.05,2,3567/4170,Sphingidae,"""Langia zenzeroides Moore, 1872""","""Vietnam, Lao Cai, Sapa mt., 1800 m, IV-2015, 10-IV-2016, Vo Van Nhon leg."""
ZK028,354.810,2.28,5.87,11.90,8.81,22.14,7.94,46.95,17.48,22.79,14.51,95.79,102.71,36.32,2,3571/3643,Sphingidae,"""Ambulyx ochracea Butler, 1885""","""Vietnam, Lao Cai, Sapa mt., 1800 m, IV-2015, Lam Dong, Dà Lat, V-2015"""
ZK029,690.14,2.11,7.43,15.16,10.37,32.96,9.21,58.03,22.26,29.83,18.41,99.65,126.43,50.23,1,3602,Sphingidae,"""Ambulyx sp.""","""Vietnam, Quang Ngai, Mt. Bato, 1200 m, III-2015, T. Le Luong leg."""
ZK030,767.378,3.56,7.65,15.56,10.94,28.86,11.23,62.54,22.27,32.19,19.87,125.38,136.02,47.99,2,1251/1253,Sphingidae,"""Amplypterus panopus (Cramer, 1779)""","""Vietnam, Lao Cai, Sapa, VIII-2015,  IX-2015, Vo Van Nhon leg."""
ZK031,243.69,2.42,5.76,10.94,7.49,23.47,6.64,53.62,18.23,25.27,11.09,104.49,114.73,36.83,1,3140,Sphingidae,"""Protambulyx ockendeni Rothschild & Jordan, 1903""","""Peru, Oxapampa, 2100 m, 19-X-2009"""
ZK032,314.45,2.57,5.98,10.99,6.77,26.75,6.46,53.2,17.02,24.35,11.54,99.12,113.17,40.31,1,4759,Sphingidae,"""Protambulyx strigilis (L., 1771)""","""Mexico, Quintana Roo, Coba, VIII-2016"""
ZK033,157.22,1.71,5.23,8.07,6.08,16.7,4.22,31.56,11.19,21.93,11.98,66.72,69.21,26.47,1,2484,Sphingidae,"""Rufoclanis rosea (Druce, 1882)""","""Ecuatorial Guinea, Rio Muni, Bata, IV-1964"""
ZK034,126.894,1.68,4.34,8.21,4.72,16.30,4.15,31.11,11.43,19.84,12.35,60.10,66.93,26.19,2,5669/7614,Sphingidae,"""Chloroclanis virescens (Butler, 1882)""","""Cameroun, Buea, 2015, Uganda, Mabira Forest, 1154 m., 2010, P. Holt leg."""
ZK035,239.641,3.07,5.44,9.25,5.17,18.39,5.17,36.28,12.39,21.17,13.78,71.24,77.74,30.72,2,5667/5668,Sphingidae,"""Polyptychus carteri (Butler, 1882)""","""Cameroun, Buea, 2015"""
ZK036,148.67,1.52,4.71,8.52,4.93,16.69,4.78,29.49,8.92,17.61,11.65,56.04,63.88,26.71,1,5665,Sphingidae,"""Polyptychus sp. (cf. nigriplaga, murinus, potiendus)""","""Cameroun, Buea, 2015"""
ZK037,127.671,1.42,4.41,8.36,6.77,19.99,6.88,33.14,10.60,22.17,12.56,68.24,73.06,29.79,2,7487/7488,Sphingidae,"""Callambulyx tatarinovii (Bremer & Grey, 1853)""","""Russia, E. Siberia, Buryatia, Ivolginskiyi distr., near Ivolginsk, 600 m, 3-VIII-2017, A. Filippov leg."""
ZK038,304.281,2.25,4.96,10.11,7.96,16.59,6.20,37.08,13.70,23.40,16.81,74.41,82.12,28.96,2,7524/7530,Sphingidae,"""Laothoe populi (L., 1758)""","""Spain, Ávila, El Hornillo, 15-VIII-1985, J.L. Viejo et al. leg.,  Guadalajara, Durón, 10-VIII-2020, E.G.B. leg."""
ZK039,453.688,0.36,5.15,8.87,8.39,18.53,7.91,38.44,11.40,23.21,13.42,80.90,85.28,27.77,2,5846/5877,Sphingidae,"""Smerinthus ocellata (L., 1758)""","""Spain,  Madrid, Cabanillas, 19-VI-1998"""
ZK040,1124.499,4.85,7.48,13.61,10.50,28.92,7.65,61.71,20.8,34.38,17.32,122.87,133.93,47.39,1,507,Sphingidae,"""Xanthopan morgani (Walker, 1856)""","""Ecuatorial Guinea, Bata (Río Muni), I-1964"""
ZK041,932.304,4.44,8.96,15.76,11.62,33.61,11.14,55.68,20.02,30.52,15.81,111.57,123.00,53.82,2,7592/7595,Sphingidae,"""Cocytius (Amphonyx) duponchel (Poey, 1832)""","""Bolivia, El Chaparé, Cochabamba, I-2016"""
ZK042,1270.75,5.91,10.11,20.67,12.98,41.56,10.84,66.08,21.73,35.74,17.33,131.75,145.14,68.15,1,5354,Sphingidae,"""Neococytius cluentius (Cramer, 1775)""","""French Guiana, Sant Laurent de Maroni, Village Espérance, VII-2017, R. Thibault leg."""
ZK043,227.418,1.77,4.73,10.24,7.32,21.33,7.29,36.32,11.56,21.87,11.61,75.01,79.96,33.34,3,2176/2177/2442,Sphingidae,"""Sphinx pinastri L., 1758""","""Spain, no data"""
ZK044,322.417,2.69,6.77,11.41,7.29,25.66,7.15,45.34,15.18,25.96,14.45,83.22,97.98,39.76,4,4775/4777/4779/4780,Sphingidae,"""Manduca barnesi (Clarl, 1919)""","""Mexico, Veracruz, San Andrés Tuxtla, 2-XI-2016, Quintana Roo, Coba, VIII-2016"""
ZK045,172.16,3.09,5.95,10.01,7.01,18.59,5.55,41.01,14.26,21.15,9.69,76.56,89.04,31.69,1,4771,Sphingidae,"""Manduca lefeburii (Guérin-Méneville, 1844)""","""Mexico, Quintana Roo, Sian ka'an, 19-VIII-2016"""
ZK046,753.63,4.21,9.00,17.76,11.14,33.05,8.38,53.79,19.55,31.94,17.37,110.90,118.72,55.02,1,2456,Sphingidae,"""Manduca rustica (Fabricius, 1775)""","""Paraguay, Dep. Central, Cerro Lambaré, 1990, J. Herranz leg."""
ZK047,781.158,5.24,8.02,14.77,12.16,30.72,10.43,63.11,21.46,35.18,20.25,127.66,138.39,50.73,2,3294/3295,Sphingidae,"""Meganoton analis (Felder, 1874)""","""Vietnam, Yen Bai, V-2014, N. Son leg."""
ZK048,694.146,4.19,7.82,15.55,12.33,26.73,10.69,47.74,14.07,28.3,14.54,105.66,107.81,46.48,3,2182/2183/2184,Sphingidae,"""Agrius convolvuli (L., 1758)""","""Spain, no data"""
ZK049,859.835,3.85,8.09,15.78,12.92,27.54,11.62,48.73,14.85,29.23,15.07,107.54,110.40,47.18,6,15/644/2182-2184/2188,Sphingidae,"""Acherontia atropos (L., 1758)""","""Spain, Madrid, Tres cantos, no data"""
ZL001,64.661,1.07,3.16,6.37,3.81,8.59,3.01,22.46,12.18,17.99,13.67,41.64,48.74,16.04,2,5343/5839,Sphingidae,"""Anthela acuta Walker, 1855""","""Australia, Queensland, Ningi, X-2005, New South Wales, Gosford, 13-XI-1972"""
ZL002,34.81,0.98,2.47,4.56,3.75,8.85,2.47,18.91,10.76,15.16,11.9,35.83,41.57,14.39,1,5774,Anthelidae,"""Anthela guenei (Newman, 1856)""","""Australia, Queensland, Glenwood, 20-III-2008, B.J. Mallett leg."""
ZL003,59.133,0.84,2.98,5.76,4.23,9.53,3.34,18.72,9.86,14.78,10.10,35.84,41.68,16.14,2,3725/3726,Anthelidae,"""Prismosticta sp. (cf. fenestrata)""","""Vietnam, Quang Ngai, Bato mt., 900 m, V-2015"""
ZL004,128.255,0.52,3.28,8.58,5.84,13.16,4.45,28.58,13.50,20.3,13.60,54.64,63.01,22.26,4,3847/939/3848/3849,Endromidae,"""Endromis versicolora (L., 1758)""","""Russia, Tver region, Kimri distr., Shchelkovo, 20-VII/10-VIII-2015, A. Azarov leg., Spain, Asturias, 1976"""
ZL005,58.583,0.86,2.85,5.47,5.14,7.60,3.04,18.51,9.4,13.80,9.59,37.09,42.16,13.94,2,4063/6424,Endromidae,"""Mirina christophi (Staudinger, 1887)""","""Russia, Far East, Primorye, Skotovsky distr., Anisimovka, K. Prokopenko leg., 30-IV-2015, 6-VI-2015, V. Golovizin leg."""
ZL006,172.68,0.76,3.72,7.06,6.48,12.5,4.54,31.42,15.61,22.15,15.47,56.92,69.32,20.32,1,2866,Endromidae,"""Mirina confucia Zolotuhin & Witt, 2000""","""Thailand, Changwat Chiang Mai, Mt. Doi Phahompok, 2110 m, 12-II-2013, A. Szabó leg."""
ZL007,65.974,0.97,3.20,6.22,3.77,9.85,3.54,21.94,11.01,17.94,10.94,41.32,47.67,17.04,5,3144/4988-4991,Endromidae,"""Andraca (Chrypathemola) nobilorum Zolothunin, 2012""","""Vietnam, Quang Ngai, Mt. Bato, 950 m, X-2014, T. Le Luong leg., Kon Tum, Ngoc Linh Mt., 1700 m, II-2017"""
ZL008,218.550,0.45,3.56,7.91,6.95,10.96,6.02,25.31,11.24,16.3,12.06,51.04,57.58,19.33,2,2301/2344,Endromidae,"""Mustilia sphingiformis Moore, 1879""","""Vietnam, Thua Thien-Hue prov., Thanh pho Hue, 2012, Sapa mt., Lao Cai prov., 1800 m, VIII-2013"""
ZL009,60.36,0.57,2.89,4.96,4.2,8.74,4.56,22.15,10.58,15.13,9.7,43.16,48.50,14.27,1,2302,Endromidae,"""Mustilia sp. A""","""Vietnam, Thua Thien-Hue prov., Thanh pho Hue, 2012"""
ZL011,79.78,0.21,3.23,8.84,5.24,11.8,4.35,24.57,10.82,13.72,10.92,47.23,54.38,20.85,1,3078,Endromidae,"""Mustilia sp. B (falcipennis, glabrata)""","""Vietnam, Quang Ngai, Mt. Bato, 950 m, IX-2014"""
ZL012,143.172,0.80,3.88,7.88,6.47,12.28,4.69,26.06,12.87,15.87,12.74,48.82,58.61,20.97,8,2389/2421/4992-4997,Endromidae,"""Mustilizans hepatica (Moore, 1879)""","""Vietnam, Di Linh mt., Lam Dong, 900 m, 2013, Kon Tum, Ngoc Linh Mt., 1700 m, XII-2016"""
ZL013,80.531,0.64,3.01,5.80,4.58,11.04,3.52,21.82,9.96,15.01,10.31,41.40,48.22,17.49,3,4061/5068/5069,Endromidae,"""Oberthueria caeca (Oberthür, 1881)""","""Russia, Primorsky krai near Vladivostok, Shamarski mt. pass, 28-VI-2015, Skotovsky distr., Anisimovka, 23-V-2016, V. Golovizin leg."""
